row_type,year,race_name,session_name,session_kind,team,reference_driver_code,comparison_driver_code,reference_lap_number,comparison_lap_number,reference_lap_time_s,comparison_lap_time_s,matched_gap_s,compound,reference_stint,comparison_stint,stint_lap_index,weather_bucket,track_status_bucket,reference_position_start,reference_position_end,comparison_position_start,comparison_position_end,skip_reason
matched_pair,2026,Australian Grand Prix,Race,race,Alpine,COL,GAS,3.0,14.0,86.935,85.748,-1.1869999999999976,HARD,1.0,2.0,3,dry,green,16.0,16.0,11.0,11.0,
matched_pair,2026,Australian Grand Prix,Race,race,Alpine,COL,GAS,4.0,15.0,86.812,84.823,-1.9890000000000043,HARD,1.0,2.0,4,dry,green,16.0,16.0,11.0,11.0,
matched_pair,2026,Australian Grand Prix,Race,race,Alpine,COL,GAS,5.0,16.0,87.512,84.69,-2.8220000000000027,HARD,1.0,2.0,5,dry,green,16.0,16.0,11.0,11.0,
matched_pair,2026,Australian Grand Prix,Race,race,Alpine,COL,GAS,6.0,17.0,87.513,85.203,-2.3100000000000023,HARD,1.0,2.0,6,dry,green,16.0,15.0,11.0,11.0,
matched_pair,2026,Australian Grand Prix,Race,race,Alpine,COL,GAS,20.0,22.0,85.331,84.586,-0.7450000000000045,HARD,2.0,2.0,11,dry,green,15.0,15.0,10.0,10.0,
matched_pair,2026,Australian Grand Prix,Race,race,Alpine,COL,GAS,21.0,23.0,84.932,84.499,-0.43300000000000693,HARD,2.0,2.0,12,dry,green,15.0,15.0,10.0,10.0,
matched_pair,2026,Australian Grand Prix,Race,race,Alpine,COL,GAS,22.0,24.0,85.011,84.852,-0.15899999999999181,HARD,2.0,2.0,13,dry,green,15.0,15.0,10.0,10.0,
matched_pair,2026,Australian Grand Prix,Race,race,Alpine,COL,GAS,23.0,25.0,85.136,84.54,-0.5959999999999894,HARD,2.0,2.0,14,dry,green,15.0,15.0,10.0,10.0,
matched_pair,2026,Australian Grand Prix,Race,race,Alpine,COL,GAS,24.0,26.0,85.449,84.771,-0.6779999999999973,HARD,2.0,2.0,15,dry,green,15.0,15.0,10.0,10.0,
matched_pair,2026,Australian Grand Prix,Race,race,Alpine,COL,GAS,25.0,27.0,85.225,84.661,-0.563999999999993,HARD,2.0,2.0,16,dry,green,15.0,15.0,10.0,10.0,
matched_pair,2026,Australian Grand Prix,Race,race,Alpine,COL,GAS,26.0,28.0,85.174,84.795,-0.3790000000000049,HARD,2.0,2.0,17,dry,green,15.0,15.0,10.0,10.0,
matched_pair,2026,Australian Grand Prix,Race,race,Alpine,COL,GAS,27.0,29.0,85.626,85.096,-0.5300000000000011,HARD,2.0,2.0,18,dry,green,15.0,15.0,10.0,10.0,
matched_pair,2026,Australian Grand Prix,Race,race,Alpine,COL,GAS,28.0,30.0,86.172,85.242,-0.9299999999999926,HARD,2.0,2.0,19,dry,green,15.0,15.0,10.0,10.0,
matched_pair,2026,Australian Grand Prix,Race,race,Alpine,COL,GAS,29.0,31.0,86.483,85.271,-1.2120000000000033,HARD,2.0,2.0,20,dry,green,15.0,15.0,10.0,10.0,
matched_pair,2026,Australian Grand Prix,Race,race,Alpine,COL,GAS,30.0,32.0,85.566,85.202,-0.3640000000000043,HARD,2.0,2.0,21,dry,green,15.0,15.0,10.0,10.0,
matched_pair,2026,Australian Grand Prix,Race,race,Alpine,COL,GAS,34.0,36.0,86.067,85.177,-0.8899999999999864,HARD,2.0,2.0,25,dry,green,15.0,13.0,9.0,9.0,
matched_pair,2026,Australian Grand Prix,Race,race,Alpine,COL,GAS,40.0,42.0,86.665,84.879,-1.7860000000000014,HARD,2.0,2.0,31,dry,green,14.0,14.0,10.0,10.0,
matched_pair,2026,Australian Grand Prix,Race,race,Alpine,COL,GAS,41.0,43.0,86.469,84.977,-1.4919999999999902,HARD,2.0,2.0,32,dry,green,14.0,14.0,10.0,10.0,
matched_pair,2026,Australian Grand Prix,Race,race,Alpine,COL,GAS,42.0,44.0,85.275,85.028,-0.2469999999999999,HARD,2.0,2.0,33,dry,green,14.0,14.0,10.0,10.0,
matched_pair,2026,Australian Grand Prix,Race,race,Alpine,COL,GAS,44.0,46.0,85.24,85.353,0.11299999999999955,HARD,2.0,2.0,35,dry,green,14.0,14.0,10.0,10.0,
skipped_pair,2026,Australian Grand Prix,Race,race,Aston Martin,ALO,STR,,,,,,,,,,,,,,,,insufficient_matched_pairs
skipped_pair,2026,Australian Grand Prix,Race,race,Audi,BOR,HUL,,,,,,,,,,,,,,,,missing_lap_time_data
matched_pair,2026,Australian Grand Prix,Race,race,Cadillac,BOT,PER,14.0,20.0,91.389,86.49,-4.899000000000001,HARD,2.0,2.0,2,dry,green,18.0,18.0,16.0,16.0,
matched_pair,2026,Australian Grand Prix,Race,race,Cadillac,BOT,PER,15.0,21.0,91.33,87.262,-4.067999999999998,HARD,2.0,2.0,3,dry,green,18.0,18.0,16.0,16.0,
matched_pair,2026,Australian Grand Prix,Race,race,Cadillac,BOT,PER,4.0,22.0,88.057,89.083,1.0259999999999962,HARD,1.0,2.0,4,dry,green,19.0,19.0,16.0,16.0,
matched_pair,2026,Australian Grand Prix,Race,race,Cadillac,BOT,PER,5.0,23.0,87.738,87.457,-0.2810000000000059,HARD,1.0,2.0,5,dry,green,19.0,19.0,16.0,16.0,
matched_pair,2026,Australian Grand Prix,Race,race,Cadillac,BOT,PER,6.0,24.0,87.804,89.284,1.480000000000004,HARD,1.0,2.0,6,dry,green,19.0,19.0,16.0,16.0,
matched_pair,2026,Australian Grand Prix,Race,race,Cadillac,BOT,PER,7.0,25.0,87.457,87.093,-0.3639999999999901,HARD,1.0,2.0,7,dry,green,19.0,19.0,16.0,16.0,
matched_pair,2026,Australian Grand Prix,Race,race,Cadillac,BOT,PER,8.0,26.0,87.364,88.588,1.2239999999999895,HARD,1.0,2.0,8,dry,green,19.0,19.0,16.0,16.0,
matched_pair,2026,Australian Grand Prix,Race,race,Cadillac,BOT,PER,9.0,27.0,87.679,88.352,0.6730000000000018,HARD,1.0,2.0,9,dry,green,19.0,18.0,16.0,16.0,
matched_pair,2026,Australian Grand Prix,Race,race,Cadillac,BOT,PER,10.0,28.0,87.661,89.249,1.5879999999999939,HARD,1.0,2.0,10,dry,green,18.0,18.0,16.0,16.0,
matched_pair,2026,Australian Grand Prix,Race,race,Ferrari,HAM,LEC,31.0,28.0,83.129,83.089,-0.04000000000000625,HARD,2.0,2.0,3,dry,green,4.0,4.0,4.0,3.0,
matched_pair,2026,Australian Grand Prix,Race,race,Ferrari,HAM,LEC,32.0,29.0,83.185,82.987,-0.1980000000000075,HARD,2.0,2.0,4,dry,green,4.0,4.0,3.0,3.0,
matched_pair,2026,Australian Grand Prix,Race,race,Ferrari,HAM,LEC,40.0,37.0,82.55,83.236,0.686000000000007,HARD,2.0,2.0,12,dry,green,4.0,4.0,3.0,3.0,
matched_pair,2026,Australian Grand Prix,Race,race,Ferrari,HAM,LEC,41.0,38.0,82.648,82.579,-0.06900000000000261,HARD,2.0,2.0,13,dry,green,4.0,4.0,3.0,3.0,
matched_pair,2026,Australian Grand Prix,Race,race,Ferrari,HAM,LEC,42.0,39.0,82.636,82.728,0.09199999999999875,HARD,2.0,2.0,14,dry,green,4.0,4.0,3.0,3.0,
matched_pair,2026,Australian Grand Prix,Race,race,Ferrari,HAM,LEC,43.0,40.0,82.559,82.93,0.3710000000000093,HARD,2.0,2.0,15,dry,green,4.0,4.0,3.0,3.0,
matched_pair,2026,Australian Grand Prix,Race,race,Ferrari,HAM,LEC,44.0,41.0,82.837,82.995,0.15800000000000125,HARD,2.0,2.0,16,dry,green,4.0,4.0,3.0,3.0,
matched_pair,2026,Australian Grand Prix,Race,race,Ferrari,HAM,LEC,45.0,42.0,82.529,82.846,0.3170000000000073,HARD,2.0,2.0,17,dry,green,4.0,4.0,3.0,3.0,
matched_pair,2026,Australian Grand Prix,Race,race,Ferrari,HAM,LEC,46.0,43.0,82.945,82.75,-0.19499999999999318,HARD,2.0,2.0,18,dry,green,4.0,4.0,3.0,3.0,
matched_pair,2026,Australian Grand Prix,Race,race,Ferrari,HAM,LEC,47.0,44.0,82.677,83.094,0.4169999999999874,HARD,2.0,2.0,19,dry,green,4.0,4.0,3.0,3.0,
matched_pair,2026,Australian Grand Prix,Race,race,Ferrari,HAM,LEC,48.0,45.0,82.764,83.16,0.3960000000000008,HARD,2.0,2.0,20,dry,green,4.0,4.0,3.0,3.0,
matched_pair,2026,Australian Grand Prix,Race,race,Ferrari,HAM,LEC,49.0,46.0,82.835,82.894,0.05900000000001171,HARD,2.0,2.0,21,dry,green,4.0,4.0,3.0,3.0,
matched_pair,2026,Australian Grand Prix,Race,race,Ferrari,HAM,LEC,51.0,48.0,82.683,82.899,0.21599999999999397,HARD,2.0,2.0,23,dry,green,4.0,4.0,3.0,3.0,
matched_pair,2026,Australian Grand Prix,Race,race,Ferrari,HAM,LEC,52.0,49.0,83.008,83.364,0.35600000000000875,HARD,2.0,2.0,24,dry,green,4.0,4.0,3.0,3.0,
matched_pair,2026,Australian Grand Prix,Race,race,Ferrari,HAM,LEC,53.0,50.0,83.165,83.2,0.03499999999999659,HARD,2.0,2.0,25,dry,green,4.0,4.0,3.0,3.0,
matched_pair,2026,Australian Grand Prix,Race,race,Ferrari,HAM,LEC,54.0,51.0,82.554,82.989,0.4350000000000023,HARD,2.0,2.0,26,dry,green,4.0,4.0,3.0,3.0,
matched_pair,2026,Australian Grand Prix,Race,race,Ferrari,HAM,LEC,55.0,52.0,82.423,83.049,0.6260000000000048,HARD,2.0,2.0,27,dry,green,4.0,4.0,3.0,3.0,
matched_pair,2026,Australian Grand Prix,Race,race,Ferrari,HAM,LEC,56.0,53.0,82.5,83.014,0.5139999999999958,HARD,2.0,2.0,28,dry,green,4.0,4.0,3.0,3.0,
matched_pair,2026,Australian Grand Prix,Race,race,Ferrari,HAM,LEC,57.0,54.0,82.716,83.045,0.32900000000000773,HARD,2.0,2.0,29,dry,green,4.0,4.0,3.0,3.0,
matched_pair,2026,Australian Grand Prix,Race,race,Ferrari,HAM,LEC,4.0,4.0,85.066,84.553,-0.5130000000000052,MEDIUM,1.0,1.0,4,dry,green,3.0,3.0,1.0,1.0,
matched_pair,2026,Australian Grand Prix,Race,race,Ferrari,HAM,LEC,5.0,5.0,84.502,83.981,-0.5210000000000008,MEDIUM,1.0,1.0,5,dry,green,3.0,3.0,1.0,1.0,
matched_pair,2026,Australian Grand Prix,Race,race,Ferrari,HAM,LEC,6.0,6.0,84.703,84.822,0.11899999999999977,MEDIUM,1.0,1.0,6,dry,green,3.0,3.0,1.0,1.0,
matched_pair,2026,Australian Grand Prix,Race,race,Ferrari,HAM,LEC,7.0,7.0,84.365,84.034,-0.33099999999998886,MEDIUM,1.0,1.0,7,dry,green,3.0,3.0,1.0,1.0,
matched_pair,2026,Australian Grand Prix,Race,race,Ferrari,HAM,LEC,10.0,10.0,84.255,83.977,-0.2779999999999916,MEDIUM,1.0,1.0,10,dry,green,3.0,3.0,1.0,1.0,
matched_pair,2026,Australian Grand Prix,Race,race,Ferrari,HAM,LEC,11.0,11.0,84.073,83.798,-0.2749999999999915,MEDIUM,1.0,1.0,11,dry,green,3.0,3.0,1.0,1.0,
matched_pair,2026,Australian Grand Prix,Race,race,Ferrari,HAM,LEC,15.0,15.0,83.703,83.765,0.06199999999999761,MEDIUM,1.0,1.0,15,dry,green,2.0,2.0,1.0,1.0,
matched_pair,2026,Australian Grand Prix,Race,race,Ferrari,HAM,LEC,16.0,16.0,83.412,83.511,0.09899999999998954,MEDIUM,1.0,1.0,16,dry,green,2.0,2.0,1.0,1.0,
matched_pair,2026,Australian Grand Prix,Race,race,Ferrari,HAM,LEC,17.0,17.0,84.045,84.356,0.31099999999999284,MEDIUM,1.0,1.0,17,dry,green,2.0,2.0,1.0,1.0,
matched_pair,2026,Australian Grand Prix,Race,race,Ferrari,HAM,LEC,21.0,21.0,83.617,83.322,-0.2950000000000017,MEDIUM,1.0,1.0,21,dry,green,2.0,2.0,1.0,1.0,
matched_pair,2026,Australian Grand Prix,Race,race,Ferrari,HAM,LEC,22.0,22.0,83.509,83.416,-0.09300000000000352,MEDIUM,1.0,1.0,22,dry,green,2.0,2.0,1.0,1.0,
matched_pair,2026,Australian Grand Prix,Race,race,Ferrari,HAM,LEC,23.0,23.0,83.382,83.476,0.09399999999999409,MEDIUM,1.0,1.0,23,dry,green,2.0,2.0,1.0,1.0,
matched_pair,2026,Australian Grand Prix,Race,race,Ferrari,HAM,LEC,24.0,24.0,84.329,83.66,-0.6689999999999969,MEDIUM,1.0,1.0,24,dry,green,2.0,2.0,1.0,1.0,
matched_pair,2026,Australian Grand Prix,Race,race,Haas F1 Team,BEA,OCO,21.0,14.0,84.203,85.303,1.0999999999999943,HARD,2.0,2.0,3,dry,green,8.0,8.0,10.0,10.0,
matched_pair,2026,Australian Grand Prix,Race,race,Haas F1 Team,BEA,OCO,22.0,15.0,84.02,85.36,1.3400000000000034,HARD,2.0,2.0,4,dry,green,8.0,8.0,10.0,10.0,
matched_pair,2026,Australian Grand Prix,Race,race,Haas F1 Team,BEA,OCO,23.0,16.0,84.968,85.43,0.4620000000000033,HARD,2.0,2.0,5,dry,green,8.0,8.0,10.0,10.0,
matched_pair,2026,Australian Grand Prix,Race,race,Haas F1 Team,BEA,OCO,24.0,17.0,84.692,85.716,1.024000000000001,HARD,2.0,2.0,6,dry,green,8.0,8.0,10.0,10.0,
matched_pair,2026,Australian Grand Prix,Race,race,Haas F1 Team,BEA,OCO,29.0,22.0,85.315,84.821,-0.4939999999999998,HARD,2.0,2.0,11,dry,green,8.0,8.0,11.0,11.0,
matched_pair,2026,Australian Grand Prix,Race,race,Haas F1 Team,BEA,OCO,30.0,23.0,84.509,84.65,0.14100000000000534,HARD,2.0,2.0,12,dry,green,8.0,8.0,11.0,11.0,
matched_pair,2026,Australian Grand Prix,Race,race,Haas F1 Team,BEA,OCO,31.0,24.0,84.627,85.255,0.6280000000000001,HARD,2.0,2.0,13,dry,green,8.0,8.0,11.0,11.0,
matched_pair,2026,Australian Grand Prix,Race,race,Haas F1 Team,BEA,OCO,32.0,25.0,85.006,84.424,-0.5819999999999936,HARD,2.0,2.0,14,dry,green,8.0,8.0,11.0,11.0,
matched_pair,2026,Australian Grand Prix,Race,race,Haas F1 Team,BEA,OCO,35.0,28.0,84.914,84.737,-0.1770000000000067,HARD,2.0,2.0,17,dry,green,8.0,7.0,11.0,11.0,
matched_pair,2026,Australian Grand Prix,Race,race,Haas F1 Team,BEA,OCO,36.0,29.0,84.598,84.769,0.17100000000000648,HARD,2.0,2.0,18,dry,green,7.0,7.0,11.0,11.0,
matched_pair,2026,Australian Grand Prix,Race,race,Haas F1 Team,BEA,OCO,37.0,30.0,84.5,84.966,0.465999999999994,HARD,2.0,2.0,19,dry,green,7.0,7.0,11.0,11.0,
matched_pair,2026,Australian Grand Prix,Race,race,Haas F1 Team,BEA,OCO,38.0,31.0,85.093,85.307,0.21399999999999864,HARD,2.0,2.0,20,dry,green,7.0,8.0,11.0,11.0,
matched_pair,2026,Australian Grand Prix,Race,race,Haas F1 Team,BEA,OCO,39.0,32.0,84.756,85.045,0.2890000000000015,HARD,2.0,2.0,21,dry,green,8.0,8.0,11.0,11.0,
matched_pair,2026,Australian Grand Prix,Race,race,Haas F1 Team,BEA,OCO,42.0,35.0,84.503,85.199,0.695999999999998,HARD,2.0,2.0,24,dry,green,7.0,7.0,10.0,10.0,
matched_pair,2026,Australian Grand Prix,Race,race,Haas F1 Team,BEA,OCO,43.0,36.0,84.549,85.018,0.4689999999999941,HARD,2.0,2.0,25,dry,green,7.0,7.0,10.0,10.0,
matched_pair,2026,Australian Grand Prix,Race,race,Haas F1 Team,BEA,OCO,44.0,37.0,84.612,85.462,0.8500000000000085,HARD,2.0,2.0,26,dry,green,7.0,7.0,10.0,9.0,
matched_pair,2026,Australian Grand Prix,Race,race,Haas F1 Team,BEA,OCO,46.0,39.0,84.55,85.913,1.3629999999999995,HARD,2.0,2.0,28,dry,green,7.0,7.0,10.0,11.0,
matched_pair,2026,Australian Grand Prix,Race,race,Haas F1 Team,BEA,OCO,47.0,40.0,84.76,85.433,0.6730000000000018,HARD,2.0,2.0,29,dry,green,7.0,7.0,11.0,11.0,
matched_pair,2026,Australian Grand Prix,Race,race,Haas F1 Team,BEA,OCO,48.0,41.0,84.404,85.164,0.7600000000000051,HARD,2.0,2.0,30,dry,green,7.0,7.0,11.0,11.0,
matched_pair,2026,Australian Grand Prix,Race,race,Haas F1 Team,BEA,OCO,49.0,42.0,84.281,85.249,0.9679999999999893,HARD,2.0,2.0,31,dry,green,7.0,7.0,11.0,11.0,
matched_pair,2026,Australian Grand Prix,Race,race,Haas F1 Team,BEA,OCO,50.0,43.0,84.467,85.106,0.6389999999999958,HARD,2.0,2.0,32,dry,green,7.0,7.0,11.0,11.0,
matched_pair,2026,Australian Grand Prix,Race,race,Haas F1 Team,BEA,OCO,52.0,45.0,84.264,85.228,0.9639999999999986,HARD,2.0,2.0,34,dry,green,7.0,7.0,11.0,11.0,
matched_pair,2026,Australian Grand Prix,Race,race,Haas F1 Team,BEA,OCO,53.0,46.0,84.615,86.221,1.6060000000000088,HARD,2.0,2.0,35,dry,green,7.0,7.0,11.0,11.0,
matched_pair,2026,Australian Grand Prix,Race,race,Haas F1 Team,BEA,OCO,55.0,48.0,84.5,85.019,0.5190000000000055,HARD,2.0,2.0,37,dry,green,7.0,7.0,11.0,11.0,
matched_pair,2026,Australian Grand Prix,Race,race,Haas F1 Team,BEA,OCO,3.0,3.0,86.384,86.567,0.18299999999999272,MEDIUM,1.0,1.0,3,dry,green,12.0,11.0,8.0,8.0,
matched_pair,2026,Australian Grand Prix,Race,race,Haas F1 Team,BEA,OCO,4.0,4.0,85.92,86.186,0.26600000000000534,MEDIUM,1.0,1.0,4,dry,green,11.0,11.0,8.0,8.0,
matched_pair,2026,Australian Grand Prix,Race,race,Haas F1 Team,BEA,OCO,6.0,6.0,85.969,85.569,-0.3999999999999915,MEDIUM,1.0,1.0,6,dry,green,11.0,10.0,8.0,8.0,
matched_pair,2026,Australian Grand Prix,Race,race,Haas F1 Team,BEA,OCO,7.0,7.0,85.195,85.087,-0.10799999999998988,MEDIUM,1.0,1.0,7,dry,green,10.0,10.0,8.0,8.0,
matched_pair,2026,Australian Grand Prix,Race,race,Haas F1 Team,BEA,OCO,8.0,8.0,86.046,85.029,-1.0170000000000101,MEDIUM,1.0,1.0,8,dry,green,10.0,11.0,8.0,8.0,
matched_pair,2026,Australian Grand Prix,Race,race,Haas F1 Team,BEA,OCO,9.0,9.0,85.397,85.552,0.15500000000000114,MEDIUM,1.0,1.0,9,dry,green,11.0,11.0,8.0,8.0,
matched_pair,2026,Australian Grand Prix,Race,race,Haas F1 Team,BEA,OCO,10.0,10.0,85.668,85.632,-0.036000000000001364,MEDIUM,1.0,1.0,10,dry,green,11.0,11.0,8.0,8.0,
skipped_pair,2026,Australian Grand Prix,Race,race,McLaren,NOR,PIA,,,,,,,,,,,,,,,,missing_lap_time_data
matched_pair,2026,Australian Grand Prix,Race,race,Mercedes,ANT,RUS,15.0,15.0,83.287,82.825,-0.4620000000000033,HARD,2.0,2.0,3,dry,green,5.0,5.0,3.0,3.0,
matched_pair,2026,Australian Grand Prix,Race,race,Mercedes,ANT,RUS,17.0,17.0,83.26,82.765,-0.49500000000000455,HARD,2.0,2.0,5,dry,green,4.0,4.0,3.0,3.0,
matched_pair,2026,Australian Grand Prix,Race,race,Mercedes,ANT,RUS,21.0,21.0,82.781,82.67,-0.1110000000000042,HARD,2.0,2.0,9,dry,green,4.0,4.0,3.0,3.0,
matched_pair,2026,Australian Grand Prix,Race,race,Mercedes,ANT,RUS,22.0,22.0,82.862,82.892,0.030000000000001137,HARD,2.0,2.0,10,dry,green,4.0,4.0,3.0,3.0,
matched_pair,2026,Australian Grand Prix,Race,race,Mercedes,ANT,RUS,23.0,23.0,82.582,82.828,0.24600000000000932,HARD,2.0,2.0,11,dry,green,4.0,4.0,3.0,3.0,
matched_pair,2026,Australian Grand Prix,Race,race,Mercedes,ANT,RUS,26.0,26.0,83.138,83.093,-0.045000000000001705,HARD,2.0,2.0,14,dry,green,3.0,3.0,2.0,2.0,
matched_pair,2026,Australian Grand Prix,Race,race,Mercedes,ANT,RUS,27.0,27.0,83.103,83.188,0.08500000000000796,HARD,2.0,2.0,15,dry,green,3.0,3.0,2.0,2.0,
matched_pair,2026,Australian Grand Prix,Race,race,Mercedes,ANT,RUS,28.0,28.0,83.03,83.39,0.35999999999999943,HARD,2.0,2.0,16,dry,green,3.0,2.0,2.0,1.0,
matched_pair,2026,Australian Grand Prix,Race,race,Mercedes,ANT,RUS,30.0,30.0,82.889,83.272,0.3830000000000098,HARD,2.0,2.0,18,dry,green,2.0,2.0,1.0,1.0,
matched_pair,2026,Australian Grand Prix,Race,race,Mercedes,ANT,RUS,31.0,31.0,82.88,83.147,0.2670000000000101,HARD,2.0,2.0,19,dry,green,2.0,2.0,1.0,1.0,
matched_pair,2026,Australian Grand Prix,Race,race,Mercedes,ANT,RUS,35.0,35.0,83.292,83.017,-0.2750000000000057,HARD,2.0,2.0,23,dry,green,2.0,2.0,1.0,1.0,
matched_pair,2026,Australian Grand Prix,Race,race,Mercedes,ANT,RUS,36.0,36.0,82.865,82.729,-0.13599999999999568,HARD,2.0,2.0,24,dry,green,2.0,2.0,1.0,1.0,
matched_pair,2026,Australian Grand Prix,Race,race,Mercedes,ANT,RUS,37.0,37.0,82.966,82.839,-0.12699999999999534,HARD,2.0,2.0,25,dry,green,2.0,2.0,1.0,1.0,
matched_pair,2026,Australian Grand Prix,Race,race,Mercedes,ANT,RUS,38.0,38.0,82.989,82.863,-0.12600000000000477,HARD,2.0,2.0,26,dry,green,2.0,2.0,1.0,1.0,
matched_pair,2026,Australian Grand Prix,Race,race,Mercedes,ANT,RUS,39.0,39.0,82.921,82.738,-0.18300000000000693,HARD,2.0,2.0,27,dry,green,2.0,2.0,1.0,1.0,
matched_pair,2026,Australian Grand Prix,Race,race,Mercedes,ANT,RUS,40.0,40.0,82.672,82.915,0.2430000000000092,HARD,2.0,2.0,28,dry,green,2.0,2.0,1.0,1.0,
matched_pair,2026,Australian Grand Prix,Race,race,Mercedes,ANT,RUS,41.0,41.0,82.928,83.073,0.14499999999999602,HARD,2.0,2.0,29,dry,green,2.0,2.0,1.0,1.0,
matched_pair,2026,Australian Grand Prix,Race,race,Mercedes,ANT,RUS,42.0,42.0,82.942,83.054,0.11200000000000898,HARD,2.0,2.0,30,dry,green,2.0,2.0,1.0,1.0,
matched_pair,2026,Australian Grand Prix,Race,race,Mercedes,ANT,RUS,43.0,43.0,83.015,82.893,-0.12199999999999989,HARD,2.0,2.0,31,dry,green,2.0,2.0,1.0,1.0,
matched_pair,2026,Australian Grand Prix,Race,race,Mercedes,ANT,RUS,44.0,44.0,83.079,82.856,-0.22299999999999898,HARD,2.0,2.0,32,dry,green,2.0,2.0,1.0,1.0,
matched_pair,2026,Australian Grand Prix,Race,race,Mercedes,ANT,RUS,47.0,47.0,83.066,83.033,-0.03300000000000125,HARD,2.0,2.0,35,dry,green,2.0,2.0,1.0,1.0,
matched_pair,2026,Australian Grand Prix,Race,race,Mercedes,ANT,RUS,48.0,48.0,82.992,83.034,0.04200000000000159,HARD,2.0,2.0,36,dry,green,2.0,2.0,1.0,1.0,
matched_pair,2026,Australian Grand Prix,Race,race,Mercedes,ANT,RUS,49.0,49.0,83.245,82.844,-0.40100000000001046,HARD,2.0,2.0,37,dry,green,2.0,2.0,1.0,1.0,
matched_pair,2026,Australian Grand Prix,Race,race,Mercedes,ANT,RUS,50.0,50.0,82.903,83.087,0.1839999999999975,HARD,2.0,2.0,38,dry,green,2.0,2.0,1.0,1.0,
matched_pair,2026,Australian Grand Prix,Race,race,Mercedes,ANT,RUS,51.0,51.0,82.625,82.762,0.13700000000000045,HARD,2.0,2.0,39,dry,green,2.0,2.0,1.0,1.0,
matched_pair,2026,Australian Grand Prix,Race,race,Mercedes,ANT,RUS,52.0,52.0,82.558,83.106,0.5479999999999876,HARD,2.0,2.0,40,dry,green,2.0,2.0,1.0,1.0,
matched_pair,2026,Australian Grand Prix,Race,race,Mercedes,ANT,RUS,53.0,53.0,82.613,83.069,0.45600000000000307,HARD,2.0,2.0,41,dry,green,2.0,2.0,1.0,1.0,
matched_pair,2026,Australian Grand Prix,Race,race,Mercedes,ANT,RUS,54.0,54.0,82.842,83.1,0.25799999999999557,HARD,2.0,2.0,42,dry,green,2.0,2.0,1.0,1.0,
matched_pair,2026,Australian Grand Prix,Race,race,Mercedes,ANT,RUS,55.0,55.0,82.928,82.67,-0.25799999999999557,HARD,2.0,2.0,43,dry,green,2.0,2.0,1.0,1.0,
matched_pair,2026,Australian Grand Prix,Race,race,Mercedes,ANT,RUS,56.0,56.0,82.603,82.757,0.15400000000001057,HARD,2.0,2.0,44,dry,green,2.0,2.0,1.0,1.0,
matched_pair,2026,Australian Grand Prix,Race,race,Mercedes,ANT,RUS,57.0,57.0,82.417,83.188,0.7710000000000008,HARD,2.0,2.0,45,dry,green,2.0,2.0,1.0,1.0,
matched_pair,2026,Australian Grand Prix,Race,race,Mercedes,ANT,RUS,4.0,4.0,85.411,84.789,-0.6219999999999999,MEDIUM,1.0,1.0,4,dry,green,6.0,6.0,2.0,2.0,
matched_pair,2026,Australian Grand Prix,Race,race,Mercedes,ANT,RUS,5.0,5.0,84.499,84.017,-0.4819999999999993,MEDIUM,1.0,1.0,5,dry,green,6.0,5.0,2.0,2.0,
matched_pair,2026,Australian Grand Prix,Race,race,Mercedes,ANT,RUS,6.0,6.0,84.024,84.639,0.6149999999999949,MEDIUM,1.0,1.0,6,dry,green,5.0,4.0,2.0,2.0,
matched_pair,2026,Australian Grand Prix,Race,race,Mercedes,ANT,RUS,7.0,7.0,83.835,84.099,0.26400000000001,MEDIUM,1.0,1.0,7,dry,green,4.0,4.0,2.0,2.0,
matched_pair,2026,Australian Grand Prix,Race,race,Mercedes,ANT,RUS,8.0,8.0,83.683,85.19,1.5069999999999908,MEDIUM,1.0,1.0,8,dry,green,4.0,4.0,2.0,2.0,
matched_pair,2026,Australian Grand Prix,Race,race,Mercedes,ANT,RUS,10.0,10.0,84.037,84.112,0.07499999999998863,MEDIUM,1.0,1.0,10,dry,green,4.0,4.0,2.0,2.0,
matched_pair,2026,Australian Grand Prix,Race,race,Racing Bulls,LAW,LIN,14.0,21.0,85.233,84.182,-1.051000000000002,HARD,2.0,2.0,3,dry,green,15.0,15.0,7.0,7.0,
matched_pair,2026,Australian Grand Prix,Race,race,Racing Bulls,LAW,LIN,15.0,22.0,86.791,84.29,-2.5009999999999906,HARD,2.0,2.0,4,dry,green,15.0,15.0,7.0,7.0,
matched_pair,2026,Australian Grand Prix,Race,race,Racing Bulls,LAW,LIN,17.0,24.0,85.839,84.554,-1.2849999999999966,HARD,2.0,2.0,6,dry,green,14.0,14.0,7.0,7.0,
matched_pair,2026,Australian Grand Prix,Race,race,Racing Bulls,LAW,LIN,20.0,27.0,85.068,84.361,-0.7069999999999936,HARD,2.0,2.0,9,dry,green,14.0,14.0,7.0,7.0,
matched_pair,2026,Australian Grand Prix,Race,race,Racing Bulls,LAW,LIN,21.0,28.0,84.91,84.475,-0.4350000000000023,HARD,2.0,2.0,10,dry,green,14.0,14.0,7.0,7.0,
matched_pair,2026,Australian Grand Prix,Race,race,Racing Bulls,LAW,LIN,22.0,29.0,85.041,84.916,-0.125,HARD,2.0,2.0,11,dry,green,14.0,14.0,7.0,7.0,
matched_pair,2026,Australian Grand Prix,Race,race,Racing Bulls,LAW,LIN,23.0,30.0,85.074,84.282,-0.7920000000000016,HARD,2.0,2.0,12,dry,green,14.0,14.0,7.0,7.0,
matched_pair,2026,Australian Grand Prix,Race,race,Racing Bulls,LAW,LIN,24.0,31.0,86.526,84.876,-1.6499999999999915,HARD,2.0,2.0,13,dry,green,14.0,14.0,7.0,7.0,
matched_pair,2026,Australian Grand Prix,Race,race,Racing Bulls,LAW,LIN,25.0,32.0,85.255,84.671,-0.583999999999989,HARD,2.0,2.0,14,dry,green,14.0,14.0,7.0,7.0,
matched_pair,2026,Australian Grand Prix,Race,race,Racing Bulls,LAW,LIN,28.0,35.0,85.377,84.536,-0.840999999999994,HARD,2.0,2.0,17,dry,green,14.0,14.0,7.0,6.0,
matched_pair,2026,Australian Grand Prix,Race,race,Racing Bulls,LAW,LIN,29.0,36.0,85.253,84.698,-0.5550000000000068,HARD,2.0,2.0,18,dry,green,14.0,14.0,6.0,6.0,
matched_pair,2026,Australian Grand Prix,Race,race,Racing Bulls,LAW,LIN,30.0,37.0,85.65,84.523,-1.1270000000000095,HARD,2.0,2.0,19,dry,green,14.0,14.0,6.0,6.0,
matched_pair,2026,Australian Grand Prix,Race,race,Racing Bulls,LAW,LIN,31.0,38.0,85.792,84.797,-0.9950000000000045,HARD,2.0,2.0,20,dry,green,14.0,14.0,6.0,6.0,
matched_pair,2026,Australian Grand Prix,Race,race,Racing Bulls,LAW,LIN,32.0,39.0,85.867,85.955,0.08799999999999386,HARD,2.0,2.0,21,dry,green,14.0,14.0,6.0,7.0,
matched_pair,2026,Australian Grand Prix,Race,race,Racing Bulls,LAW,LIN,3.0,3.0,86.869,85.497,-1.3719999999999999,MEDIUM,1.0,1.0,3,dry,green,17.0,17.0,5.0,5.0,
matched_pair,2026,Australian Grand Prix,Race,race,Racing Bulls,LAW,LIN,4.0,4.0,86.661,86.072,-0.5889999999999986,MEDIUM,1.0,1.0,4,dry,green,17.0,17.0,5.0,5.0,
matched_pair,2026,Australian Grand Prix,Race,race,Racing Bulls,LAW,LIN,5.0,5.0,87.142,86.235,-0.9069999999999965,MEDIUM,1.0,1.0,5,dry,green,17.0,17.0,5.0,6.0,
matched_pair,2026,Australian Grand Prix,Race,race,Racing Bulls,LAW,LIN,6.0,6.0,87.96,85.392,-2.567999999999998,MEDIUM,1.0,1.0,6,dry,green,17.0,17.0,6.0,6.0,
matched_pair,2026,Australian Grand Prix,Race,race,Racing Bulls,LAW,LIN,7.0,7.0,86.644,85.194,-1.4500000000000028,MEDIUM,1.0,1.0,7,dry,green,17.0,16.0,6.0,6.0,
matched_pair,2026,Australian Grand Prix,Race,race,Racing Bulls,LAW,LIN,8.0,8.0,85.888,85.26,-0.6280000000000001,MEDIUM,1.0,1.0,8,dry,green,16.0,16.0,6.0,6.0,
matched_pair,2026,Australian Grand Prix,Race,race,Racing Bulls,LAW,LIN,9.0,9.0,86.025,85.337,-0.6880000000000024,MEDIUM,1.0,1.0,9,dry,green,16.0,15.0,6.0,6.0,
matched_pair,2026,Australian Grand Prix,Race,race,Racing Bulls,LAW,LIN,10.0,10.0,85.751,85.565,-0.18600000000000705,MEDIUM,1.0,1.0,10,dry,green,15.0,15.0,6.0,6.0,
skipped_pair,2026,Australian Grand Prix,Race,race,Red Bull Racing,HAD,VER,,,,,,,,,,,,,,,,insufficient_matched_pairs
matched_pair,2026,Australian Grand Prix,Race,race,Williams,ALB,SAI,15.0,14.0,85.035,84.927,-0.10799999999998988,HARD,2.0,2.0,3,dry,green,12.0,12.0,13.0,13.0,
matched_pair,2026,Australian Grand Prix,Race,race,Williams,ALB,SAI,17.0,16.0,85.662,84.94,-0.7220000000000084,HARD,2.0,2.0,5,dry,green,13.0,13.0,13.0,12.0,
matched_pair,2026,Australian Grand Prix,Race,race,Williams,ALB,SAI,21.0,20.0,85.065,85.394,0.32900000000000773,HARD,2.0,2.0,9,dry,green,13.0,13.0,12.0,12.0,
matched_pair,2026,Australian Grand Prix,Race,race,Williams,ALB,SAI,22.0,21.0,85.297,85.409,0.11200000000000898,HARD,2.0,2.0,10,dry,green,13.0,13.0,12.0,12.0,
matched_pair,2026,Australian Grand Prix,Race,race,Williams,ALB,SAI,23.0,22.0,85.258,85.37,0.11200000000000898,HARD,2.0,2.0,11,dry,green,13.0,13.0,12.0,12.0,
matched_pair,2026,Australian Grand Prix,Race,race,Williams,ALB,SAI,24.0,23.0,85.334,85.6,0.26599999999999113,HARD,2.0,2.0,12,dry,green,13.0,13.0,12.0,12.0,
matched_pair,2026,Australian Grand Prix,Race,race,Williams,ALB,SAI,25.0,24.0,85.569,85.704,0.1349999999999909,HARD,2.0,2.0,13,dry,green,13.0,13.0,12.0,12.0,
matched_pair,2026,Australian Grand Prix,Race,race,Williams,ALB,SAI,26.0,25.0,85.782,86.122,0.3400000000000034,HARD,2.0,2.0,14,dry,green,13.0,13.0,12.0,12.0,
matched_pair,2026,Australian Grand Prix,Race,race,Williams,ALB,SAI,27.0,26.0,85.734,86.141,0.4070000000000107,HARD,2.0,2.0,15,dry,green,13.0,13.0,12.0,12.0,
matched_pair,2026,Australian Grand Prix,Race,race,Williams,ALB,SAI,28.0,27.0,86.642,86.124,-0.5180000000000007,HARD,2.0,2.0,16,dry,green,13.0,13.0,12.0,12.0,
matched_pair,2026,Australian Grand Prix,Race,race,Williams,ALB,SAI,29.0,28.0,86.614,86.796,0.18200000000000216,HARD,2.0,2.0,17,dry,green,13.0,12.0,12.0,12.0,
matched_pair,2026,Australian Grand Prix,Race,race,Williams,ALB,SAI,32.0,31.0,86.459,86.639,0.1799999999999926,HARD,2.0,2.0,20,dry,green,12.0,12.0,13.0,13.0,
matched_pair,2026,Australian Grand Prix,Race,race,Williams,ALB,SAI,2.0,35.0,87.78,84.881,-2.899000000000001,MEDIUM,1.0,3.0,2,dry,green,12.0,13.0,15.0,15.0,
matched_pair,2026,Australian Grand Prix,Race,race,Williams,ALB,SAI,3.0,36.0,87.512,84.804,-2.7079999999999984,MEDIUM,1.0,3.0,3,dry,green,13.0,13.0,15.0,15.0,
matched_pair,2026,Australian Grand Prix,Race,race,Williams,ALB,SAI,7.0,40.0,85.688,86.222,0.5339999999999918,MEDIUM,1.0,3.0,7,dry,green,13.0,13.0,15.0,15.0,
matched_pair,2026,Australian Grand Prix,Race,race,Williams,ALB,SAI,8.0,41.0,85.558,86.717,1.1589999999999918,MEDIUM,1.0,3.0,8,dry,green,13.0,13.0,15.0,15.0,
matched_pair,2026,Australian Grand Prix,Race,race,Williams,ALB,SAI,9.0,42.0,85.728,85.361,-0.3669999999999902,MEDIUM,1.0,3.0,9,dry,green,13.0,13.0,15.0,15.0,
matched_pair,2026,Australian Grand Prix,Race,race,Williams,ALB,SAI,10.0,43.0,86.03,85.287,-0.742999999999995,MEDIUM,1.0,3.0,10,dry,green,13.0,13.0,15.0,15.0,
matched_pair,2026,Australian Grand Prix,Race,race,Williams,ALB,SAI,35.0,2.0,84.446,87.98,3.534000000000006,SOFT,3.0,1.0,2,dry,green,12.0,12.0,13.0,14.0,
matched_pair,2026,Australian Grand Prix,Race,race,Williams,ALB,SAI,36.0,3.0,84.375,88.093,3.7180000000000035,SOFT,3.0,1.0,3,dry,green,12.0,12.0,14.0,15.0,
matched_pair,2026,Australian Grand Prix,Race,race,Williams,ALB,SAI,37.0,4.0,85.052,87.216,2.1639999999999873,SOFT,3.0,1.0,4,dry,green,12.0,12.0,15.0,15.0,
matched_pair,2026,Australian Grand Prix,Race,race,Williams,ALB,SAI,39.0,6.0,84.858,86.872,2.013999999999996,SOFT,3.0,1.0,6,dry,green,12.0,12.0,15.0,14.0,
matched_pair,2026,Australian Grand Prix,Race,race,Williams,ALB,SAI,41.0,8.0,84.876,85.433,0.5570000000000022,SOFT,3.0,1.0,8,dry,green,12.0,12.0,14.0,14.0,
matched_pair,2026,Australian Grand Prix,Race,race,Williams,ALB,SAI,42.0,9.0,84.858,85.826,0.9679999999999893,SOFT,3.0,1.0,9,dry,green,12.0,12.0,14.0,14.0,
matched_pair,2026,Australian Grand Prix,Race,race,Williams,ALB,SAI,43.0,10.0,84.956,86.202,1.2459999999999951,SOFT,3.0,1.0,10,dry,green,12.0,12.0,14.0,14.0,
matched_pair,2026,Australian Grand Prix,Qualifying,qualifying,Alpine,COL,GAS,13.0,13.0,81.852,80.501,-1.350999999999999,SOFT,3.0,3.0,3,dry,green,,,,,
matched_pair,2026,Australian Grand Prix,Qualifying,qualifying,Alpine,COL,GAS,17.0,17.0,81.27,80.826,-0.4440000000000026,SOFT,4.0,4.0,3,dry,green,,,,,
matched_pair,2026,Australian Grand Prix,Qualifying,qualifying,Alpine,COL,GAS,2.0,2.0,83.393,82.674,-0.7189999999999941,SOFT,1.0,1.0,2,dry,green,,,,,
matched_pair,2026,Australian Grand Prix,Qualifying,qualifying,Alpine,COL,GAS,5.0,5.0,82.247,81.431,-0.8160000000000025,SOFT,1.0,1.0,5,dry,green,,,,,
matched_pair,2026,Australian Grand Prix,Qualifying,qualifying,Alpine,COL,GAS,9.0,9.0,81.2,81.138,-0.06199999999999761,SOFT,2.0,2.0,3,dry,green,,,,,
skipped_pair,2026,Australian Grand Prix,Qualifying,qualifying,Aston Martin,ALO,STR,,,,,,,,,,,,,,,,missing_lap_time_data
matched_pair,2026,Australian Grand Prix,Qualifying,qualifying,Audi,BOR,HUL,9.0,12.0,80.374,81.191,0.8170000000000073,SOFT,2.0,3.0,3,dry,green,,,,,
matched_pair,2026,Australian Grand Prix,Qualifying,qualifying,Audi,BOR,HUL,13.0,15.0,80.221,80.303,0.08199999999999363,SOFT,3.0,4.0,3,dry,green,,,,,
matched_pair,2026,Australian Grand Prix,Qualifying,qualifying,Audi,BOR,HUL,3.0,3.0,80.495,81.232,0.7369999999999948,SOFT,1.0,1.0,3,dry,green,,,,,
matched_pair,2026,Australian Grand Prix,Qualifying,qualifying,Audi,BOR,HUL,5.0,5.0,80.747,81.088,0.340999999999994,SOFT,1.0,1.0,5,dry,green,,,,,
skipped_pair,2026,Australian Grand Prix,Qualifying,qualifying,Cadillac,BOT,PER,,,,,,,,,,,,,,,,insufficient_matched_pairs
matched_pair,2026,Australian Grand Prix,Qualifying,qualifying,Ferrari,HAM,LEC,21.0,20.0,80.423,80.244,-0.17900000000000205,SOFT,6.0,6.0,2,dry,green,,,,,
matched_pair,2026,Australian Grand Prix,Qualifying,qualifying,Ferrari,HAM,LEC,24.0,23.0,79.478,79.327,-0.15099999999999625,SOFT,7.0,7.0,2,dry,green,,,,,
matched_pair,2026,Australian Grand Prix,Qualifying,qualifying,Ferrari,HAM,LEC,15.0,9.0,79.921,80.088,0.16699999999998738,SOFT,4.0,3.0,2,dry,green,,,,,
matched_pair,2026,Australian Grand Prix,Qualifying,qualifying,Haas F1 Team,BEA,OCO,13.0,13.0,80.655,80.491,-0.16400000000000148,SOFT,3.0,3.0,3,dry,green,,,,,
matched_pair,2026,Australian Grand Prix,Qualifying,qualifying,Haas F1 Team,BEA,OCO,17.0,17.0,80.311,81.069,0.7579999999999956,SOFT,4.0,4.0,3,dry,green,,,,,
matched_pair,2026,Australian Grand Prix,Qualifying,qualifying,Haas F1 Team,BEA,OCO,2.0,2.0,81.408,81.818,0.4099999999999966,SOFT,1.0,1.0,2,dry,green,,,,,
matched_pair,2026,Australian Grand Prix,Qualifying,qualifying,Haas F1 Team,BEA,OCO,4.0,4.0,81.247,81.264,0.016999999999995907,SOFT,1.0,1.0,4,dry,green,,,,,
matched_pair,2026,Australian Grand Prix,Qualifying,qualifying,Haas F1 Team,BEA,OCO,7.0,7.0,81.44,80.759,-0.6809999999999974,SOFT,2.0,2.0,2,dry,green,,,,,
matched_pair,2026,Australian Grand Prix,Qualifying,qualifying,Haas F1 Team,BEA,OCO,9.0,9.0,81.389,80.868,-0.5210000000000008,SOFT,2.0,2.0,4,dry,green,,,,,
matched_pair,2026,Australian Grand Prix,Qualifying,qualifying,McLaren,NOR,PIA,22.0,22.0,79.605,80.322,0.7169999999999987,SOFT,6.0,6.0,2,dry,green,,,,,
matched_pair,2026,Australian Grand Prix,Qualifying,qualifying,McLaren,NOR,PIA,25.0,25.0,79.475,79.38,-0.09499999999999886,SOFT,7.0,7.0,2,dry,green,,,,,
matched_pair,2026,Australian Grand Prix,Qualifying,qualifying,McLaren,NOR,PIA,14.0,13.0,79.882,79.582,-0.30000000000001137,SOFT,3.0,3.0,3,dry,green,,,,,
matched_pair,2026,Australian Grand Prix,Qualifying,qualifying,McLaren,NOR,PIA,17.0,16.0,79.909,79.525,-0.38400000000000034,SOFT,4.0,4.0,2,dry,green,,,,,
matched_pair,2026,Australian Grand Prix,Qualifying,qualifying,Mercedes,ANT,RUS,17.0,18.0,78.811,79.084,0.27299999999999613,SOFT,6.0,7.0,2,dry,green,,,,,
matched_pair,2026,Australian Grand Prix,Qualifying,qualifying,Mercedes,ANT,RUS,7.0,10.0,79.604,78.934,-0.6700000000000017,SOFT,2.0,4.0,2,dry,green,,,,,
matched_pair,2026,Australian Grand Prix,Qualifying,qualifying,Mercedes,ANT,RUS,10.0,13.0,79.435,78.987,-0.4480000000000075,SOFT,3.0,5.0,2,dry,green,,,,,
matched_pair,2026,Australian Grand Prix,Qualifying,qualifying,Racing Bulls,LAW,LIN,23.0,24.0,79.994,81.247,1.2530000000000001,SOFT,6.0,6.0,3,dry,green,,,,,
matched_pair,2026,Australian Grand Prix,Qualifying,qualifying,Racing Bulls,LAW,LIN,13.0,14.0,80.144,79.971,-0.17300000000000182,SOFT,3.0,3.0,3,dry,green,,,,,
matched_pair,2026,Australian Grand Prix,Qualifying,qualifying,Racing Bulls,LAW,LIN,17.0,18.0,80.211,81.3,1.0889999999999986,SOFT,4.0,4.0,3,dry,green,,,,,
skipped_pair,2026,Australian Grand Prix,Qualifying,qualifying,Red Bull Racing,HAD,VER,,,,,,,,,,,,,,,,insufficient_matched_pairs
skipped_pair,2026,Australian Grand Prix,Qualifying,qualifying,Williams,ALB,SAI,,,,,,,,,,,,,,,,missing_lap_time_data
matched_pair,2026,Chinese Grand Prix,Race,race,Alpine,COL,GAS,6.0,16.0,98.734,98.644,-0.0899999999999892,HARD,1.0,2.0,6,dry,green,6.0,6.0,10.0,9.0,
matched_pair,2026,Chinese Grand Prix,Race,race,Alpine,COL,GAS,7.0,17.0,98.805,98.238,-0.5670000000000073,HARD,1.0,2.0,7,dry,green,6.0,6.0,9.0,8.0,
matched_pair,2026,Chinese Grand Prix,Race,race,Alpine,COL,GAS,14.0,24.0,99.465,98.373,-1.0919999999999987,HARD,1.0,2.0,14,dry,green,2.0,2.0,9.0,9.0,
matched_pair,2026,Chinese Grand Prix,Race,race,Alpine,COL,GAS,15.0,25.0,98.829,98.568,-0.2609999999999957,HARD,1.0,2.0,15,dry,green,2.0,3.0,9.0,9.0,
matched_pair,2026,Chinese Grand Prix,Race,race,Alpine,COL,GAS,19.0,29.0,99.566,97.566,-2.0,HARD,1.0,2.0,19,dry,green,5.0,5.0,8.0,7.0,
matched_pair,2026,Chinese Grand Prix,Race,race,Alpine,COL,GAS,20.0,30.0,98.955,98.132,-0.8229999999999933,HARD,1.0,2.0,20,dry,green,5.0,6.0,7.0,7.0,
matched_pair,2026,Chinese Grand Prix,Race,race,Alpine,COL,GAS,21.0,31.0,99.324,97.634,-1.6899999999999977,HARD,1.0,2.0,21,dry,green,6.0,6.0,7.0,7.0,
matched_pair,2026,Chinese Grand Prix,Race,race,Alpine,COL,GAS,22.0,32.0,99.182,97.253,-1.929000000000002,HARD,1.0,2.0,22,dry,green,6.0,7.0,7.0,7.0,
matched_pair,2026,Chinese Grand Prix,Race,race,Alpine,COL,GAS,24.0,34.0,98.447,97.193,-1.2540000000000049,HARD,1.0,2.0,24,dry,green,7.0,7.0,7.0,7.0,
matched_pair,2026,Chinese Grand Prix,Race,race,Alpine,COL,GAS,25.0,35.0,98.384,97.293,-1.090999999999994,HARD,1.0,2.0,25,dry,green,7.0,7.0,7.0,7.0,
matched_pair,2026,Chinese Grand Prix,Race,race,Alpine,COL,GAS,26.0,36.0,98.07,97.103,-0.9669999999999987,HARD,1.0,2.0,26,dry,green,7.0,7.0,7.0,7.0,
matched_pair,2026,Chinese Grand Prix,Race,race,Alpine,COL,GAS,29.0,39.0,98.724,96.754,-1.9699999999999989,HARD,1.0,2.0,29,dry,green,9.0,8.0,7.0,7.0,
matched_pair,2026,Chinese Grand Prix,Race,race,Alpine,COL,GAS,30.0,40.0,98.235,96.865,-1.3700000000000045,HARD,1.0,2.0,30,dry,green,8.0,8.0,7.0,7.0,
matched_pair,2026,Chinese Grand Prix,Race,race,Alpine,COL,GAS,31.0,41.0,97.802,97.214,-0.5880000000000081,HARD,1.0,2.0,31,dry,green,8.0,8.0,7.0,7.0,
matched_pair,2026,Chinese Grand Prix,Race,race,Alpine,COL,GAS,34.0,2.0,97.233,98.917,1.6839999999999975,MEDIUM,2.0,1.0,2,dry,green,13.0,13.0,5.0,5.0,
matched_pair,2026,Chinese Grand Prix,Race,race,Alpine,COL,GAS,35.0,3.0,96.783,98.923,2.1400000000000006,MEDIUM,2.0,1.0,3,dry,green,13.0,13.0,5.0,5.0,
matched_pair,2026,Chinese Grand Prix,Race,race,Alpine,COL,GAS,36.0,4.0,97.023,98.717,1.6940000000000026,MEDIUM,2.0,1.0,4,dry,green,13.0,12.0,5.0,5.0,
matched_pair,2026,Chinese Grand Prix,Race,race,Alpine,COL,GAS,37.0,5.0,96.958,98.474,1.5160000000000053,MEDIUM,2.0,1.0,5,dry,green,12.0,12.0,5.0,5.0,
matched_pair,2026,Chinese Grand Prix,Race,race,Alpine,COL,GAS,38.0,6.0,96.819,98.298,1.4789999999999992,MEDIUM,2.0,1.0,6,dry,green,12.0,12.0,5.0,5.0,
matched_pair,2026,Chinese Grand Prix,Race,race,Alpine,COL,GAS,39.0,7.0,97.217,98.635,1.4180000000000064,MEDIUM,2.0,1.0,7,dry,green,12.0,12.0,5.0,5.0,
matched_pair,2026,Chinese Grand Prix,Race,race,Alpine,COL,GAS,40.0,8.0,96.841,98.427,1.5860000000000127,MEDIUM,2.0,1.0,8,dry,green,12.0,12.0,5.0,5.0,
matched_pair,2026,Chinese Grand Prix,Race,race,Alpine,COL,GAS,41.0,9.0,97.448,98.609,1.1610000000000014,MEDIUM,2.0,1.0,9,dry,green,12.0,11.0,5.0,5.0,
skipped_pair,2026,Chinese Grand Prix,Race,race,Aston Martin,ALO,STR,,,,,,,,,,,,,,,,insufficient_matched_pairs
skipped_pair,2026,Chinese Grand Prix,Race,race,Audi,BOR,HUL,,,,,,,,,,,,,,,,missing_lap_time_data
matched_pair,2026,Chinese Grand Prix,Race,race,Cadillac,BOT,PER,15.0,16.0,100.006,99.621,-0.3850000000000051,HARD,2.0,2.0,5,dry,green,15.0,15.0,16.0,16.0,
matched_pair,2026,Chinese Grand Prix,Race,race,Cadillac,BOT,PER,19.0,20.0,100.164,100.134,-0.030000000000001137,HARD,2.0,2.0,9,dry,green,15.0,15.0,16.0,16.0,
matched_pair,2026,Chinese Grand Prix,Race,race,Cadillac,BOT,PER,20.0,21.0,99.976,99.682,-0.29399999999999693,HARD,2.0,2.0,10,dry,green,15.0,15.0,16.0,16.0,
matched_pair,2026,Chinese Grand Prix,Race,race,Cadillac,BOT,PER,21.0,22.0,100.045,99.622,-0.4230000000000018,HARD,2.0,2.0,11,dry,green,15.0,15.0,16.0,16.0,
matched_pair,2026,Chinese Grand Prix,Race,race,Cadillac,BOT,PER,22.0,23.0,99.813,99.75,-0.06300000000000239,HARD,2.0,2.0,12,dry,green,15.0,15.0,16.0,16.0,
matched_pair,2026,Chinese Grand Prix,Race,race,Cadillac,BOT,PER,23.0,24.0,99.967,99.736,-0.23099999999999454,HARD,2.0,2.0,13,dry,green,15.0,15.0,16.0,16.0,
matched_pair,2026,Chinese Grand Prix,Race,race,Cadillac,BOT,PER,24.0,25.0,99.846,100.542,0.695999999999998,HARD,2.0,2.0,14,dry,green,15.0,15.0,16.0,16.0,
matched_pair,2026,Chinese Grand Prix,Race,race,Cadillac,BOT,PER,25.0,26.0,99.813,100.01,0.19700000000000273,HARD,2.0,2.0,15,dry,green,15.0,15.0,16.0,16.0,
matched_pair,2026,Chinese Grand Prix,Race,race,Cadillac,BOT,PER,28.0,29.0,99.636,100.437,0.8010000000000019,HARD,2.0,2.0,18,dry,green,15.0,15.0,16.0,16.0,
matched_pair,2026,Chinese Grand Prix,Race,race,Cadillac,BOT,PER,29.0,30.0,99.566,100.016,0.45000000000000284,HARD,2.0,2.0,19,dry,green,15.0,15.0,16.0,16.0,
matched_pair,2026,Chinese Grand Prix,Race,race,Cadillac,BOT,PER,30.0,31.0,99.692,99.977,0.2850000000000108,HARD,2.0,2.0,20,dry,green,15.0,14.0,16.0,16.0,
matched_pair,2026,Chinese Grand Prix,Race,race,Cadillac,BOT,PER,31.0,32.0,99.768,99.799,0.03100000000000591,HARD,2.0,2.0,21,dry,green,14.0,15.0,16.0,16.0,
matched_pair,2026,Chinese Grand Prix,Race,race,Cadillac,BOT,PER,34.0,35.0,99.695,99.48,-0.2149999999999892,HARD,2.0,2.0,24,dry,green,14.0,14.0,16.0,16.0,
matched_pair,2026,Chinese Grand Prix,Race,race,Cadillac,BOT,PER,35.0,36.0,99.539,99.551,0.012000000000000455,HARD,2.0,2.0,25,dry,green,14.0,14.0,16.0,15.0,
matched_pair,2026,Chinese Grand Prix,Race,race,Cadillac,BOT,PER,36.0,37.0,100.552,99.606,-0.9460000000000122,HARD,2.0,2.0,26,dry,green,14.0,14.0,15.0,15.0,
matched_pair,2026,Chinese Grand Prix,Race,race,Cadillac,BOT,PER,37.0,38.0,99.444,100.111,0.6670000000000016,HARD,2.0,2.0,27,dry,green,14.0,14.0,15.0,16.0,
matched_pair,2026,Chinese Grand Prix,Race,race,Cadillac,BOT,PER,38.0,39.0,100.047,99.616,-0.4309999999999974,HARD,2.0,2.0,28,dry,green,14.0,15.0,16.0,16.0,
matched_pair,2026,Chinese Grand Prix,Race,race,Cadillac,BOT,PER,39.0,40.0,99.734,99.591,-0.14300000000000068,HARD,2.0,2.0,29,dry,green,15.0,15.0,16.0,16.0,
matched_pair,2026,Chinese Grand Prix,Race,race,Cadillac,BOT,PER,40.0,41.0,100.571,100.557,-0.013999999999995794,HARD,2.0,2.0,30,dry,green,15.0,15.0,16.0,16.0,
matched_pair,2026,Chinese Grand Prix,Race,race,Cadillac,BOT,PER,41.0,42.0,100.077,99.127,-0.9500000000000028,HARD,2.0,2.0,31,dry,green,15.0,15.0,16.0,16.0,
matched_pair,2026,Chinese Grand Prix,Race,race,Cadillac,BOT,PER,42.0,43.0,99.02,101.151,2.1310000000000002,HARD,2.0,2.0,32,dry,green,15.0,15.0,16.0,16.0,
matched_pair,2026,Chinese Grand Prix,Race,race,Cadillac,BOT,PER,45.0,46.0,100.379,100.983,0.6039999999999992,HARD,2.0,2.0,35,dry,green,15.0,15.0,16.0,15.0,
matched_pair,2026,Chinese Grand Prix,Race,race,Cadillac,BOT,PER,46.0,47.0,99.658,99.88,0.2219999999999942,HARD,2.0,2.0,36,dry,green,15.0,14.0,15.0,14.0,
matched_pair,2026,Chinese Grand Prix,Race,race,Cadillac,BOT,PER,47.0,48.0,98.93,100.227,1.296999999999997,HARD,2.0,2.0,37,dry,green,14.0,13.0,14.0,14.0,
matched_pair,2026,Chinese Grand Prix,Race,race,Cadillac,BOT,PER,48.0,49.0,99.135,99.462,0.3269999999999982,HARD,2.0,2.0,38,dry,green,13.0,13.0,14.0,14.0,
matched_pair,2026,Chinese Grand Prix,Race,race,Cadillac,BOT,PER,49.0,50.0,99.212,98.523,-0.6890000000000072,HARD,2.0,2.0,39,dry,green,13.0,13.0,14.0,14.0,
matched_pair,2026,Chinese Grand Prix,Race,race,Cadillac,BOT,PER,50.0,51.0,99.327,99.014,-0.3130000000000024,HARD,2.0,2.0,40,dry,green,13.0,13.0,14.0,14.0,
matched_pair,2026,Chinese Grand Prix,Race,race,Cadillac,BOT,PER,53.0,54.0,99.353,99.076,-0.277000000000001,HARD,2.0,2.0,43,dry,green,13.0,13.0,15.0,15.0,
matched_pair,2026,Chinese Grand Prix,Race,race,Cadillac,BOT,PER,2.0,2.0,101.601,101.066,-0.5349999999999966,MEDIUM,1.0,1.0,2,dry,green,14.0,14.0,17.0,17.0,
matched_pair,2026,Chinese Grand Prix,Race,race,Cadillac,BOT,PER,3.0,3.0,101.829,101.224,-0.6049999999999898,MEDIUM,1.0,1.0,3,dry,green,14.0,15.0,17.0,17.0,
matched_pair,2026,Chinese Grand Prix,Race,race,Cadillac,BOT,PER,4.0,4.0,100.904,100.934,0.030000000000001137,MEDIUM,1.0,1.0,4,dry,green,15.0,15.0,17.0,17.0,
matched_pair,2026,Chinese Grand Prix,Race,race,Cadillac,BOT,PER,5.0,5.0,101.396,100.978,-0.41800000000000637,MEDIUM,1.0,1.0,5,dry,green,15.0,15.0,17.0,17.0,
matched_pair,2026,Chinese Grand Prix,Race,race,Cadillac,BOT,PER,6.0,6.0,100.278,100.557,0.27899999999999636,MEDIUM,1.0,1.0,6,dry,green,15.0,14.0,17.0,17.0,
matched_pair,2026,Chinese Grand Prix,Race,race,Cadillac,BOT,PER,7.0,7.0,100.875,100.918,0.043000000000006366,MEDIUM,1.0,1.0,7,dry,green,14.0,14.0,17.0,17.0,
matched_pair,2026,Chinese Grand Prix,Race,race,Cadillac,BOT,PER,8.0,8.0,101.258,101.103,-0.15500000000000114,MEDIUM,1.0,1.0,8,dry,green,14.0,14.0,17.0,17.0,
matched_pair,2026,Chinese Grand Prix,Race,race,Ferrari,HAM,LEC,15.0,15.0,97.073,97.205,0.132000000000005,HARD,2.0,2.0,5,dry,green,3.0,2.0,6.0,4.0,
matched_pair,2026,Chinese Grand Prix,Race,race,Ferrari,HAM,LEC,16.0,16.0,96.931,97.306,0.375,HARD,2.0,2.0,6,dry,green,2.0,2.0,4.0,3.0,
matched_pair,2026,Chinese Grand Prix,Race,race,Ferrari,HAM,LEC,17.0,17.0,96.697,96.877,0.1799999999999926,HARD,2.0,2.0,7,dry,green,2.0,2.0,3.0,3.0,
matched_pair,2026,Chinese Grand Prix,Race,race,Ferrari,HAM,LEC,19.0,19.0,97.103,96.861,-0.24199999999999022,HARD,2.0,2.0,9,dry,green,2.0,2.0,3.0,3.0,
matched_pair,2026,Chinese Grand Prix,Race,race,Ferrari,HAM,LEC,20.0,20.0,96.915,96.833,-0.08200000000000784,HARD,2.0,2.0,10,dry,green,2.0,2.0,3.0,3.0,
matched_pair,2026,Chinese Grand Prix,Race,race,Ferrari,HAM,LEC,21.0,21.0,96.972,96.705,-0.2669999999999959,HARD,2.0,2.0,11,dry,green,2.0,2.0,3.0,3.0,
matched_pair,2026,Chinese Grand Prix,Race,race,Ferrari,HAM,LEC,22.0,22.0,97.006,96.643,-0.36299999999999955,HARD,2.0,2.0,12,dry,green,2.0,2.0,3.0,3.0,
matched_pair,2026,Chinese Grand Prix,Race,race,Ferrari,HAM,LEC,23.0,23.0,97.049,96.813,-0.2360000000000042,HARD,2.0,2.0,13,dry,green,2.0,2.0,3.0,3.0,
matched_pair,2026,Chinese Grand Prix,Race,race,Ferrari,HAM,LEC,26.0,26.0,96.739,97.574,0.8349999999999937,HARD,2.0,2.0,16,dry,green,3.0,2.0,2.0,3.0,
matched_pair,2026,Chinese Grand Prix,Race,race,Ferrari,HAM,LEC,29.0,29.0,96.771,97.107,0.3359999999999985,HARD,2.0,2.0,19,dry,green,4.0,4.0,2.0,3.0,
matched_pair,2026,Chinese Grand Prix,Race,race,Ferrari,HAM,LEC,30.0,30.0,96.685,96.797,0.11199999999999477,HARD,2.0,2.0,20,dry,green,4.0,4.0,3.0,3.0,
matched_pair,2026,Chinese Grand Prix,Race,race,Ferrari,HAM,LEC,31.0,31.0,96.496,96.409,-0.08699999999998909,HARD,2.0,2.0,21,dry,green,4.0,4.0,3.0,3.0,
matched_pair,2026,Chinese Grand Prix,Race,race,Ferrari,HAM,LEC,32.0,32.0,96.629,96.624,-0.005000000000009663,HARD,2.0,2.0,22,dry,green,4.0,4.0,3.0,3.0,
matched_pair,2026,Chinese Grand Prix,Race,race,Ferrari,HAM,LEC,34.0,34.0,96.752,96.729,-0.022999999999996135,HARD,2.0,2.0,24,dry,green,4.0,4.0,3.0,3.0,
matched_pair,2026,Chinese Grand Prix,Race,race,Ferrari,HAM,LEC,36.0,36.0,97.001,97.247,0.2459999999999951,HARD,2.0,2.0,26,dry,green,3.0,3.0,4.0,4.0,
matched_pair,2026,Chinese Grand Prix,Race,race,Ferrari,HAM,LEC,37.0,37.0,96.649,96.767,0.117999999999995,HARD,2.0,2.0,27,dry,green,3.0,3.0,4.0,4.0,
matched_pair,2026,Chinese Grand Prix,Race,race,Ferrari,HAM,LEC,38.0,38.0,96.876,96.759,-0.11700000000000443,HARD,2.0,2.0,28,dry,green,3.0,3.0,4.0,4.0,
matched_pair,2026,Chinese Grand Prix,Race,race,Ferrari,HAM,LEC,41.0,41.0,96.471,96.84,0.3689999999999998,HARD,2.0,2.0,31,dry,green,3.0,3.0,4.0,4.0,
matched_pair,2026,Chinese Grand Prix,Race,race,Ferrari,HAM,LEC,42.0,42.0,96.516,96.795,0.27899999999999636,HARD,2.0,2.0,32,dry,green,3.0,3.0,4.0,4.0,
matched_pair,2026,Chinese Grand Prix,Race,race,Ferrari,HAM,LEC,43.0,43.0,96.218,96.584,0.36599999999999966,HARD,2.0,2.0,33,dry,green,3.0,3.0,4.0,4.0,
matched_pair,2026,Chinese Grand Prix,Race,race,Ferrari,HAM,LEC,44.0,44.0,96.24,96.649,0.409000000000006,HARD,2.0,2.0,34,dry,green,3.0,3.0,4.0,4.0,
matched_pair,2026,Chinese Grand Prix,Race,race,Ferrari,HAM,LEC,45.0,45.0,96.396,97.224,0.828000000000003,HARD,2.0,2.0,35,dry,green,3.0,3.0,4.0,4.0,
matched_pair,2026,Chinese Grand Prix,Race,race,Ferrari,HAM,LEC,46.0,46.0,96.309,96.271,-0.0379999999999967,HARD,2.0,2.0,36,dry,green,3.0,3.0,4.0,4.0,
matched_pair,2026,Chinese Grand Prix,Race,race,Ferrari,HAM,LEC,47.0,47.0,96.204,96.204,0.0,HARD,2.0,2.0,37,dry,green,3.0,3.0,4.0,4.0,
matched_pair,2026,Chinese Grand Prix,Race,race,Ferrari,HAM,LEC,48.0,48.0,96.151,96.228,0.07699999999999818,HARD,2.0,2.0,38,dry,green,3.0,3.0,4.0,4.0,
matched_pair,2026,Chinese Grand Prix,Race,race,Ferrari,HAM,LEC,49.0,49.0,96.385,96.331,-0.054000000000002046,HARD,2.0,2.0,39,dry,green,3.0,3.0,4.0,4.0,
matched_pair,2026,Chinese Grand Prix,Race,race,Ferrari,HAM,LEC,50.0,50.0,96.237,96.387,0.15000000000000568,HARD,2.0,2.0,40,dry,green,3.0,3.0,4.0,4.0,
matched_pair,2026,Chinese Grand Prix,Race,race,Ferrari,HAM,LEC,51.0,51.0,96.134,96.744,0.6099999999999994,HARD,2.0,2.0,41,dry,green,3.0,3.0,4.0,4.0,
matched_pair,2026,Chinese Grand Prix,Race,race,Ferrari,HAM,LEC,52.0,52.0,96.296,96.324,0.027999999999991587,HARD,2.0,2.0,42,dry,green,3.0,3.0,4.0,4.0,
matched_pair,2026,Chinese Grand Prix,Race,race,Ferrari,HAM,LEC,54.0,54.0,96.44,96.213,-0.22700000000000387,HARD,2.0,2.0,44,dry,green,3.0,3.0,4.0,4.0,
matched_pair,2026,Chinese Grand Prix,Race,race,Ferrari,HAM,LEC,55.0,55.0,96.092,96.134,0.04200000000000159,HARD,2.0,2.0,45,dry,green,3.0,3.0,4.0,4.0,
matched_pair,2026,Chinese Grand Prix,Race,race,Ferrari,HAM,LEC,4.0,4.0,98.234,97.835,-0.3990000000000009,MEDIUM,1.0,1.0,4,dry,green,2.0,3.0,4.0,4.0,
matched_pair,2026,Chinese Grand Prix,Race,race,Ferrari,HAM,LEC,5.0,5.0,97.636,97.863,0.22700000000000387,MEDIUM,1.0,1.0,5,dry,green,3.0,3.0,4.0,4.0,
matched_pair,2026,Chinese Grand Prix,Race,race,Ferrari,HAM,LEC,6.0,6.0,97.962,98.136,0.17399999999999238,MEDIUM,1.0,1.0,6,dry,green,3.0,3.0,4.0,4.0,
matched_pair,2026,Chinese Grand Prix,Race,race,Ferrari,HAM,LEC,7.0,7.0,98.221,97.994,-0.22700000000000387,MEDIUM,1.0,1.0,7,dry,green,3.0,3.0,4.0,4.0,
matched_pair,2026,Chinese Grand Prix,Race,race,Ferrari,HAM,LEC,8.0,8.0,97.929,97.794,-0.13500000000000512,MEDIUM,1.0,1.0,8,dry,green,3.0,3.0,4.0,4.0,
matched_pair,2026,Chinese Grand Prix,Race,race,Ferrari,HAM,LEC,9.0,9.0,98.371,98.13,-0.24099999999999966,MEDIUM,1.0,1.0,9,dry,green,3.0,3.0,4.0,4.0,
matched_pair,2026,Chinese Grand Prix,Race,race,Haas F1 Team,BEA,OCO,16.0,6.0,98.269,98.758,0.4889999999999901,HARD,2.0,1.0,6,dry,green,8.0,7.0,7.0,7.0,
matched_pair,2026,Chinese Grand Prix,Race,race,Haas F1 Team,BEA,OCO,17.0,7.0,98.343,99.086,0.742999999999995,HARD,2.0,1.0,7,dry,green,7.0,7.0,7.0,7.0,
matched_pair,2026,Chinese Grand Prix,Race,race,Haas F1 Team,BEA,OCO,25.0,15.0,97.68,99.043,1.3629999999999995,HARD,2.0,1.0,15,dry,green,5.0,5.0,4.0,5.0,
matched_pair,2026,Chinese Grand Prix,Race,race,Haas F1 Team,BEA,OCO,26.0,16.0,97.392,99.417,2.0250000000000057,HARD,2.0,1.0,16,dry,green,5.0,5.0,5.0,6.0,
matched_pair,2026,Chinese Grand Prix,Race,race,Haas F1 Team,BEA,OCO,27.0,17.0,97.405,98.357,0.9519999999999982,HARD,2.0,1.0,17,dry,green,5.0,5.0,6.0,6.0,
matched_pair,2026,Chinese Grand Prix,Race,race,Haas F1 Team,BEA,OCO,30.0,20.0,97.276,98.991,1.7150000000000034,HARD,2.0,1.0,20,dry,green,5.0,5.0,7.0,7.0,
matched_pair,2026,Chinese Grand Prix,Race,race,Haas F1 Team,BEA,OCO,31.0,21.0,97.583,99.822,2.2390000000000043,HARD,2.0,1.0,21,dry,green,5.0,5.0,7.0,8.0,
matched_pair,2026,Chinese Grand Prix,Race,race,Haas F1 Team,BEA,OCO,32.0,22.0,97.496,98.7,1.2040000000000077,HARD,2.0,1.0,22,dry,green,5.0,5.0,8.0,8.0,
matched_pair,2026,Chinese Grand Prix,Race,race,Haas F1 Team,BEA,OCO,34.0,24.0,97.395,98.85,1.4549999999999983,HARD,2.0,1.0,24,dry,green,5.0,5.0,8.0,8.0,
matched_pair,2026,Chinese Grand Prix,Race,race,Haas F1 Team,BEA,OCO,35.0,25.0,97.42,98.331,0.9110000000000014,HARD,2.0,1.0,25,dry,green,5.0,5.0,8.0,8.0,
matched_pair,2026,Chinese Grand Prix,Race,race,Haas F1 Team,BEA,OCO,36.0,26.0,97.48,97.825,0.34499999999999886,HARD,2.0,1.0,26,dry,green,5.0,5.0,8.0,8.0,
matched_pair,2026,Chinese Grand Prix,Race,race,Haas F1 Team,BEA,OCO,3.0,32.0,99.715,97.104,-2.611000000000004,MEDIUM,1.0,2.0,3,dry,green,12.0,12.0,14.0,14.0,
matched_pair,2026,Chinese Grand Prix,Race,race,Haas F1 Team,BEA,OCO,5.0,34.0,99.504,98.474,-1.0300000000000011,MEDIUM,1.0,2.0,5,dry,green,12.0,12.0,16.0,15.0,
matched_pair,2026,Chinese Grand Prix,Race,race,Haas F1 Team,BEA,OCO,6.0,35.0,98.61,98.037,-0.5729999999999933,MEDIUM,1.0,2.0,6,dry,green,12.0,11.0,15.0,15.0,
matched_pair,2026,Chinese Grand Prix,Race,race,Haas F1 Team,BEA,OCO,7.0,36.0,99.323,98.817,-0.5060000000000002,MEDIUM,1.0,2.0,7,dry,green,11.0,11.0,15.0,13.0,
matched_pair,2026,Chinese Grand Prix,Race,race,Haas F1 Team,BEA,OCO,8.0,37.0,99.436,97.83,-1.6060000000000088,MEDIUM,1.0,2.0,8,dry,green,11.0,11.0,13.0,13.0,
matched_pair,2026,Chinese Grand Prix,Race,race,Haas F1 Team,BEA,OCO,9.0,38.0,99.71,97.694,-2.015999999999991,MEDIUM,1.0,2.0,9,dry,green,11.0,9.0,13.0,13.0,
skipped_pair,2026,Chinese Grand Prix,Race,race,McLaren,NOR,PIA,,,,,,,,,,,,,,,,missing_lap_time_data
matched_pair,2026,Chinese Grand Prix,Race,race,Mercedes,ANT,RUS,16.0,16.0,96.604,97.532,0.9279999999999973,HARD,2.0,2.0,6,dry,green,1.0,1.0,6.0,4.0,
matched_pair,2026,Chinese Grand Prix,Race,race,Mercedes,ANT,RUS,17.0,17.0,96.555,96.42,-0.13500000000000512,HARD,2.0,2.0,7,dry,green,1.0,1.0,4.0,4.0,
matched_pair,2026,Chinese Grand Prix,Race,race,Mercedes,ANT,RUS,19.0,19.0,96.816,96.668,-0.14799999999999613,HARD,2.0,2.0,9,dry,green,1.0,1.0,4.0,4.0,
matched_pair,2026,Chinese Grand Prix,Race,race,Mercedes,ANT,RUS,20.0,20.0,96.762,96.617,-0.14499999999999602,HARD,2.0,2.0,10,dry,green,1.0,1.0,4.0,4.0,
matched_pair,2026,Chinese Grand Prix,Race,race,Mercedes,ANT,RUS,21.0,21.0,96.929,96.663,-0.26600000000000534,HARD,2.0,2.0,11,dry,green,1.0,1.0,4.0,4.0,
matched_pair,2026,Chinese Grand Prix,Race,race,Mercedes,ANT,RUS,22.0,22.0,96.612,96.894,0.2820000000000107,HARD,2.0,2.0,12,dry,green,1.0,1.0,4.0,4.0,
matched_pair,2026,Chinese Grand Prix,Race,race,Mercedes,ANT,RUS,23.0,23.0,96.806,96.561,-0.24499999999999034,HARD,2.0,2.0,13,dry,green,1.0,1.0,4.0,4.0,
matched_pair,2026,Chinese Grand Prix,Race,race,Mercedes,ANT,RUS,24.0,24.0,96.513,97.445,0.931999999999988,HARD,2.0,2.0,14,dry,green,1.0,1.0,4.0,4.0,
matched_pair,2026,Chinese Grand Prix,Race,race,Mercedes,ANT,RUS,26.0,26.0,96.588,97.187,0.5990000000000038,HARD,2.0,2.0,16,dry,green,1.0,1.0,4.0,4.0,
matched_pair,2026,Chinese Grand Prix,Race,race,Mercedes,ANT,RUS,29.0,29.0,96.381,96.158,-0.22299999999999898,HARD,2.0,2.0,19,dry,green,1.0,1.0,3.0,2.0,
matched_pair,2026,Chinese Grand Prix,Race,race,Mercedes,ANT,RUS,30.0,30.0,96.166,96.438,0.27200000000000557,HARD,2.0,2.0,20,dry,green,1.0,1.0,2.0,2.0,
matched_pair,2026,Chinese Grand Prix,Race,race,Mercedes,ANT,RUS,31.0,31.0,96.108,96.207,0.09899999999998954,HARD,2.0,2.0,21,dry,green,1.0,1.0,2.0,2.0,
matched_pair,2026,Chinese Grand Prix,Race,race,Mercedes,ANT,RUS,32.0,32.0,95.983,95.977,-0.006000000000000227,HARD,2.0,2.0,22,dry,green,1.0,1.0,2.0,2.0,
matched_pair,2026,Chinese Grand Prix,Race,race,Mercedes,ANT,RUS,34.0,34.0,96.021,95.852,-0.16899999999999693,HARD,2.0,2.0,24,dry,green,1.0,1.0,2.0,2.0,
matched_pair,2026,Chinese Grand Prix,Race,race,Mercedes,ANT,RUS,35.0,35.0,96.037,96.162,0.125,HARD,2.0,2.0,25,dry,green,1.0,1.0,2.0,2.0,
matched_pair,2026,Chinese Grand Prix,Race,race,Mercedes,ANT,RUS,36.0,36.0,96.014,95.914,-0.09999999999999432,HARD,2.0,2.0,26,dry,green,1.0,1.0,2.0,2.0,
matched_pair,2026,Chinese Grand Prix,Race,race,Mercedes,ANT,RUS,37.0,37.0,96.159,95.531,-0.6280000000000001,HARD,2.0,2.0,27,dry,green,1.0,1.0,2.0,2.0,
matched_pair,2026,Chinese Grand Prix,Race,race,Mercedes,ANT,RUS,38.0,38.0,95.526,95.529,0.0030000000000001137,HARD,2.0,2.0,28,dry,green,1.0,1.0,2.0,2.0,
matched_pair,2026,Chinese Grand Prix,Race,race,Mercedes,ANT,RUS,39.0,39.0,95.494,95.497,0.0030000000000001137,HARD,2.0,2.0,29,dry,green,1.0,1.0,2.0,2.0,
matched_pair,2026,Chinese Grand Prix,Race,race,Mercedes,ANT,RUS,40.0,40.0,96.15,95.636,-0.51400000000001,HARD,2.0,2.0,30,dry,green,1.0,1.0,2.0,2.0,
matched_pair,2026,Chinese Grand Prix,Race,race,Mercedes,ANT,RUS,41.0,41.0,95.343,95.641,0.2980000000000018,HARD,2.0,2.0,31,dry,green,1.0,1.0,2.0,2.0,
matched_pair,2026,Chinese Grand Prix,Race,race,Mercedes,ANT,RUS,42.0,42.0,95.93,96.661,0.7309999999999945,HARD,2.0,2.0,32,dry,green,1.0,1.0,2.0,2.0,
matched_pair,2026,Chinese Grand Prix,Race,race,Mercedes,ANT,RUS,43.0,43.0,95.936,95.644,-0.2920000000000016,HARD,2.0,2.0,33,dry,green,1.0,1.0,2.0,2.0,
matched_pair,2026,Chinese Grand Prix,Race,race,Mercedes,ANT,RUS,44.0,44.0,95.332,95.542,0.21000000000000796,HARD,2.0,2.0,34,dry,green,1.0,1.0,2.0,2.0,
matched_pair,2026,Chinese Grand Prix,Race,race,Mercedes,ANT,RUS,45.0,45.0,95.528,95.677,0.1490000000000009,HARD,2.0,2.0,35,dry,green,1.0,1.0,2.0,2.0,
matched_pair,2026,Chinese Grand Prix,Race,race,Mercedes,ANT,RUS,46.0,46.0,95.282,96.407,1.125,HARD,2.0,2.0,36,dry,green,1.0,1.0,2.0,2.0,
matched_pair,2026,Chinese Grand Prix,Race,race,Mercedes,ANT,RUS,47.0,47.0,95.501,95.668,0.1670000000000016,HARD,2.0,2.0,37,dry,green,1.0,1.0,2.0,2.0,
matched_pair,2026,Chinese Grand Prix,Race,race,Mercedes,ANT,RUS,48.0,48.0,95.706,96.095,0.3889999999999958,HARD,2.0,2.0,38,dry,green,1.0,1.0,2.0,2.0,
matched_pair,2026,Chinese Grand Prix,Race,race,Mercedes,ANT,RUS,49.0,49.0,95.523,95.87,0.3470000000000084,HARD,2.0,2.0,39,dry,green,1.0,1.0,2.0,2.0,
matched_pair,2026,Chinese Grand Prix,Race,race,Mercedes,ANT,RUS,50.0,50.0,95.659,95.681,0.02199999999999136,HARD,2.0,2.0,40,dry,green,1.0,1.0,2.0,2.0,
matched_pair,2026,Chinese Grand Prix,Race,race,Mercedes,ANT,RUS,51.0,51.0,96.011,95.531,-0.47999999999998977,HARD,2.0,2.0,41,dry,green,1.0,1.0,2.0,2.0,
matched_pair,2026,Chinese Grand Prix,Race,race,Mercedes,ANT,RUS,52.0,52.0,95.275,95.547,0.27199999999999136,HARD,2.0,2.0,42,dry,green,1.0,1.0,2.0,2.0,
matched_pair,2026,Chinese Grand Prix,Race,race,Mercedes,ANT,RUS,54.0,54.0,96.176,96.457,0.2809999999999917,HARD,2.0,2.0,44,dry,green,1.0,1.0,2.0,2.0,
matched_pair,2026,Chinese Grand Prix,Race,race,Mercedes,ANT,RUS,55.0,55.0,96.378,95.695,-0.6830000000000069,HARD,2.0,2.0,45,dry,green,1.0,1.0,2.0,2.0,
matched_pair,2026,Chinese Grand Prix,Race,race,Mercedes,ANT,RUS,4.0,4.0,97.394,97.093,-0.30100000000000193,MEDIUM,1.0,1.0,4,dry,green,1.0,1.0,3.0,2.0,
matched_pair,2026,Chinese Grand Prix,Race,race,Mercedes,ANT,RUS,5.0,5.0,97.535,97.462,-0.07299999999999329,MEDIUM,1.0,1.0,5,dry,green,1.0,1.0,2.0,2.0,
matched_pair,2026,Chinese Grand Prix,Race,race,Mercedes,ANT,RUS,6.0,6.0,97.172,97.375,0.20300000000000296,MEDIUM,1.0,1.0,6,dry,green,1.0,1.0,2.0,2.0,
matched_pair,2026,Chinese Grand Prix,Race,race,Mercedes,ANT,RUS,7.0,7.0,97.412,97.383,-0.029000000000010573,MEDIUM,1.0,1.0,7,dry,green,1.0,1.0,2.0,2.0,
matched_pair,2026,Chinese Grand Prix,Race,race,Mercedes,ANT,RUS,8.0,8.0,97.322,97.266,-0.055999999999997385,MEDIUM,1.0,1.0,8,dry,green,1.0,1.0,2.0,2.0,
matched_pair,2026,Chinese Grand Prix,Race,race,Mercedes,ANT,RUS,9.0,9.0,97.356,97.261,-0.09499999999999886,MEDIUM,1.0,1.0,9,dry,green,1.0,1.0,2.0,2.0,
matched_pair,2026,Chinese Grand Prix,Race,race,Racing Bulls,LAW,LIN,15.0,6.0,99.02,99.363,0.3430000000000035,HARD,2.0,1.0,6,dry,green,12.0,12.0,9.0,9.0,
matched_pair,2026,Chinese Grand Prix,Race,race,Racing Bulls,LAW,LIN,23.0,14.0,98.552,100.873,2.320999999999998,HARD,2.0,1.0,14,dry,green,11.0,11.0,6.0,7.0,
matched_pair,2026,Chinese Grand Prix,Race,race,Racing Bulls,LAW,LIN,24.0,15.0,98.546,99.084,0.5379999999999967,HARD,2.0,1.0,15,dry,green,11.0,11.0,7.0,7.0,
matched_pair,2026,Chinese Grand Prix,Race,race,Racing Bulls,LAW,LIN,25.0,16.0,98.599,99.328,0.7289999999999992,HARD,2.0,1.0,16,dry,green,11.0,11.0,7.0,8.0,
matched_pair,2026,Chinese Grand Prix,Race,race,Racing Bulls,LAW,LIN,29.0,20.0,98.308,99.466,1.157999999999987,HARD,2.0,1.0,20,dry,green,11.0,10.0,11.0,11.0,
matched_pair,2026,Chinese Grand Prix,Race,race,Racing Bulls,LAW,LIN,30.0,21.0,97.894,99.78,1.8859999999999957,HARD,2.0,1.0,21,dry,green,10.0,10.0,11.0,12.0,
matched_pair,2026,Chinese Grand Prix,Race,race,Racing Bulls,LAW,LIN,31.0,22.0,98.084,99.306,1.2219999999999942,HARD,2.0,1.0,22,dry,green,10.0,10.0,12.0,12.0,
matched_pair,2026,Chinese Grand Prix,Race,race,Racing Bulls,LAW,LIN,32.0,23.0,97.959,98.456,0.4969999999999999,HARD,2.0,1.0,23,dry,green,10.0,9.0,12.0,12.0,
matched_pair,2026,Chinese Grand Prix,Race,race,Racing Bulls,LAW,LIN,34.0,25.0,98.224,99.529,1.3049999999999926,HARD,2.0,1.0,25,dry,green,9.0,9.0,12.0,13.0,
matched_pair,2026,Chinese Grand Prix,Race,race,Racing Bulls,LAW,LIN,35.0,26.0,98.009,99.139,1.1299999999999955,HARD,2.0,1.0,26,dry,green,9.0,8.0,13.0,13.0,
matched_pair,2026,Chinese Grand Prix,Race,race,Racing Bulls,LAW,LIN,37.0,28.0,97.972,99.843,1.8710000000000093,HARD,2.0,1.0,28,dry,green,8.0,8.0,14.0,14.0,
matched_pair,2026,Chinese Grand Prix,Race,race,Racing Bulls,LAW,LIN,38.0,29.0,97.568,98.66,1.0919999999999987,HARD,2.0,1.0,29,dry,green,8.0,8.0,14.0,14.0,
matched_pair,2026,Chinese Grand Prix,Race,race,Racing Bulls,LAW,LIN,39.0,30.0,97.763,98.503,0.7399999999999949,HARD,2.0,1.0,30,dry,green,8.0,8.0,14.0,13.0,
matched_pair,2026,Chinese Grand Prix,Race,race,Racing Bulls,LAW,LIN,40.0,31.0,97.81,98.543,0.7330000000000041,HARD,2.0,1.0,31,dry,green,8.0,8.0,13.0,13.0,
matched_pair,2026,Chinese Grand Prix,Race,race,Racing Bulls,LAW,LIN,41.0,32.0,97.616,98.387,0.7710000000000008,HARD,2.0,1.0,32,dry,green,8.0,8.0,13.0,13.0,
matched_pair,2026,Chinese Grand Prix,Race,race,Racing Bulls,LAW,LIN,43.0,34.0,97.561,98.471,0.9099999999999966,HARD,2.0,1.0,34,dry,green,8.0,8.0,12.0,12.0,
matched_pair,2026,Chinese Grand Prix,Race,race,Racing Bulls,LAW,LIN,44.0,35.0,97.354,98.321,0.9669999999999987,HARD,2.0,1.0,35,dry,green,8.0,8.0,12.0,12.0,
matched_pair,2026,Chinese Grand Prix,Race,race,Racing Bulls,LAW,LIN,45.0,36.0,97.547,98.052,0.5050000000000097,HARD,2.0,1.0,36,dry,green,8.0,7.0,12.0,11.0,
matched_pair,2026,Chinese Grand Prix,Race,race,Racing Bulls,LAW,LIN,46.0,37.0,97.369,98.067,0.6979999999999933,HARD,2.0,1.0,37,dry,green,7.0,7.0,11.0,11.0,
matched_pair,2026,Chinese Grand Prix,Race,race,Racing Bulls,LAW,LIN,47.0,38.0,97.298,97.97,0.671999999999997,HARD,2.0,1.0,38,dry,green,7.0,7.0,11.0,11.0,
matched_pair,2026,Chinese Grand Prix,Race,race,Racing Bulls,LAW,LIN,48.0,39.0,97.443,98.031,0.5880000000000081,HARD,2.0,1.0,39,dry,green,7.0,7.0,11.0,11.0,
matched_pair,2026,Chinese Grand Prix,Race,race,Racing Bulls,LAW,LIN,49.0,40.0,97.457,98.037,0.5800000000000125,HARD,2.0,1.0,40,dry,green,7.0,7.0,11.0,11.0,
matched_pair,2026,Chinese Grand Prix,Race,race,Racing Bulls,LAW,LIN,50.0,41.0,97.201,100.061,2.8600000000000136,HARD,2.0,1.0,41,dry,green,7.0,7.0,11.0,12.0,
matched_pair,2026,Chinese Grand Prix,Race,race,Racing Bulls,LAW,LIN,2.0,44.0,99.798,96.338,-3.460000000000008,MEDIUM,1.0,2.0,2,dry,green,7.0,7.0,14.0,14.0,
matched_pair,2026,Chinese Grand Prix,Race,race,Racing Bulls,LAW,LIN,3.0,45.0,98.947,96.104,-2.8430000000000035,MEDIUM,1.0,2.0,3,dry,green,7.0,7.0,14.0,14.0,
matched_pair,2026,Chinese Grand Prix,Race,race,Racing Bulls,LAW,LIN,4.0,46.0,99.114,96.099,-3.0150000000000006,MEDIUM,1.0,2.0,4,dry,green,7.0,7.0,14.0,12.0,
matched_pair,2026,Chinese Grand Prix,Race,race,Racing Bulls,LAW,LIN,5.0,47.0,100.055,96.147,-3.9080000000000013,MEDIUM,1.0,2.0,5,dry,green,7.0,8.0,12.0,12.0,
matched_pair,2026,Chinese Grand Prix,Race,race,Racing Bulls,LAW,LIN,6.0,48.0,99.51,96.224,-3.2860000000000014,MEDIUM,1.0,2.0,6,dry,green,8.0,8.0,12.0,12.0,
matched_pair,2026,Chinese Grand Prix,Race,race,Racing Bulls,LAW,LIN,7.0,49.0,99.709,96.203,-3.5060000000000002,MEDIUM,1.0,2.0,7,dry,green,8.0,8.0,12.0,12.0,
matched_pair,2026,Chinese Grand Prix,Race,race,Racing Bulls,LAW,LIN,8.0,50.0,99.878,96.382,-3.495999999999995,MEDIUM,1.0,2.0,8,dry,green,8.0,8.0,12.0,12.0,
matched_pair,2026,Chinese Grand Prix,Race,race,Red Bull Racing,HAD,VER,23.0,22.0,98.437,98.147,-0.28999999999999204,HARD,3.0,2.0,13,dry,green,13.0,13.0,7.0,6.0,
matched_pair,2026,Chinese Grand Prix,Race,race,Red Bull Racing,HAD,VER,25.0,24.0,98.617,97.88,-0.737000000000009,HARD,3.0,2.0,15,dry,green,13.0,12.0,6.0,6.0,
matched_pair,2026,Chinese Grand Prix,Race,race,Red Bull Racing,HAD,VER,26.0,25.0,98.374,97.869,-0.5049999999999955,HARD,3.0,2.0,16,dry,green,12.0,12.0,6.0,6.0,
matched_pair,2026,Chinese Grand Prix,Race,race,Red Bull Racing,HAD,VER,28.0,27.0,98.359,97.645,-0.7139999999999986,HARD,3.0,2.0,18,dry,green,12.0,12.0,6.0,6.0,
matched_pair,2026,Chinese Grand Prix,Race,race,Red Bull Racing,HAD,VER,30.0,29.0,97.919,97.672,-0.2469999999999999,HARD,3.0,2.0,20,dry,green,11.0,11.0,6.0,6.0,
matched_pair,2026,Chinese Grand Prix,Race,race,Red Bull Racing,HAD,VER,31.0,30.0,97.868,97.587,-0.2809999999999917,HARD,3.0,2.0,21,dry,green,11.0,11.0,6.0,6.0,
matched_pair,2026,Chinese Grand Prix,Race,race,Red Bull Racing,HAD,VER,32.0,31.0,98.089,97.518,-0.570999999999998,HARD,3.0,2.0,22,dry,green,11.0,10.0,6.0,6.0,
matched_pair,2026,Chinese Grand Prix,Race,race,Red Bull Racing,HAD,VER,35.0,34.0,97.938,97.41,-0.5280000000000058,HARD,3.0,2.0,25,dry,green,10.0,9.0,6.0,6.0,
matched_pair,2026,Chinese Grand Prix,Race,race,Red Bull Racing,HAD,VER,36.0,35.0,97.754,97.49,-0.26400000000001,HARD,3.0,2.0,26,dry,green,9.0,9.0,6.0,6.0,
matched_pair,2026,Chinese Grand Prix,Race,race,Red Bull Racing,HAD,VER,37.0,36.0,97.842,97.229,-0.6129999999999995,HARD,3.0,2.0,27,dry,green,9.0,9.0,6.0,6.0,
matched_pair,2026,Chinese Grand Prix,Race,race,Red Bull Racing,HAD,VER,38.0,37.0,97.579,97.15,-0.42899999999998784,HARD,3.0,2.0,28,dry,green,9.0,9.0,6.0,6.0,
matched_pair,2026,Chinese Grand Prix,Race,race,Red Bull Racing,HAD,VER,39.0,38.0,97.653,97.063,-0.5900000000000034,HARD,3.0,2.0,29,dry,green,9.0,9.0,6.0,6.0,
matched_pair,2026,Chinese Grand Prix,Race,race,Red Bull Racing,HAD,VER,40.0,39.0,97.935,97.046,-0.8889999999999958,HARD,3.0,2.0,30,dry,green,9.0,9.0,6.0,6.0,
matched_pair,2026,Chinese Grand Prix,Race,race,Red Bull Racing,HAD,VER,41.0,40.0,97.923,97.255,-0.6680000000000064,HARD,3.0,2.0,31,dry,green,9.0,9.0,6.0,6.0,
matched_pair,2026,Chinese Grand Prix,Race,race,Red Bull Racing,HAD,VER,42.0,41.0,97.353,97.405,0.05200000000000671,HARD,3.0,2.0,32,dry,green,9.0,9.0,6.0,6.0,
matched_pair,2026,Chinese Grand Prix,Race,race,Red Bull Racing,HAD,VER,43.0,42.0,97.647,97.383,-0.26400000000001,HARD,3.0,2.0,33,dry,green,9.0,9.0,6.0,6.0,
matched_pair,2026,Chinese Grand Prix,Race,race,Red Bull Racing,HAD,VER,44.0,43.0,97.359,97.123,-0.23599999999999,HARD,3.0,2.0,34,dry,green,9.0,9.0,6.0,6.0,
matched_pair,2026,Chinese Grand Prix,Race,race,Red Bull Racing,HAD,VER,45.0,44.0,97.616,97.092,-0.5240000000000009,HARD,3.0,2.0,35,dry,green,9.0,8.0,6.0,6.0,
skipped_pair,2026,Chinese Grand Prix,Race,race,Williams,ALB,SAI,,,,,,,,,,,,,,,,missing_lap_time_data
matched_pair,2026,Chinese Grand Prix,Qualifying,qualifying,Alpine,COL,GAS,11.0,11.0,93.616,93.28,-0.3359999999999985,SOFT,4.0,3.0,2,dry,green,,,,,
matched_pair,2026,Chinese Grand Prix,Qualifying,qualifying,Alpine,COL,GAS,2.0,2.0,95.973,94.503,-1.4699999999999989,SOFT,1.0,1.0,2,dry,green,,,,,
matched_pair,2026,Chinese Grand Prix,Qualifying,qualifying,Alpine,COL,GAS,5.0,5.0,94.388,93.904,-0.48400000000000887,SOFT,2.0,2.0,2,dry,green,,,,,
matched_pair,2026,Chinese Grand Prix,Qualifying,qualifying,Alpine,COL,GAS,8.0,8.0,93.634,93.788,0.15399999999999636,SOFT,3.0,2.0,2,dry,green,,,,,
matched_pair,2026,Chinese Grand Prix,Qualifying,qualifying,Aston Martin,ALO,STR,2.0,2.0,96.338,97.069,0.7310000000000088,SOFT,1.0,1.0,2,dry,green,,,,,
matched_pair,2026,Chinese Grand Prix,Qualifying,qualifying,Aston Martin,ALO,STR,5.0,5.0,95.446,96.412,0.9660000000000082,SOFT,2.0,2.0,2,dry,green,,,,,
matched_pair,2026,Chinese Grand Prix,Qualifying,qualifying,Aston Martin,ALO,STR,8.0,8.0,95.203,95.995,0.7920000000000016,SOFT,3.0,3.0,2,dry,green,,,,,
matched_pair,2026,Chinese Grand Prix,Qualifying,qualifying,Audi,BOR,HUL,11.0,8.0,93.965,93.368,-0.5970000000000084,SOFT,4.0,3.0,2,dry,green,,,,,
matched_pair,2026,Chinese Grand Prix,Qualifying,qualifying,Audi,BOR,HUL,3.0,3.0,94.349,94.116,-0.2330000000000041,SOFT,2.0,2.0,2,dry,green,,,,,
matched_pair,2026,Chinese Grand Prix,Qualifying,qualifying,Audi,BOR,HUL,5.0,5.0,94.484,94.158,-0.3259999999999934,SOFT,2.0,2.0,4,dry,green,,,,,
skipped_pair,2026,Chinese Grand Prix,Qualifying,qualifying,Cadillac,BOT,PER,,,,,,,,,,,,,,,,insufficient_matched_pairs
matched_pair,2026,Chinese Grand Prix,Qualifying,qualifying,Ferrari,HAM,LEC,15.0,16.0,93.02,92.623,-0.39699999999999136,SOFT,5.0,5.0,2,dry,green,,,,,
matched_pair,2026,Chinese Grand Prix,Qualifying,qualifying,Ferrari,HAM,LEC,18.0,19.0,92.415,92.428,0.012999999999991019,SOFT,6.0,6.0,2,dry,green,,,,,
matched_pair,2026,Chinese Grand Prix,Qualifying,qualifying,Ferrari,HAM,LEC,8.0,9.0,92.834,92.902,0.06799999999999784,SOFT,3.0,3.0,2,dry,green,,,,,
matched_pair,2026,Chinese Grand Prix,Qualifying,qualifying,Ferrari,HAM,LEC,11.0,12.0,92.567,92.486,-0.08099999999998886,SOFT,4.0,4.0,2,dry,green,,,,,
matched_pair,2026,Chinese Grand Prix,Qualifying,qualifying,Haas F1 Team,BEA,OCO,10.0,10.0,93.197,93.538,0.340999999999994,SOFT,3.0,3.0,2,dry,green,,,,,
matched_pair,2026,Chinese Grand Prix,Qualifying,qualifying,Haas F1 Team,BEA,OCO,2.0,2.0,94.804,94.904,0.09999999999999432,SOFT,1.0,1.0,2,dry,green,,,,,
matched_pair,2026,Chinese Grand Prix,Qualifying,qualifying,Haas F1 Team,BEA,OCO,5.0,5.0,93.756,94.068,0.3119999999999976,SOFT,2.0,2.0,2,dry,green,,,,,
matched_pair,2026,Chinese Grand Prix,Qualifying,qualifying,Haas F1 Team,BEA,OCO,7.0,7.0,93.687,93.974,0.28700000000000614,SOFT,2.0,2.0,4,dry,green,,,,,
matched_pair,2026,Chinese Grand Prix,Qualifying,qualifying,McLaren,NOR,PIA,16.0,16.0,92.608,92.55,-0.058000000000006935,SOFT,5.0,5.0,2,dry,green,,,,,
matched_pair,2026,Chinese Grand Prix,Qualifying,qualifying,McLaren,NOR,PIA,19.0,19.0,92.631,92.568,-0.06300000000000239,SOFT,6.0,6.0,2,dry,green,,,,,
matched_pair,2026,Chinese Grand Prix,Qualifying,qualifying,McLaren,NOR,PIA,8.0,8.0,93.271,93.364,0.09300000000000352,SOFT,3.0,3.0,2,dry,green,,,,,
matched_pair,2026,Chinese Grand Prix,Qualifying,qualifying,McLaren,NOR,PIA,11.0,11.0,93.024,93.13,0.10599999999999454,SOFT,4.0,4.0,2,dry,green,,,,,
matched_pair,2026,Chinese Grand Prix,Qualifying,qualifying,Mercedes,ANT,RUS,11.0,12.0,92.322,92.286,-0.036000000000001364,SOFT,4.0,5.0,2,dry,green,,,,,
matched_pair,2026,Chinese Grand Prix,Qualifying,qualifying,Mercedes,ANT,RUS,5.0,5.0,92.95,92.523,-0.4270000000000067,SOFT,2.0,2.0,2,dry,green,,,,,
matched_pair,2026,Chinese Grand Prix,Qualifying,qualifying,Mercedes,ANT,RUS,2.0,2.0,93.305,93.262,-0.043000000000006366,SOFT,1.0,1.0,2,dry,green,,,,,
matched_pair,2026,Chinese Grand Prix,Qualifying,qualifying,Racing Bulls,LAW,LIN,11.0,11.0,93.765,93.784,0.019000000000005457,SOFT,3.0,3.0,2,dry,green,,,,,
matched_pair,2026,Chinese Grand Prix,Qualifying,qualifying,Racing Bulls,LAW,LIN,2.0,3.0,94.731,95.035,0.30400000000000205,SOFT,1.0,1.0,2,dry,green,,,,,
matched_pair,2026,Chinese Grand Prix,Qualifying,qualifying,Racing Bulls,LAW,LIN,5.0,5.0,94.209,95.961,1.7519999999999953,SOFT,2.0,1.0,2,dry,green,,,,,
matched_pair,2026,Chinese Grand Prix,Qualifying,qualifying,Racing Bulls,LAW,LIN,8.0,8.0,94.139,93.906,-0.23299999999998988,SOFT,2.0,2.0,5,dry,green,,,,,
matched_pair,2026,Chinese Grand Prix,Qualifying,qualifying,Red Bull Racing,HAD,VER,16.0,16.0,93.354,93.334,-0.01999999999999602,SOFT,5.0,5.0,2,dry,green,,,,,
matched_pair,2026,Chinese Grand Prix,Qualifying,qualifying,Red Bull Racing,HAD,VER,19.0,19.0,93.121,93.002,-0.11899999999999977,SOFT,6.0,6.0,2,dry,green,,,,,
matched_pair,2026,Chinese Grand Prix,Qualifying,qualifying,Red Bull Racing,HAD,VER,10.0,10.0,93.352,93.179,-0.17300000000000182,SOFT,3.0,3.0,2,dry,green,,,,,
matched_pair,2026,Chinese Grand Prix,Qualifying,qualifying,Red Bull Racing,HAD,VER,13.0,13.0,93.497,93.098,-0.3990000000000009,SOFT,4.0,4.0,2,dry,green,,,,,
matched_pair,2026,Chinese Grand Prix,Qualifying,qualifying,Williams,ALB,SAI,3.0,3.0,95.501,95.352,-0.1490000000000009,SOFT,1.0,1.0,3,dry,green,,,,,
matched_pair,2026,Chinese Grand Prix,Qualifying,qualifying,Williams,ALB,SAI,6.0,6.0,95.145,96.698,1.5529999999999973,SOFT,2.0,2.0,2,dry,green,,,,,
matched_pair,2026,Chinese Grand Prix,Qualifying,qualifying,Williams,ALB,SAI,9.0,9.0,94.772,94.317,-0.4550000000000125,SOFT,3.0,3.0,2,dry,green,,,,,
matched_pair,2026,Japanese Grand Prix,Race,race,Alpine,COL,GAS,31.0,36.0,95.922,94.029,-1.8930000000000007,HARD,2.0,2.0,14,dry,green,16.0,16.0,7.0,7.0,
matched_pair,2026,Japanese Grand Prix,Race,race,Alpine,COL,GAS,32.0,37.0,95.555,93.839,-1.7160000000000082,HARD,2.0,2.0,15,dry,green,16.0,16.0,7.0,7.0,
matched_pair,2026,Japanese Grand Prix,Race,race,Alpine,COL,GAS,33.0,38.0,95.672,94.051,-1.6209999999999951,HARD,2.0,2.0,16,dry,green,16.0,16.0,7.0,7.0,
matched_pair,2026,Japanese Grand Prix,Race,race,Alpine,COL,GAS,34.0,39.0,94.76,93.691,-1.0690000000000026,HARD,2.0,2.0,17,dry,green,16.0,16.0,7.0,7.0,
matched_pair,2026,Japanese Grand Prix,Race,race,Alpine,COL,GAS,35.0,40.0,95.158,93.776,-1.382000000000005,HARD,2.0,2.0,18,dry,green,16.0,16.0,7.0,7.0,
matched_pair,2026,Japanese Grand Prix,Race,race,Alpine,COL,GAS,36.0,41.0,95.128,93.693,-1.4350000000000023,HARD,2.0,2.0,19,dry,green,16.0,16.0,7.0,7.0,
matched_pair,2026,Japanese Grand Prix,Race,race,Alpine,COL,GAS,37.0,42.0,94.952,93.891,-1.0609999999999928,HARD,2.0,2.0,20,dry,green,16.0,16.0,7.0,7.0,
matched_pair,2026,Japanese Grand Prix,Race,race,Alpine,COL,GAS,38.0,43.0,95.25,94.329,-0.9210000000000065,HARD,2.0,2.0,21,dry,green,16.0,16.0,7.0,7.0,
matched_pair,2026,Japanese Grand Prix,Race,race,Alpine,COL,GAS,39.0,44.0,95.133,94.457,-0.6760000000000019,HARD,2.0,2.0,22,dry,green,16.0,16.0,7.0,7.0,
matched_pair,2026,Japanese Grand Prix,Race,race,Alpine,COL,GAS,40.0,45.0,95.333,94.071,-1.2620000000000005,HARD,2.0,2.0,23,dry,green,16.0,16.0,7.0,7.0,
matched_pair,2026,Japanese Grand Prix,Race,race,Alpine,COL,GAS,41.0,46.0,94.512,93.861,-0.6509999999999962,HARD,2.0,2.0,24,dry,green,16.0,16.0,7.0,7.0,
matched_pair,2026,Japanese Grand Prix,Race,race,Alpine,COL,GAS,42.0,47.0,95.365,94.063,-1.3019999999999925,HARD,2.0,2.0,25,dry,green,16.0,16.0,7.0,7.0,
matched_pair,2026,Japanese Grand Prix,Race,race,Alpine,COL,GAS,43.0,48.0,94.746,94.619,-0.12699999999999534,HARD,2.0,2.0,26,dry,green,16.0,16.0,7.0,8.0,
matched_pair,2026,Japanese Grand Prix,Race,race,Alpine,COL,GAS,44.0,49.0,95.055,93.824,-1.2310000000000088,HARD,2.0,2.0,27,dry,green,16.0,16.0,8.0,7.0,
matched_pair,2026,Japanese Grand Prix,Race,race,Alpine,COL,GAS,45.0,50.0,95.358,94.222,-1.13600000000001,HARD,2.0,2.0,28,dry,green,16.0,16.0,7.0,7.0,
matched_pair,2026,Japanese Grand Prix,Race,race,Alpine,COL,GAS,46.0,51.0,94.853,93.827,-1.0259999999999962,HARD,2.0,2.0,29,dry,green,16.0,16.0,7.0,7.0,
matched_pair,2026,Japanese Grand Prix,Race,race,Alpine,COL,GAS,47.0,52.0,94.8,94.097,-0.703000000000003,HARD,2.0,2.0,30,dry,green,16.0,16.0,7.0,7.0,
matched_pair,2026,Japanese Grand Prix,Race,race,Alpine,COL,GAS,4.0,4.0,96.549,95.899,-0.6500000000000057,MEDIUM,1.0,1.0,4,dry,green,13.0,13.0,7.0,7.0,
matched_pair,2026,Japanese Grand Prix,Race,race,Alpine,COL,GAS,5.0,5.0,96.568,95.872,-0.695999999999998,MEDIUM,1.0,1.0,5,dry,green,13.0,13.0,7.0,7.0,
matched_pair,2026,Japanese Grand Prix,Race,race,Alpine,COL,GAS,7.0,7.0,96.509,95.944,-0.5649999999999977,MEDIUM,1.0,1.0,7,dry,green,13.0,13.0,7.0,7.0,
matched_pair,2026,Japanese Grand Prix,Race,race,Alpine,COL,GAS,8.0,8.0,96.428,95.566,-0.8619999999999948,MEDIUM,1.0,1.0,8,dry,green,13.0,13.0,7.0,7.0,
matched_pair,2026,Japanese Grand Prix,Race,race,Alpine,COL,GAS,9.0,9.0,96.572,95.616,-0.9560000000000031,MEDIUM,1.0,1.0,9,dry,green,13.0,13.0,7.0,7.0,
matched_pair,2026,Japanese Grand Prix,Race,race,Alpine,COL,GAS,10.0,10.0,96.649,95.871,-0.7780000000000058,MEDIUM,1.0,1.0,10,dry,green,13.0,13.0,7.0,7.0,
matched_pair,2026,Japanese Grand Prix,Race,race,Alpine,COL,GAS,11.0,11.0,96.675,95.717,-0.9579999999999984,MEDIUM,1.0,1.0,11,dry,green,13.0,13.0,7.0,7.0,
matched_pair,2026,Japanese Grand Prix,Race,race,Alpine,COL,GAS,12.0,12.0,96.922,95.524,-1.3979999999999961,MEDIUM,1.0,1.0,12,dry,green,13.0,13.0,7.0,7.0,
matched_pair,2026,Japanese Grand Prix,Race,race,Alpine,COL,GAS,14.0,14.0,96.909,96.11,-0.7990000000000066,MEDIUM,1.0,1.0,14,dry,green,13.0,13.0,7.0,7.0,
matched_pair,2026,Japanese Grand Prix,Race,race,Alpine,COL,GAS,15.0,15.0,96.841,95.94,-0.9009999999999962,MEDIUM,1.0,1.0,15,dry,green,13.0,13.0,7.0,7.0,
matched_pair,2026,Japanese Grand Prix,Race,race,Alpine,COL,GAS,16.0,16.0,96.702,95.837,-0.8649999999999949,MEDIUM,1.0,1.0,16,dry,green,13.0,13.0,7.0,7.0,
matched_pair,2026,Japanese Grand Prix,Race,race,Aston Martin,ALO,STR,2.0,2.0,98.589,98.369,-0.21999999999999886,MEDIUM,1.0,1.0,2,dry,green,20.0,20.0,22.0,21.0,
matched_pair,2026,Japanese Grand Prix,Race,race,Aston Martin,ALO,STR,3.0,3.0,98.501,98.229,-0.27200000000000557,MEDIUM,1.0,1.0,3,dry,green,20.0,20.0,21.0,21.0,
matched_pair,2026,Japanese Grand Prix,Race,race,Aston Martin,ALO,STR,4.0,4.0,98.517,98.587,0.07000000000000739,MEDIUM,1.0,1.0,4,dry,green,20.0,20.0,21.0,21.0,
matched_pair,2026,Japanese Grand Prix,Race,race,Aston Martin,ALO,STR,5.0,5.0,98.528,98.426,-0.10200000000000387,MEDIUM,1.0,1.0,5,dry,green,20.0,20.0,21.0,21.0,
matched_pair,2026,Japanese Grand Prix,Race,race,Aston Martin,ALO,STR,28.0,29.0,97.909,97.217,-0.6920000000000073,MEDIUM,3.0,3.0,5,dry,green,20.0,20.0,19.0,19.0,
matched_pair,2026,Japanese Grand Prix,Race,race,Aston Martin,ALO,STR,6.0,6.0,98.652,98.617,-0.03499999999999659,MEDIUM,1.0,1.0,6,dry,green,20.0,20.0,21.0,21.0,
matched_pair,2026,Japanese Grand Prix,Race,race,Aston Martin,ALO,STR,7.0,7.0,98.592,98.462,-0.12999999999999545,MEDIUM,1.0,1.0,7,dry,green,20.0,20.0,21.0,21.0,
matched_pair,2026,Japanese Grand Prix,Race,race,Aston Martin,ALO,STR,31.0,8.0,97.864,97.683,-0.18099999999999739,MEDIUM,3.0,1.0,8,dry,green,19.0,19.0,21.0,20.0,
matched_pair,2026,Japanese Grand Prix,Race,race,Aston Martin,ALO,STR,9.0,9.0,98.296,98.199,-0.09700000000000841,MEDIUM,1.0,1.0,9,dry,green,21.0,21.0,20.0,20.0,
matched_pair,2026,Japanese Grand Prix,Race,race,Aston Martin,ALO,STR,10.0,10.0,98.487,98.293,-0.1939999999999884,MEDIUM,1.0,1.0,10,dry,green,21.0,21.0,20.0,20.0,
matched_pair,2026,Japanese Grand Prix,Race,race,Aston Martin,ALO,STR,11.0,11.0,97.866,98.051,0.18500000000000227,MEDIUM,1.0,1.0,11,dry,green,21.0,21.0,20.0,20.0,
matched_pair,2026,Japanese Grand Prix,Race,race,Aston Martin,ALO,STR,12.0,12.0,98.235,98.622,0.38700000000000045,MEDIUM,1.0,1.0,12,dry,green,21.0,21.0,20.0,20.0,
matched_pair,2026,Japanese Grand Prix,Race,race,Aston Martin,ALO,STR,13.0,13.0,98.591,98.454,-0.13700000000000045,MEDIUM,1.0,1.0,13,dry,green,21.0,21.0,20.0,20.0,
matched_pair,2026,Japanese Grand Prix,Race,race,Aston Martin,ALO,STR,14.0,14.0,98.222,98.187,-0.03499999999999659,MEDIUM,1.0,1.0,14,dry,green,21.0,21.0,20.0,20.0,
matched_pair,2026,Japanese Grand Prix,Race,race,Aston Martin,ALO,STR,16.0,16.0,98.731,98.427,-0.30399999999998784,MEDIUM,1.0,1.0,16,dry,green,21.0,21.0,20.0,20.0,
matched_pair,2026,Japanese Grand Prix,Race,race,Aston Martin,ALO,STR,17.0,17.0,98.303,98.576,0.27299999999999613,MEDIUM,1.0,1.0,17,dry,green,21.0,21.0,20.0,20.0,
matched_pair,2026,Japanese Grand Prix,Race,race,Aston Martin,ALO,STR,18.0,18.0,98.504,98.454,-0.05000000000001137,MEDIUM,1.0,1.0,18,dry,green,21.0,21.0,20.0,20.0,
matched_pair,2026,Japanese Grand Prix,Race,race,Aston Martin,ALO,STR,19.0,19.0,98.602,98.372,-0.23000000000000398,MEDIUM,1.0,1.0,19,dry,green,21.0,21.0,20.0,20.0,
matched_pair,2026,Japanese Grand Prix,Race,race,Aston Martin,ALO,STR,20.0,20.0,98.18,98.406,0.2259999999999991,MEDIUM,1.0,1.0,20,dry,green,21.0,21.0,20.0,20.0,
matched_pair,2026,Japanese Grand Prix,Race,race,Audi,BOR,HUL,30.0,31.0,95.524,94.637,-0.8870000000000005,HARD,2.0,2.0,8,dry,green,11.0,11.0,14.0,13.0,
matched_pair,2026,Japanese Grand Prix,Race,race,Audi,BOR,HUL,31.0,32.0,95.18,94.905,-0.2750000000000057,HARD,2.0,2.0,9,dry,green,11.0,11.0,13.0,13.0,
matched_pair,2026,Japanese Grand Prix,Race,race,Audi,BOR,HUL,32.0,33.0,94.993,94.82,-0.17300000000000182,HARD,2.0,2.0,10,dry,green,11.0,11.0,13.0,13.0,
matched_pair,2026,Japanese Grand Prix,Race,race,Audi,BOR,HUL,33.0,34.0,94.891,95.027,0.13599999999999568,HARD,2.0,2.0,11,dry,green,11.0,11.0,13.0,13.0,
matched_pair,2026,Japanese Grand Prix,Race,race,Audi,BOR,HUL,34.0,35.0,95.093,95.547,0.4539999999999935,HARD,2.0,2.0,12,dry,green,11.0,11.0,13.0,13.0,
matched_pair,2026,Japanese Grand Prix,Race,race,Audi,BOR,HUL,35.0,36.0,95.767,95.386,-0.3810000000000002,HARD,2.0,2.0,13,dry,green,11.0,11.0,13.0,13.0,
matched_pair,2026,Japanese Grand Prix,Race,race,Audi,BOR,HUL,36.0,37.0,95.476,95.018,-0.4579999999999984,HARD,2.0,2.0,14,dry,green,11.0,12.0,13.0,13.0,
matched_pair,2026,Japanese Grand Prix,Race,race,Audi,BOR,HUL,37.0,38.0,95.043,94.831,-0.2120000000000033,HARD,2.0,2.0,15,dry,green,12.0,12.0,13.0,12.0,
matched_pair,2026,Japanese Grand Prix,Race,race,Audi,BOR,HUL,38.0,39.0,95.887,94.222,-1.6650000000000063,HARD,2.0,2.0,16,dry,green,12.0,13.0,12.0,12.0,
matched_pair,2026,Japanese Grand Prix,Race,race,Audi,BOR,HUL,39.0,40.0,94.641,94.132,-0.5090000000000003,HARD,2.0,2.0,17,dry,green,13.0,13.0,12.0,12.0,
matched_pair,2026,Japanese Grand Prix,Race,race,Audi,BOR,HUL,40.0,41.0,94.164,94.011,-0.1530000000000058,HARD,2.0,2.0,18,dry,green,13.0,13.0,12.0,12.0,
matched_pair,2026,Japanese Grand Prix,Race,race,Audi,BOR,HUL,41.0,42.0,94.664,94.212,-0.4519999999999982,HARD,2.0,2.0,19,dry,green,13.0,13.0,12.0,12.0,
matched_pair,2026,Japanese Grand Prix,Race,race,Audi,BOR,HUL,42.0,43.0,95.021,94.168,-0.8529999999999944,HARD,2.0,2.0,20,dry,green,13.0,13.0,12.0,12.0,
matched_pair,2026,Japanese Grand Prix,Race,race,Audi,BOR,HUL,43.0,44.0,95.143,94.426,-0.7169999999999987,HARD,2.0,2.0,21,dry,green,13.0,13.0,12.0,12.0,
matched_pair,2026,Japanese Grand Prix,Race,race,Audi,BOR,HUL,44.0,45.0,95.013,95.678,0.664999999999992,HARD,2.0,2.0,22,dry,green,13.0,13.0,12.0,12.0,
matched_pair,2026,Japanese Grand Prix,Race,race,Audi,BOR,HUL,46.0,47.0,94.786,93.732,-1.054000000000002,HARD,2.0,2.0,24,dry,green,13.0,13.0,12.0,11.0,
matched_pair,2026,Japanese Grand Prix,Race,race,Audi,BOR,HUL,47.0,48.0,94.722,94.137,-0.5849999999999937,HARD,2.0,2.0,25,dry,green,13.0,13.0,11.0,11.0,
matched_pair,2026,Japanese Grand Prix,Race,race,Audi,BOR,HUL,48.0,49.0,94.278,94.171,-0.10699999999999932,HARD,2.0,2.0,26,dry,green,13.0,13.0,11.0,11.0,
matched_pair,2026,Japanese Grand Prix,Race,race,Audi,BOR,HUL,49.0,50.0,95.055,94.177,-0.8780000000000001,HARD,2.0,2.0,27,dry,green,13.0,13.0,11.0,11.0,
matched_pair,2026,Japanese Grand Prix,Race,race,Audi,BOR,HUL,50.0,51.0,94.586,94.101,-0.48499999999999943,HARD,2.0,2.0,28,dry,green,13.0,13.0,11.0,11.0,
matched_pair,2026,Japanese Grand Prix,Race,race,Audi,BOR,HUL,51.0,52.0,94.33,93.853,-0.47700000000000387,HARD,2.0,2.0,29,dry,green,13.0,13.0,11.0,11.0,
matched_pair,2026,Japanese Grand Prix,Race,race,Audi,BOR,HUL,4.0,4.0,97.014,96.632,-0.3819999999999908,MEDIUM,1.0,1.0,4,dry,green,15.0,15.0,18.0,17.0,
matched_pair,2026,Japanese Grand Prix,Race,race,Audi,BOR,HUL,5.0,5.0,96.613,96.858,0.24500000000000455,MEDIUM,1.0,1.0,5,dry,green,15.0,15.0,17.0,17.0,
matched_pair,2026,Japanese Grand Prix,Race,race,Audi,BOR,HUL,6.0,6.0,96.651,97.522,0.8710000000000093,MEDIUM,1.0,1.0,6,dry,green,15.0,15.0,17.0,17.0,
matched_pair,2026,Japanese Grand Prix,Race,race,Audi,BOR,HUL,7.0,7.0,96.146,97.424,1.2780000000000058,MEDIUM,1.0,1.0,7,dry,green,15.0,14.0,17.0,17.0,
matched_pair,2026,Japanese Grand Prix,Race,race,Audi,BOR,HUL,8.0,8.0,96.613,97.149,0.5360000000000014,MEDIUM,1.0,1.0,8,dry,green,14.0,14.0,17.0,17.0,
matched_pair,2026,Japanese Grand Prix,Race,race,Audi,BOR,HUL,9.0,9.0,96.233,96.695,0.4619999999999891,MEDIUM,1.0,1.0,9,dry,green,14.0,14.0,17.0,17.0,
matched_pair,2026,Japanese Grand Prix,Race,race,Audi,BOR,HUL,10.0,10.0,96.263,96.943,0.6799999999999926,MEDIUM,1.0,1.0,10,dry,green,14.0,14.0,17.0,17.0,
matched_pair,2026,Japanese Grand Prix,Race,race,Audi,BOR,HUL,11.0,11.0,96.814,96.387,-0.4269999999999925,MEDIUM,1.0,1.0,11,dry,green,14.0,14.0,17.0,17.0,
matched_pair,2026,Japanese Grand Prix,Race,race,Audi,BOR,HUL,12.0,12.0,96.742,97.397,0.6550000000000011,MEDIUM,1.0,1.0,12,dry,green,14.0,14.0,17.0,17.0,
matched_pair,2026,Japanese Grand Prix,Race,race,Audi,BOR,HUL,13.0,13.0,97.393,96.972,-0.4210000000000065,MEDIUM,1.0,1.0,13,dry,green,14.0,14.0,17.0,17.0,
matched_pair,2026,Japanese Grand Prix,Race,race,Audi,BOR,HUL,14.0,14.0,96.882,96.49,-0.3920000000000101,MEDIUM,1.0,1.0,14,dry,green,14.0,14.0,17.0,17.0,
matched_pair,2026,Japanese Grand Prix,Race,race,Audi,BOR,HUL,15.0,15.0,96.508,95.778,-0.7299999999999898,MEDIUM,1.0,1.0,15,dry,green,14.0,14.0,17.0,16.0,
matched_pair,2026,Japanese Grand Prix,Race,race,Audi,BOR,HUL,16.0,16.0,97.257,96.277,-0.980000000000004,MEDIUM,1.0,1.0,16,dry,green,14.0,14.0,16.0,15.0,
matched_pair,2026,Japanese Grand Prix,Race,race,Audi,BOR,HUL,17.0,17.0,96.844,96.171,-0.6729999999999876,MEDIUM,1.0,1.0,17,dry,green,14.0,13.0,15.0,15.0,
matched_pair,2026,Japanese Grand Prix,Race,race,Audi,BOR,HUL,18.0,18.0,96.582,96.037,-0.5449999999999875,MEDIUM,1.0,1.0,18,dry,green,13.0,13.0,15.0,14.0,
matched_pair,2026,Japanese Grand Prix,Race,race,Audi,BOR,HUL,19.0,19.0,96.561,95.575,-0.9860000000000042,MEDIUM,1.0,1.0,19,dry,green,13.0,12.0,14.0,13.0,
matched_pair,2026,Japanese Grand Prix,Race,race,Audi,BOR,HUL,20.0,20.0,96.022,95.655,-0.36700000000000443,MEDIUM,1.0,1.0,20,dry,green,12.0,10.0,13.0,11.0,
matched_pair,2026,Japanese Grand Prix,Race,race,Cadillac,BOT,PER,8.0,29.0,98.658,96.293,-2.364999999999995,HARD,1.0,2.0,8,dry,green,22.0,22.0,18.0,18.0,
matched_pair,2026,Japanese Grand Prix,Race,race,Cadillac,BOT,PER,10.0,31.0,98.835,96.192,-2.6430000000000007,HARD,1.0,2.0,10,dry,green,22.0,22.0,18.0,18.0,
matched_pair,2026,Japanese Grand Prix,Race,race,Cadillac,BOT,PER,11.0,32.0,98.869,96.564,-2.305000000000007,HARD,1.0,2.0,11,dry,green,22.0,22.0,18.0,18.0,
matched_pair,2026,Japanese Grand Prix,Race,race,Cadillac,BOT,PER,12.0,33.0,99.272,96.366,-2.906000000000006,HARD,1.0,2.0,12,dry,green,22.0,22.0,18.0,18.0,
matched_pair,2026,Japanese Grand Prix,Race,race,Cadillac,BOT,PER,13.0,34.0,98.714,96.37,-2.343999999999994,HARD,1.0,2.0,13,dry,green,22.0,22.0,18.0,18.0,
matched_pair,2026,Japanese Grand Prix,Race,race,Cadillac,BOT,PER,14.0,35.0,99.447,96.07,-3.3770000000000095,HARD,1.0,2.0,14,dry,green,22.0,22.0,18.0,18.0,
matched_pair,2026,Japanese Grand Prix,Race,race,Cadillac,BOT,PER,15.0,36.0,98.951,96.238,-2.712999999999994,HARD,1.0,2.0,15,dry,green,22.0,22.0,18.0,18.0,
matched_pair,2026,Japanese Grand Prix,Race,race,Cadillac,BOT,PER,16.0,37.0,98.42,96.249,-2.1710000000000065,HARD,1.0,2.0,16,dry,green,22.0,22.0,18.0,18.0,
matched_pair,2026,Japanese Grand Prix,Race,race,Cadillac,BOT,PER,17.0,38.0,99.127,96.365,-2.7620000000000005,HARD,1.0,2.0,17,dry,green,22.0,22.0,18.0,18.0,
matched_pair,2026,Japanese Grand Prix,Race,race,Cadillac,BOT,PER,28.0,9.0,97.163,97.999,0.8359999999999985,MEDIUM,2.0,1.0,9,dry,green,21.0,21.0,19.0,19.0,
matched_pair,2026,Japanese Grand Prix,Race,race,Cadillac,BOT,PER,29.0,10.0,97.203,98.258,1.0549999999999926,MEDIUM,2.0,1.0,10,dry,green,21.0,21.0,19.0,19.0,
matched_pair,2026,Japanese Grand Prix,Race,race,Cadillac,BOT,PER,30.0,11.0,97.369,97.864,0.49500000000000455,MEDIUM,2.0,1.0,11,dry,green,21.0,21.0,19.0,19.0,
matched_pair,2026,Japanese Grand Prix,Race,race,Cadillac,BOT,PER,31.0,12.0,97.112,97.952,0.8400000000000034,MEDIUM,2.0,1.0,12,dry,green,21.0,20.0,19.0,19.0,
matched_pair,2026,Japanese Grand Prix,Race,race,Cadillac,BOT,PER,32.0,13.0,97.142,97.942,0.7999999999999972,MEDIUM,2.0,1.0,13,dry,green,20.0,20.0,19.0,19.0,
matched_pair,2026,Japanese Grand Prix,Race,race,Cadillac,BOT,PER,33.0,14.0,97.072,97.902,0.8299999999999983,MEDIUM,2.0,1.0,14,dry,green,20.0,20.0,19.0,19.0,
matched_pair,2026,Japanese Grand Prix,Race,race,Cadillac,BOT,PER,34.0,15.0,97.059,98.076,1.016999999999996,MEDIUM,2.0,1.0,15,dry,green,20.0,20.0,19.0,19.0,
matched_pair,2026,Japanese Grand Prix,Race,race,Cadillac,BOT,PER,35.0,16.0,97.169,97.789,0.6200000000000045,MEDIUM,2.0,1.0,16,dry,green,20.0,20.0,19.0,19.0,
matched_pair,2026,Japanese Grand Prix,Race,race,Cadillac,BOT,PER,36.0,17.0,97.19,97.91,0.7199999999999989,MEDIUM,2.0,1.0,17,dry,green,20.0,20.0,19.0,18.0,
matched_pair,2026,Japanese Grand Prix,Race,race,Cadillac,BOT,PER,38.0,19.0,96.853,97.961,1.108000000000004,MEDIUM,2.0,1.0,19,dry,green,20.0,20.0,18.0,19.0,
matched_pair,2026,Japanese Grand Prix,Race,race,Ferrari,HAM,LEC,34.0,29.0,93.301,93.666,0.3649999999999949,HARD,2.0,2.0,12,dry,green,3.0,3.0,5.0,5.0,
matched_pair,2026,Japanese Grand Prix,Race,race,Ferrari,HAM,LEC,35.0,30.0,93.696,93.696,0.0,HARD,2.0,2.0,13,dry,green,3.0,3.0,5.0,5.0,
matched_pair,2026,Japanese Grand Prix,Race,race,Ferrari,HAM,LEC,36.0,31.0,93.658,93.915,0.257000000000005,HARD,2.0,2.0,14,dry,green,3.0,3.0,5.0,5.0,
matched_pair,2026,Japanese Grand Prix,Race,race,Ferrari,HAM,LEC,37.0,32.0,93.934,93.494,-0.4399999999999977,HARD,2.0,2.0,15,dry,green,3.0,3.0,5.0,5.0,
matched_pair,2026,Japanese Grand Prix,Race,race,Ferrari,HAM,LEC,38.0,33.0,93.436,93.444,0.007999999999995566,HARD,2.0,2.0,16,dry,green,3.0,3.0,5.0,5.0,
matched_pair,2026,Japanese Grand Prix,Race,race,Ferrari,HAM,LEC,39.0,34.0,93.576,93.508,-0.06799999999999784,HARD,2.0,2.0,17,dry,green,3.0,3.0,5.0,5.0,
matched_pair,2026,Japanese Grand Prix,Race,race,Ferrari,HAM,LEC,40.0,35.0,93.869,93.252,-0.6170000000000044,HARD,2.0,2.0,18,dry,green,3.0,3.0,5.0,5.0,
matched_pair,2026,Japanese Grand Prix,Race,race,Ferrari,HAM,LEC,41.0,36.0,94.177,93.663,-0.51400000000001,HARD,2.0,2.0,19,dry,green,3.0,3.0,5.0,5.0,
matched_pair,2026,Japanese Grand Prix,Race,race,Ferrari,HAM,LEC,43.0,38.0,94.359,93.128,-1.2309999999999945,HARD,2.0,2.0,21,dry,green,4.0,5.0,4.0,4.0,
matched_pair,2026,Japanese Grand Prix,Race,race,Ferrari,HAM,LEC,44.0,39.0,93.636,93.457,-0.17900000000000205,HARD,2.0,2.0,22,dry,green,5.0,5.0,4.0,4.0,
matched_pair,2026,Japanese Grand Prix,Race,race,Ferrari,HAM,LEC,45.0,40.0,93.495,93.705,0.20999999999999375,HARD,2.0,2.0,23,dry,green,5.0,5.0,4.0,4.0,
matched_pair,2026,Japanese Grand Prix,Race,race,Ferrari,HAM,LEC,46.0,41.0,93.442,94.154,0.7120000000000033,HARD,2.0,2.0,24,dry,green,5.0,5.0,4.0,4.0,
matched_pair,2026,Japanese Grand Prix,Race,race,Ferrari,HAM,LEC,48.0,43.0,92.777,93.205,0.42799999999999727,HARD,2.0,2.0,26,dry,green,6.0,5.0,3.0,3.0,
matched_pair,2026,Japanese Grand Prix,Race,race,Ferrari,HAM,LEC,49.0,44.0,93.867,93.304,-0.5630000000000024,HARD,2.0,2.0,27,dry,green,5.0,5.0,3.0,3.0,
matched_pair,2026,Japanese Grand Prix,Race,race,Ferrari,HAM,LEC,52.0,47.0,94.193,93.122,-1.070999999999998,HARD,2.0,2.0,30,dry,green,6.0,6.0,3.0,3.0,
matched_pair,2026,Japanese Grand Prix,Race,race,Ferrari,HAM,LEC,2.0,2.0,95.496,95.126,-0.36999999999999034,MEDIUM,1.0,1.0,2,dry,green,5.0,6.0,2.0,2.0,
matched_pair,2026,Japanese Grand Prix,Race,race,Ferrari,HAM,LEC,3.0,3.0,95.394,95.105,-0.2890000000000015,MEDIUM,1.0,1.0,3,dry,green,6.0,6.0,2.0,2.0,
matched_pair,2026,Japanese Grand Prix,Race,race,Ferrari,HAM,LEC,5.0,5.0,95.453,95.209,-0.24399999999999977,MEDIUM,1.0,1.0,5,dry,green,6.0,6.0,3.0,3.0,
matched_pair,2026,Japanese Grand Prix,Race,race,Ferrari,HAM,LEC,6.0,6.0,95.172,95.287,0.1150000000000091,MEDIUM,1.0,1.0,6,dry,green,6.0,6.0,3.0,3.0,
matched_pair,2026,Japanese Grand Prix,Race,race,Ferrari,HAM,LEC,7.0,7.0,95.448,94.955,-0.492999999999995,MEDIUM,1.0,1.0,7,dry,green,6.0,6.0,3.0,3.0,
matched_pair,2026,Japanese Grand Prix,Race,race,Ferrari,HAM,LEC,8.0,8.0,95.565,95.458,-0.10699999999999932,MEDIUM,1.0,1.0,8,dry,green,6.0,6.0,3.0,3.0,
matched_pair,2026,Japanese Grand Prix,Race,race,Ferrari,HAM,LEC,10.0,10.0,95.166,95.146,-0.01999999999999602,MEDIUM,1.0,1.0,10,dry,green,6.0,6.0,3.0,3.0,
matched_pair,2026,Japanese Grand Prix,Race,race,Ferrari,HAM,LEC,11.0,11.0,95.434,95.145,-0.2890000000000015,MEDIUM,1.0,1.0,11,dry,green,6.0,6.0,3.0,3.0,
matched_pair,2026,Japanese Grand Prix,Race,race,Ferrari,HAM,LEC,12.0,12.0,95.161,95.201,0.03999999999999204,MEDIUM,1.0,1.0,12,dry,green,6.0,6.0,3.0,3.0,
matched_pair,2026,Japanese Grand Prix,Race,race,Ferrari,HAM,LEC,13.0,13.0,95.397,95.408,0.01099999999999568,MEDIUM,1.0,1.0,13,dry,green,6.0,6.0,3.0,3.0,
matched_pair,2026,Japanese Grand Prix,Race,race,Ferrari,HAM,LEC,14.0,14.0,95.283,95.305,0.02200000000000557,MEDIUM,1.0,1.0,14,dry,green,6.0,6.0,3.0,3.0,
matched_pair,2026,Japanese Grand Prix,Race,race,Ferrari,HAM,LEC,16.0,16.0,95.355,95.307,-0.04800000000000182,MEDIUM,1.0,1.0,16,dry,green,6.0,5.0,4.0,3.0,
matched_pair,2026,Japanese Grand Prix,Race,race,Haas F1 Team,BEA,OCO,2.0,2.0,96.402,96.654,0.25199999999999534,MEDIUM,1.0,1.0,2,dry,green,16.0,15.0,11.0,11.0,
matched_pair,2026,Japanese Grand Prix,Race,race,Haas F1 Team,BEA,OCO,4.0,4.0,96.663,95.956,-0.7069999999999936,MEDIUM,1.0,1.0,4,dry,green,14.0,14.0,10.0,10.0,
matched_pair,2026,Japanese Grand Prix,Race,race,Haas F1 Team,BEA,OCO,5.0,5.0,96.847,96.746,-0.10099999999999909,MEDIUM,1.0,1.0,5,dry,green,14.0,14.0,10.0,10.0,
matched_pair,2026,Japanese Grand Prix,Race,race,Haas F1 Team,BEA,OCO,6.0,6.0,96.914,96.55,-0.3640000000000043,MEDIUM,1.0,1.0,6,dry,green,14.0,14.0,10.0,9.0,
matched_pair,2026,Japanese Grand Prix,Race,race,Haas F1 Team,BEA,OCO,7.0,7.0,97.42,96.288,-1.132000000000005,MEDIUM,1.0,1.0,7,dry,green,14.0,15.0,9.0,9.0,
matched_pair,2026,Japanese Grand Prix,Race,race,Haas F1 Team,BEA,OCO,8.0,8.0,96.291,95.822,-0.4689999999999941,MEDIUM,1.0,1.0,8,dry,green,15.0,15.0,9.0,9.0,
matched_pair,2026,Japanese Grand Prix,Race,race,Haas F1 Team,BEA,OCO,9.0,9.0,96.294,96.357,0.06300000000000239,MEDIUM,1.0,1.0,9,dry,green,15.0,15.0,9.0,9.0,
matched_pair,2026,Japanese Grand Prix,Race,race,Haas F1 Team,BEA,OCO,10.0,10.0,96.764,96.43,-0.333999999999989,MEDIUM,1.0,1.0,10,dry,green,15.0,15.0,9.0,9.0,
matched_pair,2026,Japanese Grand Prix,Race,race,Haas F1 Team,BEA,OCO,12.0,12.0,97.128,96.593,-0.5349999999999966,MEDIUM,1.0,1.0,12,dry,green,15.0,15.0,9.0,9.0,
matched_pair,2026,Japanese Grand Prix,Race,race,Haas F1 Team,BEA,OCO,13.0,13.0,96.764,96.759,-0.0049999999999954525,MEDIUM,1.0,1.0,13,dry,green,15.0,15.0,9.0,9.0,
matched_pair,2026,Japanese Grand Prix,Race,race,Haas F1 Team,BEA,OCO,14.0,14.0,96.645,96.706,0.06100000000000705,MEDIUM,1.0,1.0,14,dry,green,15.0,15.0,9.0,9.0,
matched_pair,2026,Japanese Grand Prix,Race,race,Haas F1 Team,BEA,OCO,15.0,15.0,96.624,96.608,-0.015999999999991132,MEDIUM,1.0,1.0,15,dry,green,15.0,15.0,9.0,9.0,
matched_pair,2026,Japanese Grand Prix,Race,race,McLaren,NOR,PIA,19.0,21.0,94.285,94.01,-0.2749999999999915,HARD,2.0,2.0,3,dry,green,8.0,8.0,6.0,5.0,
matched_pair,2026,Japanese Grand Prix,Race,race,McLaren,NOR,PIA,29.0,31.0,94.083,93.41,-0.6730000000000018,HARD,2.0,2.0,13,dry,green,6.0,6.0,2.0,2.0,
matched_pair,2026,Japanese Grand Prix,Race,race,McLaren,NOR,PIA,30.0,32.0,93.851,93.605,-0.2459999999999951,HARD,2.0,2.0,14,dry,green,6.0,6.0,2.0,2.0,
matched_pair,2026,Japanese Grand Prix,Race,race,McLaren,NOR,PIA,31.0,33.0,94.131,93.484,-0.6470000000000056,HARD,2.0,2.0,15,dry,green,6.0,6.0,2.0,2.0,
matched_pair,2026,Japanese Grand Prix,Race,race,McLaren,NOR,PIA,32.0,34.0,94.419,93.401,-1.0180000000000007,HARD,2.0,2.0,16,dry,green,6.0,6.0,2.0,2.0,
matched_pair,2026,Japanese Grand Prix,Race,race,McLaren,NOR,PIA,33.0,35.0,93.787,93.509,-0.2780000000000058,HARD,2.0,2.0,17,dry,green,6.0,6.0,2.0,2.0,
matched_pair,2026,Japanese Grand Prix,Race,race,McLaren,NOR,PIA,34.0,36.0,93.494,93.411,-0.08299999999999841,HARD,2.0,2.0,18,dry,green,6.0,6.0,2.0,2.0,
matched_pair,2026,Japanese Grand Prix,Race,race,McLaren,NOR,PIA,35.0,37.0,93.58,93.708,0.1280000000000001,HARD,2.0,2.0,19,dry,green,6.0,6.0,2.0,2.0,
matched_pair,2026,Japanese Grand Prix,Race,race,McLaren,NOR,PIA,36.0,38.0,93.359,93.712,0.35300000000000864,HARD,2.0,2.0,20,dry,green,6.0,6.0,2.0,2.0,
matched_pair,2026,Japanese Grand Prix,Race,race,McLaren,NOR,PIA,37.0,39.0,93.602,93.467,-0.13500000000000512,HARD,2.0,2.0,21,dry,green,6.0,6.0,2.0,2.0,
matched_pair,2026,Japanese Grand Prix,Race,race,McLaren,NOR,PIA,38.0,40.0,93.455,93.469,0.013999999999995794,HARD,2.0,2.0,22,dry,green,6.0,6.0,2.0,2.0,
matched_pair,2026,Japanese Grand Prix,Race,race,McLaren,NOR,PIA,39.0,41.0,93.679,93.764,0.08499999999999375,HARD,2.0,2.0,23,dry,green,6.0,6.0,2.0,2.0,
matched_pair,2026,Japanese Grand Prix,Race,race,McLaren,NOR,PIA,40.0,42.0,93.347,93.513,0.16600000000001103,HARD,2.0,2.0,24,dry,green,6.0,6.0,2.0,2.0,
matched_pair,2026,Japanese Grand Prix,Race,race,McLaren,NOR,PIA,41.0,43.0,93.398,93.518,0.12000000000000455,HARD,2.0,2.0,25,dry,green,6.0,6.0,2.0,2.0,
matched_pair,2026,Japanese Grand Prix,Race,race,McLaren,NOR,PIA,42.0,44.0,93.702,93.431,-0.2710000000000008,HARD,2.0,2.0,26,dry,green,6.0,6.0,2.0,2.0,
matched_pair,2026,Japanese Grand Prix,Race,race,McLaren,NOR,PIA,43.0,45.0,93.927,93.523,-0.4040000000000106,HARD,2.0,2.0,27,dry,green,6.0,6.0,2.0,2.0,
matched_pair,2026,Japanese Grand Prix,Race,race,McLaren,NOR,PIA,44.0,46.0,93.362,93.329,-0.03300000000000125,HARD,2.0,2.0,28,dry,green,6.0,6.0,2.0,2.0,
matched_pair,2026,Japanese Grand Prix,Race,race,McLaren,NOR,PIA,45.0,47.0,93.521,93.197,-0.32399999999999807,HARD,2.0,2.0,29,dry,green,6.0,6.0,2.0,2.0,
matched_pair,2026,Japanese Grand Prix,Race,race,McLaren,NOR,PIA,46.0,48.0,93.437,93.371,-0.0660000000000025,HARD,2.0,2.0,30,dry,green,6.0,6.0,2.0,2.0,
matched_pair,2026,Japanese Grand Prix,Race,race,McLaren,NOR,PIA,47.0,49.0,93.624,92.996,-0.6280000000000001,HARD,2.0,2.0,31,dry,green,6.0,5.0,2.0,2.0,
matched_pair,2026,Japanese Grand Prix,Race,race,McLaren,NOR,PIA,49.0,51.0,93.483,93.826,0.3429999999999893,HARD,2.0,2.0,33,dry,green,6.0,6.0,2.0,2.0,
matched_pair,2026,Japanese Grand Prix,Race,race,McLaren,NOR,PIA,50.0,52.0,94.087,93.012,-1.0750000000000028,HARD,2.0,2.0,34,dry,green,6.0,5.0,2.0,2.0,
matched_pair,2026,Japanese Grand Prix,Race,race,McLaren,NOR,PIA,2.0,2.0,94.905,94.949,0.04399999999999693,MEDIUM,1.0,1.0,2,dry,green,3.0,3.0,1.0,1.0,
matched_pair,2026,Japanese Grand Prix,Race,race,McLaren,NOR,PIA,4.0,4.0,95.451,95.136,-0.3149999999999977,MEDIUM,1.0,1.0,4,dry,green,4.0,4.0,1.0,1.0,
matched_pair,2026,Japanese Grand Prix,Race,race,McLaren,NOR,PIA,5.0,5.0,95.17,95.124,-0.04600000000000648,MEDIUM,1.0,1.0,5,dry,green,4.0,4.0,1.0,1.0,
matched_pair,2026,Japanese Grand Prix,Race,race,McLaren,NOR,PIA,6.0,6.0,95.051,95.109,0.057999999999992724,MEDIUM,1.0,1.0,6,dry,green,4.0,4.0,1.0,1.0,
matched_pair,2026,Japanese Grand Prix,Race,race,McLaren,NOR,PIA,7.0,7.0,95.045,95.078,0.03300000000000125,MEDIUM,1.0,1.0,7,dry,green,4.0,4.0,1.0,1.0,
matched_pair,2026,Japanese Grand Prix,Race,race,McLaren,NOR,PIA,9.0,9.0,95.672,94.793,-0.8789999999999907,MEDIUM,1.0,1.0,9,dry,green,4.0,4.0,2.0,1.0,
matched_pair,2026,Japanese Grand Prix,Race,race,McLaren,NOR,PIA,10.0,10.0,95.228,95.111,-0.11699999999999022,MEDIUM,1.0,1.0,10,dry,green,4.0,4.0,1.0,1.0,
matched_pair,2026,Japanese Grand Prix,Race,race,McLaren,NOR,PIA,12.0,12.0,95.457,95.108,-0.34899999999998954,MEDIUM,1.0,1.0,12,dry,green,5.0,5.0,1.0,1.0,
matched_pair,2026,Japanese Grand Prix,Race,race,McLaren,NOR,PIA,13.0,13.0,95.079,94.856,-0.22299999999999898,MEDIUM,1.0,1.0,13,dry,green,5.0,5.0,1.0,1.0,
matched_pair,2026,Japanese Grand Prix,Race,race,McLaren,NOR,PIA,14.0,14.0,95.339,95.095,-0.24399999999999977,MEDIUM,1.0,1.0,14,dry,green,5.0,5.0,1.0,1.0,
matched_pair,2026,Japanese Grand Prix,Race,race,McLaren,NOR,PIA,15.0,15.0,95.315,94.905,-0.4099999999999966,MEDIUM,1.0,1.0,15,dry,green,5.0,5.0,1.0,1.0,
matched_pair,2026,Japanese Grand Prix,Race,race,Mercedes,ANT,RUS,30.0,29.0,92.859,93.717,0.8580000000000041,HARD,2.0,2.0,8,dry,green,1.0,1.0,4.0,4.0,
matched_pair,2026,Japanese Grand Prix,Race,race,Mercedes,ANT,RUS,31.0,30.0,93.258,93.612,0.3539999999999992,HARD,2.0,2.0,9,dry,green,1.0,1.0,4.0,4.0,
matched_pair,2026,Japanese Grand Prix,Race,race,Mercedes,ANT,RUS,32.0,31.0,92.868,93.905,1.0370000000000061,HARD,2.0,2.0,10,dry,green,1.0,1.0,4.0,4.0,
matched_pair,2026,Japanese Grand Prix,Race,race,Mercedes,ANT,RUS,33.0,32.0,92.999,93.405,0.4060000000000059,HARD,2.0,2.0,11,dry,green,1.0,1.0,4.0,4.0,
matched_pair,2026,Japanese Grand Prix,Race,race,Mercedes,ANT,RUS,34.0,33.0,92.909,93.5,0.590999999999994,HARD,2.0,2.0,12,dry,green,1.0,1.0,4.0,4.0,
matched_pair,2026,Japanese Grand Prix,Race,race,Mercedes,ANT,RUS,35.0,34.0,92.912,93.485,0.5729999999999933,HARD,2.0,2.0,13,dry,green,1.0,1.0,4.0,4.0,
matched_pair,2026,Japanese Grand Prix,Race,race,Mercedes,ANT,RUS,36.0,35.0,92.933,93.336,0.4029999999999916,HARD,2.0,2.0,14,dry,green,1.0,1.0,4.0,4.0,
matched_pair,2026,Japanese Grand Prix,Race,race,Mercedes,ANT,RUS,37.0,36.0,92.984,93.673,0.6890000000000072,HARD,2.0,2.0,15,dry,green,1.0,1.0,4.0,4.0,
matched_pair,2026,Japanese Grand Prix,Race,race,Mercedes,ANT,RUS,39.0,38.0,92.731,93.527,0.7960000000000065,HARD,2.0,2.0,17,dry,green,1.0,1.0,5.0,5.0,
matched_pair,2026,Japanese Grand Prix,Race,race,Mercedes,ANT,RUS,40.0,39.0,92.993,93.454,0.4609999999999985,HARD,2.0,2.0,18,dry,green,1.0,1.0,5.0,5.0,
matched_pair,2026,Japanese Grand Prix,Race,race,Mercedes,ANT,RUS,41.0,40.0,92.736,93.661,0.9249999999999972,HARD,2.0,2.0,19,dry,green,1.0,1.0,5.0,5.0,
matched_pair,2026,Japanese Grand Prix,Race,race,Mercedes,ANT,RUS,42.0,41.0,92.826,94.191,1.365000000000009,HARD,2.0,2.0,20,dry,green,1.0,1.0,5.0,5.0,
matched_pair,2026,Japanese Grand Prix,Race,race,Mercedes,ANT,RUS,43.0,42.0,92.538,94.031,1.4930000000000092,HARD,2.0,2.0,21,dry,green,1.0,1.0,5.0,5.0,
matched_pair,2026,Japanese Grand Prix,Race,race,Mercedes,ANT,RUS,44.0,43.0,92.57,92.897,0.3270000000000124,HARD,2.0,2.0,22,dry,green,1.0,1.0,5.0,4.0,
matched_pair,2026,Japanese Grand Prix,Race,race,Mercedes,ANT,RUS,45.0,44.0,92.819,93.053,0.23399999999999466,HARD,2.0,2.0,23,dry,green,1.0,1.0,4.0,4.0,
matched_pair,2026,Japanese Grand Prix,Race,race,Mercedes,ANT,RUS,46.0,45.0,92.722,93.274,0.5520000000000067,HARD,2.0,2.0,24,dry,green,1.0,1.0,4.0,4.0,
matched_pair,2026,Japanese Grand Prix,Race,race,Mercedes,ANT,RUS,47.0,46.0,93.211,93.146,-0.06499999999999773,HARD,2.0,2.0,25,dry,green,1.0,1.0,4.0,4.0,
matched_pair,2026,Japanese Grand Prix,Race,race,Mercedes,ANT,RUS,49.0,48.0,92.432,93.046,0.6140000000000043,HARD,2.0,2.0,27,dry,green,1.0,1.0,4.0,4.0,
matched_pair,2026,Japanese Grand Prix,Race,race,Mercedes,ANT,RUS,50.0,49.0,93.352,93.354,0.001999999999995339,HARD,2.0,2.0,28,dry,green,1.0,1.0,4.0,4.0,
matched_pair,2026,Japanese Grand Prix,Race,race,Mercedes,ANT,RUS,51.0,50.0,92.889,93.217,0.32800000000000296,HARD,2.0,2.0,29,dry,green,1.0,1.0,4.0,3.0,
matched_pair,2026,Japanese Grand Prix,Race,race,Mercedes,ANT,RUS,52.0,51.0,92.925,94.088,1.1629999999999967,HARD,2.0,2.0,30,dry,green,1.0,1.0,3.0,4.0,
matched_pair,2026,Japanese Grand Prix,Race,race,Mercedes,ANT,RUS,2.0,2.0,94.475,94.87,0.39500000000001023,MEDIUM,1.0,1.0,2,dry,green,6.0,5.0,4.0,4.0,
matched_pair,2026,Japanese Grand Prix,Race,race,Mercedes,ANT,RUS,3.0,3.0,95.536,94.469,-1.0670000000000073,MEDIUM,1.0,1.0,3,dry,green,5.0,5.0,4.0,3.0,
matched_pair,2026,Japanese Grand Prix,Race,race,Mercedes,ANT,RUS,4.0,4.0,95.523,94.772,-0.7509999999999906,MEDIUM,1.0,1.0,4,dry,green,5.0,5.0,3.0,2.0,
matched_pair,2026,Japanese Grand Prix,Race,race,Mercedes,ANT,RUS,5.0,5.0,95.24,94.71,-0.5300000000000011,MEDIUM,1.0,1.0,5,dry,green,5.0,5.0,2.0,2.0,
matched_pair,2026,Japanese Grand Prix,Race,race,Mercedes,ANT,RUS,6.0,6.0,94.962,94.796,-0.16599999999999682,MEDIUM,1.0,1.0,6,dry,green,5.0,5.0,2.0,2.0,
matched_pair,2026,Japanese Grand Prix,Race,race,Mercedes,ANT,RUS,7.0,7.0,95.076,94.741,-0.33499999999999375,MEDIUM,1.0,1.0,7,dry,green,5.0,5.0,2.0,2.0,
matched_pair,2026,Japanese Grand Prix,Race,race,Mercedes,ANT,RUS,8.0,8.0,95.203,95.043,-0.1599999999999966,MEDIUM,1.0,1.0,8,dry,green,5.0,5.0,2.0,1.0,
matched_pair,2026,Japanese Grand Prix,Race,race,Mercedes,ANT,RUS,10.0,10.0,95.41,94.936,-0.47399999999998954,MEDIUM,1.0,1.0,10,dry,green,5.0,5.0,2.0,2.0,
matched_pair,2026,Japanese Grand Prix,Race,race,Mercedes,ANT,RUS,11.0,11.0,95.115,95.332,0.21699999999999875,MEDIUM,1.0,1.0,11,dry,green,5.0,4.0,2.0,2.0,
matched_pair,2026,Japanese Grand Prix,Race,race,Mercedes,ANT,RUS,12.0,12.0,95.027,95.078,0.05100000000000193,MEDIUM,1.0,1.0,12,dry,green,4.0,4.0,2.0,2.0,
matched_pair,2026,Japanese Grand Prix,Race,race,Mercedes,ANT,RUS,13.0,13.0,94.944,95.249,0.3049999999999926,MEDIUM,1.0,1.0,13,dry,green,4.0,4.0,2.0,2.0,
matched_pair,2026,Japanese Grand Prix,Race,race,Mercedes,ANT,RUS,14.0,14.0,95.261,95.101,-0.1599999999999966,MEDIUM,1.0,1.0,14,dry,green,4.0,4.0,2.0,2.0,
matched_pair,2026,Japanese Grand Prix,Race,race,Mercedes,ANT,RUS,15.0,15.0,95.377,95.148,-0.2289999999999992,MEDIUM,1.0,1.0,15,dry,green,4.0,3.0,2.0,2.0,
matched_pair,2026,Japanese Grand Prix,Race,race,Mercedes,ANT,RUS,17.0,17.0,94.686,95.033,0.3469999999999942,MEDIUM,1.0,1.0,17,dry,green,4.0,3.0,2.0,2.0,
matched_pair,2026,Japanese Grand Prix,Race,race,Mercedes,ANT,RUS,18.0,18.0,94.095,94.788,0.6929999999999978,MEDIUM,1.0,1.0,18,dry,green,3.0,3.0,2.0,1.0,
matched_pair,2026,Japanese Grand Prix,Race,race,Mercedes,ANT,RUS,19.0,19.0,94.343,94.987,0.6439999999999912,MEDIUM,1.0,1.0,19,dry,green,3.0,2.0,1.0,1.0,
matched_pair,2026,Japanese Grand Prix,Race,race,Mercedes,ANT,RUS,20.0,20.0,94.241,94.523,0.2819999999999965,MEDIUM,1.0,1.0,20,dry,green,2.0,2.0,1.0,1.0,
matched_pair,2026,Japanese Grand Prix,Race,race,Racing Bulls,LAW,LIN,36.0,32.0,94.581,95.137,0.5559999999999974,HARD,2.0,2.0,14,dry,green,9.0,9.0,14.0,14.0,
matched_pair,2026,Japanese Grand Prix,Race,race,Racing Bulls,LAW,LIN,37.0,33.0,94.938,95.16,0.2219999999999942,HARD,2.0,2.0,15,dry,green,9.0,9.0,14.0,14.0,
matched_pair,2026,Japanese Grand Prix,Race,race,Racing Bulls,LAW,LIN,38.0,34.0,94.436,95.225,0.7889999999999873,HARD,2.0,2.0,16,dry,green,9.0,9.0,14.0,14.0,
matched_pair,2026,Japanese Grand Prix,Race,race,Racing Bulls,LAW,LIN,39.0,35.0,94.526,95.402,0.8760000000000048,HARD,2.0,2.0,17,dry,green,9.0,9.0,14.0,14.0,
matched_pair,2026,Japanese Grand Prix,Race,race,Racing Bulls,LAW,LIN,40.0,36.0,94.879,94.96,0.08099999999998886,HARD,2.0,2.0,18,dry,green,9.0,9.0,14.0,14.0,
matched_pair,2026,Japanese Grand Prix,Race,race,Racing Bulls,LAW,LIN,41.0,37.0,94.796,94.86,0.06399999999999295,HARD,2.0,2.0,19,dry,green,9.0,9.0,14.0,14.0,
matched_pair,2026,Japanese Grand Prix,Race,race,Racing Bulls,LAW,LIN,42.0,38.0,94.926,94.723,-0.20300000000000296,HARD,2.0,2.0,20,dry,green,9.0,9.0,14.0,14.0,
matched_pair,2026,Japanese Grand Prix,Race,race,Racing Bulls,LAW,LIN,43.0,39.0,94.87,95.096,0.2259999999999991,HARD,2.0,2.0,21,dry,green,9.0,9.0,14.0,14.0,
matched_pair,2026,Japanese Grand Prix,Race,race,Racing Bulls,LAW,LIN,44.0,40.0,94.882,94.521,-0.3610000000000042,HARD,2.0,2.0,22,dry,green,9.0,9.0,14.0,14.0,
matched_pair,2026,Japanese Grand Prix,Race,race,Racing Bulls,LAW,LIN,45.0,41.0,94.794,94.853,0.0589999999999975,HARD,2.0,2.0,23,dry,green,9.0,9.0,14.0,14.0,
matched_pair,2026,Japanese Grand Prix,Race,race,Racing Bulls,LAW,LIN,46.0,42.0,94.827,94.964,0.13700000000000045,HARD,2.0,2.0,24,dry,green,9.0,9.0,14.0,14.0,
matched_pair,2026,Japanese Grand Prix,Race,race,Racing Bulls,LAW,LIN,47.0,43.0,94.955,94.885,-0.06999999999999318,HARD,2.0,2.0,25,dry,green,9.0,9.0,14.0,14.0,
matched_pair,2026,Japanese Grand Prix,Race,race,Racing Bulls,LAW,LIN,48.0,44.0,94.668,94.769,0.10099999999999909,HARD,2.0,2.0,26,dry,green,9.0,9.0,14.0,14.0,
matched_pair,2026,Japanese Grand Prix,Race,race,Racing Bulls,LAW,LIN,49.0,45.0,94.701,94.733,0.03200000000001069,HARD,2.0,2.0,27,dry,green,9.0,9.0,14.0,14.0,
matched_pair,2026,Japanese Grand Prix,Race,race,Racing Bulls,LAW,LIN,50.0,46.0,94.634,94.676,0.04200000000000159,HARD,2.0,2.0,28,dry,green,9.0,9.0,14.0,14.0,
matched_pair,2026,Japanese Grand Prix,Race,race,Racing Bulls,LAW,LIN,51.0,47.0,94.341,94.716,0.375,HARD,2.0,2.0,29,dry,green,9.0,9.0,14.0,14.0,
matched_pair,2026,Japanese Grand Prix,Race,race,Racing Bulls,LAW,LIN,52.0,48.0,94.295,94.872,0.5769999999999982,HARD,2.0,2.0,30,dry,green,9.0,9.0,14.0,14.0,
matched_pair,2026,Japanese Grand Prix,Race,race,Racing Bulls,LAW,LIN,2.0,2.0,97.029,96.174,-0.8549999999999898,MEDIUM,1.0,1.0,2,dry,green,12.0,12.0,9.0,8.0,
matched_pair,2026,Japanese Grand Prix,Race,race,Racing Bulls,LAW,LIN,3.0,3.0,97.03,96.233,-0.796999999999997,MEDIUM,1.0,1.0,3,dry,green,12.0,12.0,8.0,8.0,
matched_pair,2026,Japanese Grand Prix,Race,race,Racing Bulls,LAW,LIN,4.0,4.0,96.522,96.039,-0.4830000000000041,MEDIUM,1.0,1.0,4,dry,green,12.0,12.0,8.0,8.0,
matched_pair,2026,Japanese Grand Prix,Race,race,Racing Bulls,LAW,LIN,7.0,7.0,96.572,96.39,-0.18200000000000216,MEDIUM,1.0,1.0,7,dry,green,12.0,12.0,10.0,10.0,
matched_pair,2026,Japanese Grand Prix,Race,race,Racing Bulls,LAW,LIN,8.0,8.0,96.432,96.083,-0.34900000000000375,MEDIUM,1.0,1.0,8,dry,green,12.0,12.0,10.0,10.0,
matched_pair,2026,Japanese Grand Prix,Race,race,Racing Bulls,LAW,LIN,9.0,9.0,96.629,96.39,-0.23900000000000432,MEDIUM,1.0,1.0,9,dry,green,12.0,12.0,10.0,10.0,
matched_pair,2026,Japanese Grand Prix,Race,race,Racing Bulls,LAW,LIN,10.0,10.0,96.618,96.491,-0.12699999999999534,MEDIUM,1.0,1.0,10,dry,green,12.0,12.0,10.0,10.0,
matched_pair,2026,Japanese Grand Prix,Race,race,Racing Bulls,LAW,LIN,11.0,11.0,96.55,97.139,0.5889999999999986,MEDIUM,1.0,1.0,11,dry,green,12.0,12.0,10.0,10.0,
matched_pair,2026,Japanese Grand Prix,Race,race,Racing Bulls,LAW,LIN,13.0,13.0,97.049,96.242,-0.8070000000000022,MEDIUM,1.0,1.0,13,dry,green,12.0,12.0,10.0,10.0,
matched_pair,2026,Japanese Grand Prix,Race,race,Racing Bulls,LAW,LIN,15.0,15.0,96.726,97.289,0.5630000000000024,MEDIUM,1.0,1.0,15,dry,green,12.0,12.0,10.0,10.0,
matched_pair,2026,Japanese Grand Prix,Race,race,Racing Bulls,LAW,LIN,16.0,16.0,96.822,96.823,0.000999999999990564,MEDIUM,1.0,1.0,16,dry,green,12.0,12.0,10.0,10.0,
matched_pair,2026,Japanese Grand Prix,Race,race,Racing Bulls,LAW,LIN,17.0,17.0,96.72,96.552,-0.16799999999999216,MEDIUM,1.0,1.0,17,dry,green,12.0,12.0,10.0,10.0,
matched_pair,2026,Japanese Grand Prix,Race,race,Red Bull Racing,HAD,VER,30.0,33.0,95.485,93.925,-1.5600000000000023,HARD,2.0,2.0,11,dry,green,12.0,12.0,8.0,8.0,
matched_pair,2026,Japanese Grand Prix,Race,race,Red Bull Racing,HAD,VER,31.0,34.0,95.255,93.841,-1.4140000000000015,HARD,2.0,2.0,12,dry,green,12.0,12.0,8.0,8.0,
matched_pair,2026,Japanese Grand Prix,Race,race,Red Bull Racing,HAD,VER,32.0,35.0,94.986,93.861,-1.125,HARD,2.0,2.0,13,dry,green,12.0,12.0,8.0,8.0,
matched_pair,2026,Japanese Grand Prix,Race,race,Red Bull Racing,HAD,VER,33.0,36.0,94.718,93.97,-0.7480000000000047,HARD,2.0,2.0,14,dry,green,12.0,12.0,8.0,8.0,
matched_pair,2026,Japanese Grand Prix,Race,race,Red Bull Racing,HAD,VER,34.0,37.0,95.145,93.852,-1.2929999999999922,HARD,2.0,2.0,15,dry,green,12.0,12.0,8.0,8.0,
matched_pair,2026,Japanese Grand Prix,Race,race,Red Bull Racing,HAD,VER,35.0,38.0,95.64,94.052,-1.5879999999999939,HARD,2.0,2.0,16,dry,green,12.0,12.0,8.0,8.0,
matched_pair,2026,Japanese Grand Prix,Race,race,Red Bull Racing,HAD,VER,36.0,39.0,93.96,94.139,0.17900000000000205,HARD,2.0,2.0,17,dry,green,12.0,11.0,8.0,8.0,
matched_pair,2026,Japanese Grand Prix,Race,race,Red Bull Racing,HAD,VER,37.0,40.0,94.637,93.988,-0.6490000000000009,HARD,2.0,2.0,18,dry,green,11.0,11.0,8.0,8.0,
matched_pair,2026,Japanese Grand Prix,Race,race,Red Bull Racing,HAD,VER,38.0,41.0,94.466,93.552,-0.9139999999999873,HARD,2.0,2.0,19,dry,green,11.0,11.0,8.0,8.0,
matched_pair,2026,Japanese Grand Prix,Race,race,Red Bull Racing,HAD,VER,39.0,42.0,94.558,93.706,-0.8520000000000039,HARD,2.0,2.0,20,dry,green,11.0,11.0,8.0,8.0,
matched_pair,2026,Japanese Grand Prix,Race,race,Red Bull Racing,HAD,VER,40.0,43.0,94.361,94.147,-0.21399999999999864,HARD,2.0,2.0,21,dry,green,11.0,11.0,8.0,8.0,
matched_pair,2026,Japanese Grand Prix,Race,race,Red Bull Racing,HAD,VER,41.0,44.0,94.482,94.215,-0.2669999999999959,HARD,2.0,2.0,22,dry,green,11.0,11.0,8.0,8.0,
matched_pair,2026,Japanese Grand Prix,Race,race,Red Bull Racing,HAD,VER,42.0,45.0,94.543,94.346,-0.19700000000000273,HARD,2.0,2.0,23,dry,green,11.0,11.0,8.0,8.0,
matched_pair,2026,Japanese Grand Prix,Race,race,Red Bull Racing,HAD,VER,43.0,46.0,94.872,93.911,-0.9609999999999985,HARD,2.0,2.0,24,dry,green,11.0,11.0,8.0,8.0,
matched_pair,2026,Japanese Grand Prix,Race,race,Red Bull Racing,HAD,VER,44.0,47.0,94.376,93.886,-0.4900000000000091,HARD,2.0,2.0,25,dry,green,11.0,11.0,8.0,8.0,
matched_pair,2026,Japanese Grand Prix,Race,race,Red Bull Racing,HAD,VER,47.0,50.0,95.366,93.921,-1.4449999999999932,HARD,2.0,2.0,28,dry,green,11.0,12.0,8.0,8.0,
matched_pair,2026,Japanese Grand Prix,Race,race,Red Bull Racing,HAD,VER,48.0,51.0,94.972,93.845,-1.1269999999999953,HARD,2.0,2.0,29,dry,green,12.0,12.0,8.0,8.0,
matched_pair,2026,Japanese Grand Prix,Race,race,Red Bull Racing,HAD,VER,49.0,52.0,94.946,93.973,-0.972999999999999,HARD,2.0,2.0,30,dry,green,12.0,12.0,8.0,8.0,
matched_pair,2026,Japanese Grand Prix,Race,race,Red Bull Racing,HAD,VER,3.0,3.0,97.193,95.854,-1.3389999999999986,MEDIUM,1.0,1.0,3,dry,green,10.0,11.0,9.0,9.0,
matched_pair,2026,Japanese Grand Prix,Race,race,Red Bull Racing,HAD,VER,4.0,4.0,96.017,95.867,-0.14999999999999147,MEDIUM,1.0,1.0,4,dry,green,11.0,11.0,9.0,9.0,
matched_pair,2026,Japanese Grand Prix,Race,race,Red Bull Racing,HAD,VER,7.0,7.0,96.393,96.067,-0.3260000000000076,MEDIUM,1.0,1.0,7,dry,green,11.0,11.0,8.0,8.0,
matched_pair,2026,Japanese Grand Prix,Race,race,Red Bull Racing,HAD,VER,8.0,8.0,96.203,95.725,-0.47800000000000864,MEDIUM,1.0,1.0,8,dry,green,11.0,11.0,8.0,8.0,
matched_pair,2026,Japanese Grand Prix,Race,race,Red Bull Racing,HAD,VER,9.0,9.0,96.505,95.848,-0.6569999999999965,MEDIUM,1.0,1.0,9,dry,green,11.0,11.0,8.0,8.0,
matched_pair,2026,Japanese Grand Prix,Race,race,Red Bull Racing,HAD,VER,10.0,10.0,96.234,95.727,-0.5069999999999908,MEDIUM,1.0,1.0,10,dry,green,11.0,11.0,8.0,8.0,
matched_pair,2026,Japanese Grand Prix,Race,race,Red Bull Racing,HAD,VER,11.0,11.0,96.941,95.63,-1.311000000000007,MEDIUM,1.0,1.0,11,dry,green,11.0,11.0,8.0,8.0,
matched_pair,2026,Japanese Grand Prix,Race,race,Red Bull Racing,HAD,VER,13.0,13.0,96.464,95.755,-0.7090000000000032,MEDIUM,1.0,1.0,13,dry,green,11.0,11.0,8.0,8.0,
matched_pair,2026,Japanese Grand Prix,Race,race,Red Bull Racing,HAD,VER,14.0,14.0,96.672,95.773,-0.8990000000000009,MEDIUM,1.0,1.0,14,dry,green,11.0,11.0,8.0,8.0,
matched_pair,2026,Japanese Grand Prix,Race,race,Red Bull Racing,HAD,VER,15.0,15.0,96.777,95.652,-1.125,MEDIUM,1.0,1.0,15,dry,green,11.0,11.0,8.0,8.0,
matched_pair,2026,Japanese Grand Prix,Race,race,Red Bull Racing,HAD,VER,16.0,16.0,97.204,95.587,-1.6169999999999902,MEDIUM,1.0,1.0,16,dry,green,11.0,11.0,8.0,8.0,
matched_pair,2026,Japanese Grand Prix,Race,race,Red Bull Racing,HAD,VER,17.0,17.0,96.985,95.535,-1.4500000000000028,MEDIUM,1.0,1.0,17,dry,green,11.0,11.0,8.0,7.0,
matched_pair,2026,Japanese Grand Prix,Race,race,Red Bull Racing,HAD,VER,18.0,18.0,96.294,95.608,-0.6859999999999928,MEDIUM,1.0,1.0,18,dry,green,11.0,10.0,7.0,6.0,
matched_pair,2026,Japanese Grand Prix,Race,race,Williams,ALB,SAI,32.0,32.0,95.909,95.583,-0.3260000000000076,HARD,2.0,2.0,10,dry,green,17.0,17.0,15.0,15.0,
matched_pair,2026,Japanese Grand Prix,Race,race,Williams,ALB,SAI,33.0,33.0,95.767,95.094,-0.6730000000000018,HARD,2.0,2.0,11,dry,green,17.0,17.0,15.0,15.0,
matched_pair,2026,Japanese Grand Prix,Race,race,Williams,ALB,SAI,34.0,34.0,95.598,95.138,-0.45999999999999375,HARD,2.0,2.0,12,dry,green,17.0,17.0,15.0,15.0,
matched_pair,2026,Japanese Grand Prix,Race,race,Williams,ALB,SAI,35.0,35.0,95.207,95.085,-0.12199999999999989,HARD,2.0,2.0,13,dry,green,17.0,17.0,15.0,15.0,
matched_pair,2026,Japanese Grand Prix,Race,race,Williams,ALB,SAI,36.0,36.0,95.138,94.903,-0.23499999999999943,HARD,2.0,2.0,14,dry,green,17.0,17.0,15.0,15.0,
matched_pair,2026,Japanese Grand Prix,Race,race,Williams,ALB,SAI,37.0,37.0,95.464,94.992,-0.4719999999999942,HARD,2.0,2.0,15,dry,green,17.0,17.0,15.0,15.0,
matched_pair,2026,Japanese Grand Prix,Race,race,Williams,ALB,SAI,38.0,38.0,95.086,94.514,-0.5720000000000027,HARD,2.0,2.0,16,dry,green,17.0,17.0,15.0,15.0,
matched_pair,2026,Japanese Grand Prix,Race,race,Williams,ALB,SAI,39.0,39.0,95.036,95.177,0.14100000000000534,HARD,2.0,2.0,17,dry,green,17.0,17.0,15.0,15.0,
matched_pair,2026,Japanese Grand Prix,Race,race,Williams,ALB,SAI,40.0,40.0,94.969,94.926,-0.042999999999992156,HARD,2.0,2.0,18,dry,green,17.0,17.0,15.0,15.0,
matched_pair,2026,Japanese Grand Prix,Race,race,Williams,ALB,SAI,41.0,41.0,94.973,95.064,0.09099999999999397,HARD,2.0,2.0,19,dry,green,17.0,17.0,15.0,15.0,
matched_pair,2026,Japanese Grand Prix,Race,race,Williams,ALB,SAI,42.0,42.0,95.7,95.071,-0.6290000000000049,HARD,2.0,2.0,20,dry,green,17.0,17.0,15.0,15.0,
matched_pair,2026,Japanese Grand Prix,Race,race,Williams,ALB,SAI,43.0,43.0,95.195,95.246,0.05100000000000193,HARD,2.0,2.0,21,dry,green,17.0,17.0,15.0,15.0,
matched_pair,2026,Japanese Grand Prix,Race,race,Williams,ALB,SAI,44.0,44.0,95.263,95.054,-0.20900000000000318,HARD,2.0,2.0,22,dry,green,17.0,17.0,15.0,15.0,
matched_pair,2026,Japanese Grand Prix,Race,race,Williams,ALB,SAI,5.0,5.0,96.796,96.72,-0.07600000000000762,MEDIUM,1.0,1.0,5,dry,green,18.0,18.0,16.0,16.0,
matched_pair,2026,Japanese Grand Prix,Race,race,Williams,ALB,SAI,7.0,7.0,97.545,97.362,-0.18300000000000693,MEDIUM,1.0,1.0,7,dry,green,18.0,18.0,16.0,16.0,
matched_pair,2026,Japanese Grand Prix,Race,race,Williams,ALB,SAI,8.0,8.0,97.437,96.893,-0.5439999999999969,MEDIUM,1.0,1.0,8,dry,green,18.0,18.0,16.0,16.0,
matched_pair,2026,Japanese Grand Prix,Race,race,Williams,ALB,SAI,9.0,9.0,97.212,96.848,-0.3640000000000043,MEDIUM,1.0,1.0,9,dry,green,18.0,18.0,16.0,16.0,
matched_pair,2026,Japanese Grand Prix,Race,race,Williams,ALB,SAI,10.0,10.0,97.235,96.761,-0.47400000000000375,MEDIUM,1.0,1.0,10,dry,green,18.0,18.0,16.0,16.0,
matched_pair,2026,Japanese Grand Prix,Race,race,Williams,ALB,SAI,11.0,11.0,97.028,96.489,-0.5390000000000015,MEDIUM,1.0,1.0,11,dry,green,18.0,18.0,16.0,16.0,
matched_pair,2026,Japanese Grand Prix,Race,race,Williams,ALB,SAI,12.0,12.0,97.058,97.374,0.3159999999999883,MEDIUM,1.0,1.0,12,dry,green,18.0,18.0,16.0,16.0,
matched_pair,2026,Japanese Grand Prix,Race,race,Williams,ALB,SAI,13.0,13.0,96.733,96.893,0.1599999999999966,MEDIUM,1.0,1.0,13,dry,green,18.0,18.0,16.0,16.0,
matched_pair,2026,Japanese Grand Prix,Race,race,Williams,ALB,SAI,14.0,14.0,97.146,97.031,-0.11499999999999488,MEDIUM,1.0,1.0,14,dry,green,18.0,18.0,16.0,16.0,
matched_pair,2026,Japanese Grand Prix,Race,race,Williams,ALB,SAI,16.0,16.0,96.879,96.557,-0.32200000000000273,MEDIUM,1.0,1.0,16,dry,green,18.0,18.0,17.0,17.0,
matched_pair,2026,Japanese Grand Prix,Race,race,Williams,ALB,SAI,17.0,17.0,96.78,96.914,0.13400000000000034,MEDIUM,1.0,1.0,17,dry,green,18.0,17.0,17.0,16.0,
matched_pair,2026,Japanese Grand Prix,Race,race,Williams,ALB,SAI,18.0,18.0,96.992,96.768,-0.22400000000000375,MEDIUM,1.0,1.0,18,dry,green,17.0,16.0,16.0,15.0,
matched_pair,2026,Japanese Grand Prix,Race,race,Williams,ALB,SAI,19.0,19.0,96.592,96.593,0.0010000000000047748,MEDIUM,1.0,1.0,19,dry,green,16.0,15.0,15.0,14.0,
matched_pair,2026,Japanese Grand Prix,Race,race,Williams,ALB,SAI,20.0,20.0,96.812,96.46,-0.35200000000000387,MEDIUM,1.0,1.0,20,dry,green,15.0,13.0,14.0,12.0,
matched_pair,2026,Japanese Grand Prix,Qualifying,qualifying,Alpine,COL,GAS,8.0,8.0,90.877,90.122,-0.7549999999999955,SOFT,3.0,3.0,2,dry,green,,,,,
matched_pair,2026,Japanese Grand Prix,Qualifying,qualifying,Alpine,COL,GAS,11.0,11.0,90.627,89.874,-0.7530000000000001,SOFT,4.0,4.0,2,dry,green,,,,,
matched_pair,2026,Japanese Grand Prix,Qualifying,qualifying,Alpine,COL,GAS,2.0,2.0,91.458,90.765,-0.6929999999999978,SOFT,1.0,1.0,2,dry,green,,,,,
matched_pair,2026,Japanese Grand Prix,Qualifying,qualifying,Alpine,COL,GAS,5.0,5.0,90.931,90.584,-0.3469999999999942,SOFT,2.0,2.0,2,dry,green,,,,,
matched_pair,2026,Japanese Grand Prix,Qualifying,qualifying,Aston Martin,ALO,STR,2.0,2.0,93.846,94.408,0.5619999999999976,SOFT,1.0,1.0,2,dry,green,,,,,
matched_pair,2026,Japanese Grand Prix,Qualifying,qualifying,Aston Martin,ALO,STR,5.0,5.0,93.392,92.92,-0.4719999999999942,SOFT,2.0,2.0,2,dry,green,,,,,
matched_pair,2026,Japanese Grand Prix,Qualifying,qualifying,Aston Martin,ALO,STR,8.0,8.0,92.646,93.333,0.6869999999999976,SOFT,3.0,3.0,2,dry,green,,,,,
matched_pair,2026,Japanese Grand Prix,Qualifying,qualifying,Audi,BOR,HUL,10.0,10.0,90.093,90.412,0.3190000000000026,SOFT,3.0,3.0,2,dry,green,,,,,
matched_pair,2026,Japanese Grand Prix,Qualifying,qualifying,Audi,BOR,HUL,13.0,13.0,89.99,90.387,0.39700000000000557,SOFT,4.0,4.0,2,dry,green,,,,,
matched_pair,2026,Japanese Grand Prix,Qualifying,qualifying,Audi,BOR,HUL,2.0,2.0,90.752,90.843,0.09100000000000819,SOFT,1.0,1.0,2,dry,green,,,,,
matched_pair,2026,Japanese Grand Prix,Qualifying,qualifying,Audi,BOR,HUL,4.0,4.0,90.966,90.542,-0.4239999999999924,SOFT,1.0,1.0,4,dry,green,,,,,
matched_pair,2026,Japanese Grand Prix,Qualifying,qualifying,Audi,BOR,HUL,7.0,7.0,90.359,90.358,-0.000999999999990564,SOFT,2.0,2.0,2,dry,green,,,,,
skipped_pair,2026,Japanese Grand Prix,Qualifying,qualifying,Cadillac,BOT,PER,,,,,,,,,,,,,,,,insufficient_matched_pairs
matched_pair,2026,Japanese Grand Prix,Qualifying,qualifying,Ferrari,HAM,LEC,16.0,14.0,89.567,89.434,-0.13299999999999557,SOFT,4.0,4.0,2,dry,green,,,,,
matched_pair,2026,Japanese Grand Prix,Qualifying,qualifying,Ferrari,HAM,LEC,19.0,17.0,89.66,89.405,-0.25499999999999545,SOFT,5.0,5.0,2,dry,green,,,,,
matched_pair,2026,Japanese Grand Prix,Qualifying,qualifying,Ferrari,HAM,LEC,8.0,8.0,90.118,89.785,-0.3329999999999984,SOFT,2.0,2.0,2,dry,green,,,,,
matched_pair,2026,Japanese Grand Prix,Qualifying,qualifying,Ferrari,HAM,LEC,11.0,11.0,89.945,89.303,-0.6419999999999959,SOFT,3.0,3.0,2,dry,green,,,,,
matched_pair,2026,Japanese Grand Prix,Qualifying,qualifying,Haas F1 Team,BEA,OCO,2.0,2.0,92.016,91.466,-0.5500000000000114,SOFT,1.0,1.0,2,dry,green,,,,,
matched_pair,2026,Japanese Grand Prix,Qualifying,qualifying,Haas F1 Team,BEA,OCO,5.0,5.0,91.421,91.196,-0.22500000000000853,SOFT,1.0,1.0,5,dry,green,,,,,
matched_pair,2026,Japanese Grand Prix,Qualifying,qualifying,Haas F1 Team,BEA,OCO,8.0,8.0,91.09,90.915,-0.17499999999999716,SOFT,2.0,2.0,2,dry,green,,,,,
matched_pair,2026,Japanese Grand Prix,Qualifying,qualifying,McLaren,NOR,PIA,16.0,16.0,89.409,89.132,-0.277000000000001,SOFT,5.0,5.0,2,dry,green,,,,,
matched_pair,2026,Japanese Grand Prix,Qualifying,qualifying,McLaren,NOR,PIA,19.0,19.0,89.757,89.198,-0.5590000000000117,SOFT,6.0,6.0,2,dry,green,,,,,
matched_pair,2026,Japanese Grand Prix,Qualifying,qualifying,McLaren,NOR,PIA,10.0,10.0,89.795,89.451,-0.3440000000000083,SOFT,3.0,3.0,2,dry,green,,,,,
matched_pair,2026,Japanese Grand Prix,Qualifying,qualifying,McLaren,NOR,PIA,13.0,13.0,90.101,89.829,-0.27200000000000557,SOFT,4.0,4.0,2,dry,green,,,,,
matched_pair,2026,Japanese Grand Prix,Qualifying,qualifying,Mercedes,ANT,RUS,11.0,17.0,88.778,89.076,0.2979999999999876,SOFT,4.0,5.0,2,dry,green,,,,,
matched_pair,2026,Japanese Grand Prix,Qualifying,qualifying,Mercedes,ANT,RUS,14.0,20.0,88.839,89.195,0.35599999999999454,SOFT,5.0,6.0,2,dry,green,,,,,
matched_pair,2026,Japanese Grand Prix,Qualifying,qualifying,Mercedes,ANT,RUS,5.0,8.0,89.774,90.117,0.3430000000000035,SOFT,2.0,3.0,2,dry,green,,,,,
matched_pair,2026,Japanese Grand Prix,Qualifying,qualifying,Mercedes,ANT,RUS,8.0,11.0,89.048,89.767,0.7189999999999941,SOFT,3.0,4.0,2,dry,green,,,,,
matched_pair,2026,Japanese Grand Prix,Qualifying,qualifying,Racing Bulls,LAW,LIN,11.0,11.0,91.004,90.694,-0.3100000000000023,SOFT,3.0,3.0,2,dry,green,,,,,
matched_pair,2026,Japanese Grand Prix,Qualifying,qualifying,Racing Bulls,LAW,LIN,14.0,14.0,90.495,90.109,-0.3860000000000099,SOFT,4.0,4.0,2,dry,green,,,,,
matched_pair,2026,Japanese Grand Prix,Qualifying,qualifying,Racing Bulls,LAW,LIN,5.0,2.0,91.048,91.634,0.5859999999999985,SOFT,1.0,1.0,5,dry,green,,,,,
matched_pair,2026,Japanese Grand Prix,Qualifying,qualifying,Racing Bulls,LAW,LIN,8.0,5.0,90.657,91.0,0.3430000000000035,SOFT,2.0,1.0,2,dry,green,,,,,
matched_pair,2026,Japanese Grand Prix,Qualifying,qualifying,Red Bull Racing,HAD,VER,8.0,8.0,90.339,90.363,0.02400000000000091,SOFT,3.0,3.0,2,dry,green,,,,,
matched_pair,2026,Japanese Grand Prix,Qualifying,qualifying,Red Bull Racing,HAD,VER,11.0,11.0,90.104,90.262,0.15800000000000125,SOFT,4.0,4.0,2,dry,green,,,,,
matched_pair,2026,Japanese Grand Prix,Qualifying,qualifying,Red Bull Racing,HAD,VER,2.0,2.0,90.662,90.726,0.06399999999999295,SOFT,1.0,1.0,2,dry,green,,,,,
matched_pair,2026,Japanese Grand Prix,Qualifying,qualifying,Red Bull Racing,HAD,VER,5.0,5.0,90.822,90.519,-0.30299999999999727,SOFT,2.0,2.0,2,dry,green,,,,,
matched_pair,2026,Japanese Grand Prix,Qualifying,qualifying,Williams,ALB,SAI,2.0,2.0,91.776,91.855,0.07900000000000773,SOFT,1.0,1.0,2,dry,green,,,,,
matched_pair,2026,Japanese Grand Prix,Qualifying,qualifying,Williams,ALB,SAI,5.0,5.0,91.51,91.676,0.16599999999999682,SOFT,2.0,2.0,2,dry,green,,,,,
matched_pair,2026,Japanese Grand Prix,Qualifying,qualifying,Williams,ALB,SAI,8.0,8.0,91.088,90.927,-0.16099999999998715,SOFT,3.0,3.0,2,dry,green,,,,,
skipped_pair,2026,Miami Grand Prix,Race,race,Alpine,COL,GAS,,,,,,,,,,,,,,,,insufficient_matched_pairs
matched_pair,2026,Miami Grand Prix,Race,race,Aston Martin,ALO,STR,2.0,2.0,96.627,96.569,-0.057999999999992724,MEDIUM,1.0,1.0,2,dry,green,20.0,20.0,16.0,16.0,
matched_pair,2026,Miami Grand Prix,Race,race,Aston Martin,ALO,STR,3.0,3.0,96.505,97.019,0.51400000000001,MEDIUM,1.0,1.0,3,dry,green,20.0,20.0,16.0,17.0,
matched_pair,2026,Miami Grand Prix,Race,race,Aston Martin,ALO,STR,4.0,4.0,96.45,96.418,-0.031999999999996476,MEDIUM,1.0,1.0,4,dry,green,20.0,20.0,17.0,17.0,
matched_pair,2026,Miami Grand Prix,Race,race,Aston Martin,ALO,STR,12.0,12.0,96.8,97.442,0.6419999999999959,MEDIUM,1.0,1.0,12,dry,green,17.0,17.0,15.0,16.0,
matched_pair,2026,Miami Grand Prix,Race,race,Aston Martin,ALO,STR,13.0,13.0,96.349,96.085,-0.26400000000001,MEDIUM,1.0,1.0,13,dry,green,17.0,17.0,16.0,16.0,
matched_pair,2026,Miami Grand Prix,Race,race,Aston Martin,ALO,STR,14.0,14.0,96.482,96.582,0.09999999999999432,MEDIUM,1.0,1.0,14,dry,green,17.0,17.0,16.0,16.0,
matched_pair,2026,Miami Grand Prix,Race,race,Aston Martin,ALO,STR,16.0,16.0,96.143,96.974,0.8310000000000031,MEDIUM,1.0,1.0,16,dry,green,17.0,17.0,18.0,18.0,
matched_pair,2026,Miami Grand Prix,Race,race,Aston Martin,ALO,STR,17.0,17.0,96.453,96.371,-0.08200000000000784,MEDIUM,1.0,1.0,17,dry,green,17.0,17.0,18.0,18.0,
matched_pair,2026,Miami Grand Prix,Race,race,Aston Martin,ALO,STR,18.0,18.0,96.939,96.539,-0.3999999999999915,MEDIUM,1.0,1.0,18,dry,green,17.0,17.0,18.0,18.0,
matched_pair,2026,Miami Grand Prix,Race,race,Aston Martin,ALO,STR,19.0,19.0,96.836,97.022,0.18600000000000705,MEDIUM,1.0,1.0,19,dry,green,17.0,17.0,18.0,18.0,
matched_pair,2026,Miami Grand Prix,Race,race,Aston Martin,ALO,STR,20.0,20.0,96.221,96.851,0.6299999999999955,MEDIUM,1.0,1.0,20,dry,green,17.0,16.0,18.0,18.0,
matched_pair,2026,Miami Grand Prix,Race,race,Aston Martin,ALO,STR,43.0,23.0,95.55,95.39,-0.1599999999999966,SOFT,2.0,2.0,2,dry,green,16.0,16.0,18.0,17.0,
matched_pair,2026,Miami Grand Prix,Race,race,Aston Martin,ALO,STR,44.0,40.0,93.512,94.958,1.445999999999998,SOFT,2.0,3.0,3,dry,green,16.0,16.0,17.0,17.0,
matched_pair,2026,Miami Grand Prix,Race,race,Aston Martin,ALO,STR,45.0,25.0,94.594,95.921,1.3270000000000124,SOFT,2.0,2.0,4,dry,green,16.0,16.0,17.0,17.0,
matched_pair,2026,Miami Grand Prix,Race,race,Aston Martin,ALO,STR,47.0,27.0,96.191,95.818,-0.37300000000000466,SOFT,2.0,2.0,6,dry,green,16.0,16.0,17.0,17.0,
matched_pair,2026,Miami Grand Prix,Race,race,Aston Martin,ALO,STR,50.0,30.0,96.116,95.505,-0.6110000000000042,SOFT,2.0,2.0,9,dry,green,16.0,16.0,17.0,17.0,
matched_pair,2026,Miami Grand Prix,Race,race,Aston Martin,ALO,STR,51.0,31.0,95.159,95.432,0.27299999999999613,SOFT,2.0,2.0,10,dry,green,16.0,15.0,17.0,17.0,
matched_pair,2026,Miami Grand Prix,Race,race,Aston Martin,ALO,STR,52.0,32.0,95.091,95.601,0.5100000000000051,SOFT,2.0,2.0,11,dry,green,15.0,15.0,17.0,17.0,
matched_pair,2026,Miami Grand Prix,Race,race,Aston Martin,ALO,STR,53.0,33.0,95.015,95.203,0.1880000000000024,SOFT,2.0,2.0,12,dry,green,15.0,15.0,17.0,17.0,
matched_pair,2026,Miami Grand Prix,Race,race,Aston Martin,ALO,STR,54.0,34.0,94.97,95.849,0.8790000000000049,SOFT,2.0,2.0,13,dry,green,15.0,15.0,17.0,17.0,
skipped_pair,2026,Miami Grand Prix,Race,race,Audi,BOR,HUL,,,,,,,,,,,,,,,,insufficient_matched_pairs
matched_pair,2026,Miami Grand Prix,Race,race,Cadillac,BOT,PER,23.0,2.0,96.375,96.783,0.40800000000000125,MEDIUM,3.0,1.0,2,dry,green,17.0,18.0,17.0,17.0,
matched_pair,2026,Miami Grand Prix,Race,race,Cadillac,BOT,PER,4.0,4.0,96.617,96.307,-0.3100000000000023,MEDIUM,1.0,1.0,4,dry,green,21.0,21.0,18.0,18.0,
matched_pair,2026,Miami Grand Prix,Race,race,Cadillac,BOT,PER,43.0,13.0,97.641,96.605,-1.0360000000000014,MEDIUM,4.0,1.0,13,dry,green,18.0,18.0,13.0,15.0,
matched_pair,2026,Miami Grand Prix,Race,race,Cadillac,BOT,PER,44.0,14.0,97.88,96.571,-1.3089999999999975,MEDIUM,4.0,1.0,14,dry,green,18.0,18.0,15.0,15.0,
matched_pair,2026,Miami Grand Prix,Race,race,Cadillac,BOT,PER,47.0,17.0,97.707,96.436,-1.2709999999999866,MEDIUM,4.0,1.0,17,dry,green,18.0,18.0,15.0,15.0,
matched_pair,2026,Miami Grand Prix,Race,race,Cadillac,BOT,PER,48.0,18.0,98.102,96.558,-1.543999999999997,MEDIUM,4.0,1.0,18,dry,green,18.0,18.0,15.0,15.0,
matched_pair,2026,Miami Grand Prix,Race,race,Cadillac,BOT,PER,50.0,20.0,98.37,96.498,-1.8719999999999999,MEDIUM,4.0,1.0,20,dry,green,18.0,18.0,15.0,15.0,
matched_pair,2026,Miami Grand Prix,Race,race,Cadillac,BOT,PER,51.0,21.0,97.283,96.52,-0.7630000000000052,MEDIUM,4.0,1.0,21,dry,green,18.0,18.0,15.0,15.0,
matched_pair,2026,Miami Grand Prix,Race,race,Cadillac,BOT,PER,52.0,22.0,99.178,96.255,-2.923000000000002,MEDIUM,4.0,1.0,22,dry,green,18.0,18.0,15.0,15.0,
matched_pair,2026,Miami Grand Prix,Race,race,Cadillac,BOT,PER,53.0,23.0,97.322,96.617,-0.7049999999999983,MEDIUM,4.0,1.0,23,dry,green,18.0,18.0,15.0,15.0,
matched_pair,2026,Miami Grand Prix,Race,race,Ferrari,HAM,LEC,29.0,23.0,92.676,93.886,1.2099999999999937,HARD,2.0,2.0,2,dry,green,8.0,8.0,11.0,10.0,
matched_pair,2026,Miami Grand Prix,Race,race,Ferrari,HAM,LEC,30.0,24.0,92.712,93.588,0.8759999999999906,HARD,2.0,2.0,3,dry,green,8.0,8.0,10.0,9.0,
matched_pair,2026,Miami Grand Prix,Race,race,Ferrari,HAM,LEC,31.0,25.0,92.864,92.986,0.12199999999999989,HARD,2.0,2.0,4,dry,green,8.0,8.0,9.0,9.0,
matched_pair,2026,Miami Grand Prix,Race,race,Ferrari,HAM,LEC,32.0,26.0,93.121,93.905,0.784000000000006,HARD,2.0,2.0,5,dry,green,8.0,7.0,9.0,8.0,
matched_pair,2026,Miami Grand Prix,Race,race,Ferrari,HAM,LEC,33.0,27.0,92.98,92.922,-0.058000000000006935,HARD,2.0,2.0,6,dry,green,7.0,7.0,8.0,8.0,
matched_pair,2026,Miami Grand Prix,Race,race,Ferrari,HAM,LEC,34.0,28.0,93.174,92.652,-0.5220000000000056,HARD,2.0,2.0,7,dry,green,7.0,7.0,8.0,7.0,
matched_pair,2026,Miami Grand Prix,Race,race,Ferrari,HAM,LEC,35.0,29.0,92.939,92.786,-0.1529999999999916,HARD,2.0,2.0,8,dry,green,7.0,7.0,7.0,6.0,
matched_pair,2026,Miami Grand Prix,Race,race,Ferrari,HAM,LEC,36.0,30.0,93.669,93.416,-0.2530000000000001,HARD,2.0,2.0,9,dry,green,7.0,7.0,6.0,6.0,
matched_pair,2026,Miami Grand Prix,Race,race,Ferrari,HAM,LEC,38.0,32.0,93.552,92.995,-0.5570000000000022,HARD,2.0,2.0,11,dry,green,7.0,7.0,4.0,4.0,
matched_pair,2026,Miami Grand Prix,Race,race,Ferrari,HAM,LEC,39.0,33.0,93.098,93.075,-0.022999999999996135,HARD,2.0,2.0,12,dry,green,7.0,7.0,4.0,4.0,
matched_pair,2026,Miami Grand Prix,Race,race,Ferrari,HAM,LEC,40.0,34.0,93.451,92.971,-0.47999999999998977,HARD,2.0,2.0,13,dry,green,7.0,7.0,4.0,4.0,
matched_pair,2026,Miami Grand Prix,Race,race,Ferrari,HAM,LEC,41.0,35.0,93.283,92.993,-0.29000000000000625,HARD,2.0,2.0,14,dry,green,7.0,7.0,4.0,4.0,
matched_pair,2026,Miami Grand Prix,Race,race,Ferrari,HAM,LEC,42.0,36.0,93.237,92.879,-0.3579999999999899,HARD,2.0,2.0,15,dry,green,7.0,7.0,4.0,4.0,
matched_pair,2026,Miami Grand Prix,Race,race,Ferrari,HAM,LEC,43.0,37.0,93.129,93.155,0.02599999999999625,HARD,2.0,2.0,16,dry,green,7.0,7.0,4.0,4.0,
matched_pair,2026,Miami Grand Prix,Race,race,Ferrari,HAM,LEC,44.0,38.0,92.893,92.993,0.09999999999999432,HARD,2.0,2.0,17,dry,green,7.0,7.0,4.0,4.0,
matched_pair,2026,Miami Grand Prix,Race,race,Ferrari,HAM,LEC,45.0,39.0,93.129,92.755,-0.37400000000000944,HARD,2.0,2.0,18,dry,green,7.0,7.0,4.0,4.0,
matched_pair,2026,Miami Grand Prix,Race,race,Ferrari,HAM,LEC,46.0,40.0,93.135,92.767,-0.3680000000000092,HARD,2.0,2.0,19,dry,green,7.0,7.0,4.0,4.0,
matched_pair,2026,Miami Grand Prix,Race,race,Ferrari,HAM,LEC,48.0,42.0,93.575,93.042,-0.5330000000000013,HARD,2.0,2.0,21,dry,green,7.0,7.0,4.0,4.0,
matched_pair,2026,Miami Grand Prix,Race,race,Ferrari,HAM,LEC,49.0,43.0,93.635,92.612,-1.0230000000000103,HARD,2.0,2.0,22,dry,green,7.0,7.0,4.0,4.0,
matched_pair,2026,Miami Grand Prix,Race,race,Ferrari,HAM,LEC,50.0,44.0,93.506,92.515,-0.9909999999999997,HARD,2.0,2.0,23,dry,green,7.0,7.0,4.0,4.0,
matched_pair,2026,Miami Grand Prix,Race,race,Ferrari,HAM,LEC,51.0,45.0,93.57,92.874,-0.695999999999998,HARD,2.0,2.0,24,dry,green,7.0,7.0,4.0,4.0,
matched_pair,2026,Miami Grand Prix,Race,race,Ferrari,HAM,LEC,2.0,2.0,93.545,93.036,-0.5090000000000003,MEDIUM,1.0,1.0,2,dry,green,6.0,6.0,1.0,1.0,
matched_pair,2026,Miami Grand Prix,Race,race,Ferrari,HAM,LEC,3.0,3.0,93.789,93.357,-0.43200000000000216,MEDIUM,1.0,1.0,3,dry,green,6.0,6.0,1.0,1.0,
matched_pair,2026,Miami Grand Prix,Race,race,Ferrari,HAM,LEC,13.0,13.0,93.754,94.381,0.6269999999999953,MEDIUM,1.0,1.0,13,dry,green,6.0,6.0,1.0,3.0,
matched_pair,2026,Miami Grand Prix,Race,race,Ferrari,HAM,LEC,14.0,14.0,93.554,93.744,0.18999999999999773,MEDIUM,1.0,1.0,14,dry,green,6.0,6.0,3.0,3.0,
matched_pair,2026,Miami Grand Prix,Race,race,Ferrari,HAM,LEC,15.0,15.0,93.777,93.56,-0.21699999999999875,MEDIUM,1.0,1.0,15,dry,green,6.0,6.0,3.0,3.0,
matched_pair,2026,Miami Grand Prix,Race,race,Ferrari,HAM,LEC,18.0,18.0,94.232,93.692,-0.5400000000000063,MEDIUM,1.0,1.0,18,dry,green,6.0,6.0,3.0,3.0,
matched_pair,2026,Miami Grand Prix,Race,race,Ferrari,HAM,LEC,19.0,19.0,94.024,93.539,-0.48499999999999943,MEDIUM,1.0,1.0,19,dry,green,6.0,6.0,3.0,3.0,
matched_pair,2026,Miami Grand Prix,Race,race,Ferrari,HAM,LEC,20.0,20.0,94.217,93.689,-0.5280000000000058,MEDIUM,1.0,1.0,20,dry,green,6.0,5.0,3.0,3.0,
matched_pair,2026,Miami Grand Prix,Race,race,Haas F1 Team,BEA,OCO,28.0,33.0,93.744,93.712,-0.031999999999996476,HARD,2.0,2.0,2,dry,green,14.0,13.0,13.0,12.0,
matched_pair,2026,Miami Grand Prix,Race,race,Haas F1 Team,BEA,OCO,29.0,34.0,94.061,94.051,-0.010000000000005116,HARD,2.0,2.0,3,dry,green,13.0,13.0,12.0,12.0,
matched_pair,2026,Miami Grand Prix,Race,race,Haas F1 Team,BEA,OCO,30.0,35.0,93.841,93.87,0.029000000000010573,HARD,2.0,2.0,4,dry,green,13.0,13.0,12.0,12.0,
matched_pair,2026,Miami Grand Prix,Race,race,Haas F1 Team,BEA,OCO,31.0,36.0,94.085,94.25,0.16500000000000625,HARD,2.0,2.0,5,dry,green,13.0,13.0,12.0,12.0,
matched_pair,2026,Miami Grand Prix,Race,race,Haas F1 Team,BEA,OCO,32.0,37.0,94.102,94.361,0.25900000000000034,HARD,2.0,2.0,6,dry,green,13.0,11.0,12.0,12.0,
matched_pair,2026,Miami Grand Prix,Race,race,Haas F1 Team,BEA,OCO,33.0,38.0,93.867,94.538,0.6709999999999923,HARD,2.0,2.0,7,dry,green,11.0,11.0,12.0,12.0,
matched_pair,2026,Miami Grand Prix,Race,race,Haas F1 Team,BEA,OCO,34.0,39.0,94.303,94.429,0.12600000000000477,HARD,2.0,2.0,8,dry,green,11.0,11.0,12.0,12.0,
matched_pair,2026,Miami Grand Prix,Race,race,Haas F1 Team,BEA,OCO,35.0,40.0,94.198,94.464,0.26600000000000534,HARD,2.0,2.0,9,dry,green,11.0,11.0,12.0,12.0,
matched_pair,2026,Miami Grand Prix,Race,race,Haas F1 Team,BEA,OCO,36.0,41.0,94.273,94.449,0.17600000000000193,HARD,2.0,2.0,10,dry,green,11.0,11.0,12.0,12.0,
matched_pair,2026,Miami Grand Prix,Race,race,Haas F1 Team,BEA,OCO,37.0,42.0,94.245,94.589,0.3439999999999941,HARD,2.0,2.0,11,dry,green,11.0,11.0,12.0,12.0,
matched_pair,2026,Miami Grand Prix,Race,race,Haas F1 Team,BEA,OCO,38.0,43.0,94.369,94.592,0.22299999999999898,HARD,2.0,2.0,12,dry,green,11.0,11.0,12.0,12.0,
matched_pair,2026,Miami Grand Prix,Race,race,Haas F1 Team,BEA,OCO,39.0,44.0,94.403,94.527,0.12399999999999523,HARD,2.0,2.0,13,dry,green,11.0,11.0,12.0,12.0,
matched_pair,2026,Miami Grand Prix,Race,race,Haas F1 Team,BEA,OCO,40.0,45.0,94.359,94.806,0.44700000000000273,HARD,2.0,2.0,14,dry,green,11.0,11.0,12.0,12.0,
matched_pair,2026,Miami Grand Prix,Race,race,Haas F1 Team,BEA,OCO,43.0,48.0,94.879,94.26,-0.6189999999999998,HARD,2.0,2.0,17,dry,green,11.0,11.0,13.0,13.0,
matched_pair,2026,Miami Grand Prix,Race,race,Haas F1 Team,BEA,OCO,44.0,49.0,94.482,94.259,-0.22299999999999898,HARD,2.0,2.0,18,dry,green,11.0,11.0,13.0,13.0,
matched_pair,2026,Miami Grand Prix,Race,race,Haas F1 Team,BEA,OCO,46.0,51.0,94.353,94.853,0.5,HARD,2.0,2.0,20,dry,green,11.0,11.0,13.0,13.0,
matched_pair,2026,Miami Grand Prix,Race,race,Haas F1 Team,BEA,OCO,48.0,53.0,94.753,94.427,-0.3259999999999934,HARD,2.0,2.0,22,dry,green,11.0,11.0,13.0,13.0,
matched_pair,2026,Miami Grand Prix,Race,race,Haas F1 Team,BEA,OCO,49.0,54.0,94.342,94.124,-0.21800000000000352,HARD,2.0,2.0,23,dry,green,11.0,11.0,13.0,13.0,
matched_pair,2026,Miami Grand Prix,Race,race,Haas F1 Team,BEA,OCO,50.0,55.0,94.287,94.416,0.12899999999999068,HARD,2.0,2.0,24,dry,green,11.0,11.0,13.0,13.0,
matched_pair,2026,Miami Grand Prix,Race,race,Haas F1 Team,BEA,OCO,3.0,3.0,94.892,95.181,0.2890000000000015,MEDIUM,1.0,1.0,3,dry,green,13.0,13.0,14.0,14.0,
matched_pair,2026,Miami Grand Prix,Race,race,Haas F1 Team,BEA,OCO,4.0,4.0,95.041,95.464,0.4230000000000018,MEDIUM,1.0,1.0,4,dry,green,13.0,13.0,14.0,14.0,
matched_pair,2026,Miami Grand Prix,Race,race,Haas F1 Team,BEA,OCO,12.0,12.0,95.269,95.213,-0.056000000000011596,MEDIUM,1.0,1.0,12,dry,green,10.0,10.0,11.0,11.0,
matched_pair,2026,Miami Grand Prix,Race,race,Haas F1 Team,BEA,OCO,13.0,13.0,95.032,95.07,0.0379999999999967,MEDIUM,1.0,1.0,13,dry,green,10.0,10.0,11.0,11.0,
matched_pair,2026,Miami Grand Prix,Race,race,Haas F1 Team,BEA,OCO,14.0,14.0,94.617,94.862,0.24499999999999034,MEDIUM,1.0,1.0,14,dry,green,10.0,10.0,11.0,11.0,
matched_pair,2026,Miami Grand Prix,Race,race,Haas F1 Team,BEA,OCO,15.0,15.0,95.111,95.665,0.554000000000002,MEDIUM,1.0,1.0,15,dry,green,10.0,11.0,11.0,12.0,
matched_pair,2026,Miami Grand Prix,Race,race,Haas F1 Team,BEA,OCO,17.0,17.0,95.207,95.127,-0.0799999999999983,MEDIUM,1.0,1.0,17,dry,green,11.0,11.0,12.0,12.0,
matched_pair,2026,Miami Grand Prix,Race,race,Haas F1 Team,BEA,OCO,18.0,18.0,95.176,95.226,0.04999999999999716,MEDIUM,1.0,1.0,18,dry,green,11.0,11.0,12.0,12.0,
matched_pair,2026,Miami Grand Prix,Race,race,Haas F1 Team,BEA,OCO,19.0,19.0,95.097,94.966,-0.13100000000000023,MEDIUM,1.0,1.0,19,dry,green,11.0,11.0,12.0,12.0,
matched_pair,2026,Miami Grand Prix,Race,race,Haas F1 Team,BEA,OCO,20.0,20.0,95.105,95.21,0.10499999999998977,MEDIUM,1.0,1.0,20,dry,green,11.0,11.0,12.0,12.0,
matched_pair,2026,Miami Grand Prix,Race,race,Haas F1 Team,BEA,OCO,21.0,21.0,95.271,95.117,-0.15399999999999636,MEDIUM,1.0,1.0,21,dry,green,11.0,10.0,12.0,11.0,
matched_pair,2026,Miami Grand Prix,Race,race,Haas F1 Team,BEA,OCO,24.0,24.0,95.107,95.213,0.10599999999999454,MEDIUM,1.0,1.0,24,dry,green,11.0,11.0,12.0,12.0,
matched_pair,2026,Miami Grand Prix,Race,race,Haas F1 Team,BEA,OCO,25.0,25.0,95.015,95.403,0.38800000000000523,MEDIUM,1.0,1.0,25,dry,green,11.0,11.0,12.0,12.0,
matched_pair,2026,Miami Grand Prix,Race,race,McLaren,NOR,PIA,30.0,31.0,92.247,92.439,0.19199999999999307,HARD,2.0,2.0,3,dry,green,2.0,2.0,7.0,6.0,
matched_pair,2026,Miami Grand Prix,Race,race,McLaren,NOR,PIA,31.0,32.0,92.069,92.398,0.3289999999999935,HARD,2.0,2.0,4,dry,green,2.0,2.0,6.0,6.0,
matched_pair,2026,Miami Grand Prix,Race,race,McLaren,NOR,PIA,32.0,33.0,92.155,93.32,1.164999999999992,HARD,2.0,2.0,5,dry,green,2.0,2.0,6.0,6.0,
matched_pair,2026,Miami Grand Prix,Race,race,McLaren,NOR,PIA,35.0,36.0,91.869,93.268,1.399000000000001,HARD,2.0,2.0,8,dry,green,2.0,2.0,5.0,5.0,
matched_pair,2026,Miami Grand Prix,Race,race,McLaren,NOR,PIA,36.0,37.0,92.326,92.836,0.5100000000000051,HARD,2.0,2.0,9,dry,green,2.0,2.0,5.0,5.0,
matched_pair,2026,Miami Grand Prix,Race,race,McLaren,NOR,PIA,37.0,38.0,92.391,92.55,0.15899999999999181,HARD,2.0,2.0,10,dry,green,2.0,2.0,5.0,5.0,
matched_pair,2026,Miami Grand Prix,Race,race,McLaren,NOR,PIA,38.0,39.0,92.383,92.593,0.21000000000000796,HARD,2.0,2.0,11,dry,green,2.0,2.0,5.0,5.0,
matched_pair,2026,Miami Grand Prix,Race,race,McLaren,NOR,PIA,39.0,40.0,92.657,92.524,-0.13299999999999557,HARD,2.0,2.0,12,dry,green,2.0,2.0,5.0,5.0,
matched_pair,2026,Miami Grand Prix,Race,race,McLaren,NOR,PIA,40.0,41.0,92.64,92.8,0.1599999999999966,HARD,2.0,2.0,13,dry,green,2.0,2.0,5.0,5.0,
matched_pair,2026,Miami Grand Prix,Race,race,McLaren,NOR,PIA,41.0,42.0,92.676,92.664,-0.012000000000000455,HARD,2.0,2.0,14,dry,green,2.0,2.0,5.0,5.0,
matched_pair,2026,Miami Grand Prix,Race,race,McLaren,NOR,PIA,42.0,43.0,92.662,92.838,0.17599999999998772,HARD,2.0,2.0,15,dry,green,2.0,2.0,5.0,5.0,
matched_pair,2026,Miami Grand Prix,Race,race,McLaren,NOR,PIA,43.0,44.0,92.491,92.784,0.29300000000000637,HARD,2.0,2.0,16,dry,green,2.0,2.0,5.0,5.0,
matched_pair,2026,Miami Grand Prix,Race,race,McLaren,NOR,PIA,44.0,45.0,92.591,92.298,-0.29299999999999216,HARD,2.0,2.0,17,dry,green,2.0,2.0,5.0,5.0,
matched_pair,2026,Miami Grand Prix,Race,race,McLaren,NOR,PIA,45.0,46.0,92.469,92.496,0.027000000000001023,HARD,2.0,2.0,18,dry,green,2.0,2.0,5.0,5.0,
matched_pair,2026,Miami Grand Prix,Race,race,McLaren,NOR,PIA,46.0,47.0,92.715,92.61,-0.10500000000000398,HARD,2.0,2.0,19,dry,green,2.0,2.0,5.0,5.0,
matched_pair,2026,Miami Grand Prix,Race,race,McLaren,NOR,PIA,49.0,50.0,92.269,92.425,0.1559999999999917,HARD,2.0,2.0,22,dry,green,2.0,2.0,4.0,4.0,
matched_pair,2026,Miami Grand Prix,Race,race,McLaren,NOR,PIA,50.0,51.0,92.428,92.416,-0.012000000000000455,HARD,2.0,2.0,23,dry,green,2.0,2.0,4.0,4.0,
matched_pair,2026,Miami Grand Prix,Race,race,McLaren,NOR,PIA,51.0,52.0,92.394,92.449,0.05499999999999261,HARD,2.0,2.0,24,dry,green,2.0,2.0,4.0,4.0,
matched_pair,2026,Miami Grand Prix,Race,race,McLaren,NOR,PIA,52.0,53.0,92.464,92.22,-0.24399999999999977,HARD,2.0,2.0,25,dry,green,2.0,2.0,4.0,4.0,
matched_pair,2026,Miami Grand Prix,Race,race,McLaren,NOR,PIA,53.0,54.0,92.738,91.986,-0.7519999999999953,HARD,2.0,2.0,26,dry,green,2.0,2.0,4.0,4.0,
matched_pair,2026,Miami Grand Prix,Race,race,McLaren,NOR,PIA,54.0,55.0,92.038,92.696,0.6580000000000013,HARD,2.0,2.0,27,dry,green,2.0,2.0,4.0,4.0,
matched_pair,2026,Miami Grand Prix,Race,race,McLaren,NOR,PIA,55.0,56.0,92.493,93.246,0.7530000000000001,HARD,2.0,2.0,28,dry,green,2.0,2.0,4.0,3.0,
matched_pair,2026,Miami Grand Prix,Race,race,McLaren,NOR,PIA,2.0,2.0,92.77,93.525,0.7550000000000097,MEDIUM,1.0,1.0,2,dry,green,3.0,3.0,4.0,4.0,
matched_pair,2026,Miami Grand Prix,Race,race,McLaren,NOR,PIA,12.0,12.0,92.556,93.518,0.9620000000000033,MEDIUM,1.0,1.0,12,dry,green,2.0,2.0,5.0,4.0,
matched_pair,2026,Miami Grand Prix,Race,race,McLaren,NOR,PIA,13.0,13.0,92.894,93.463,0.5689999999999884,MEDIUM,1.0,1.0,13,dry,green,2.0,1.0,4.0,4.0,
matched_pair,2026,Miami Grand Prix,Race,race,McLaren,NOR,PIA,14.0,14.0,92.794,93.22,0.42600000000000193,MEDIUM,1.0,1.0,14,dry,green,1.0,1.0,4.0,4.0,
matched_pair,2026,Miami Grand Prix,Race,race,McLaren,NOR,PIA,15.0,15.0,92.987,93.497,0.5100000000000051,MEDIUM,1.0,1.0,15,dry,green,1.0,1.0,4.0,4.0,
matched_pair,2026,Miami Grand Prix,Race,race,McLaren,NOR,PIA,18.0,18.0,93.04,94.013,0.972999999999999,MEDIUM,1.0,1.0,18,dry,green,1.0,1.0,4.0,4.0,
matched_pair,2026,Miami Grand Prix,Race,race,McLaren,NOR,PIA,19.0,19.0,93.008,93.718,0.710000000000008,MEDIUM,1.0,1.0,19,dry,green,1.0,1.0,4.0,4.0,
matched_pair,2026,Miami Grand Prix,Race,race,McLaren,NOR,PIA,20.0,20.0,93.193,93.477,0.284000000000006,MEDIUM,1.0,1.0,20,dry,green,1.0,1.0,4.0,4.0,
matched_pair,2026,Miami Grand Prix,Race,race,McLaren,NOR,PIA,21.0,21.0,92.881,93.541,0.6599999999999966,MEDIUM,1.0,1.0,21,dry,green,1.0,1.0,4.0,3.0,
matched_pair,2026,Miami Grand Prix,Race,race,McLaren,NOR,PIA,22.0,22.0,93.048,93.874,0.8259999999999934,MEDIUM,1.0,1.0,22,dry,green,1.0,1.0,3.0,3.0,
matched_pair,2026,Miami Grand Prix,Race,race,McLaren,NOR,PIA,23.0,23.0,93.098,93.83,0.7319999999999993,MEDIUM,1.0,1.0,23,dry,green,1.0,1.0,3.0,3.0,
matched_pair,2026,Miami Grand Prix,Race,race,McLaren,NOR,PIA,24.0,24.0,93.093,93.64,0.546999999999997,MEDIUM,1.0,1.0,24,dry,green,1.0,1.0,3.0,3.0,
matched_pair,2026,Miami Grand Prix,Race,race,McLaren,NOR,PIA,26.0,26.0,93.059,94.071,1.0120000000000005,MEDIUM,1.0,1.0,26,dry,green,1.0,1.0,3.0,3.0,
matched_pair,2026,Miami Grand Prix,Race,race,Mercedes,ANT,RUS,29.0,23.0,92.331,93.752,1.4209999999999923,HARD,2.0,2.0,3,dry,green,2.0,1.0,10.0,9.0,
matched_pair,2026,Miami Grand Prix,Race,race,Mercedes,ANT,RUS,30.0,24.0,92.21,94.363,2.153000000000006,HARD,2.0,2.0,4,dry,green,1.0,1.0,9.0,8.0,
matched_pair,2026,Miami Grand Prix,Race,race,Mercedes,ANT,RUS,31.0,25.0,92.258,93.069,0.811000000000007,HARD,2.0,2.0,5,dry,green,1.0,1.0,8.0,8.0,
matched_pair,2026,Miami Grand Prix,Race,race,Mercedes,ANT,RUS,32.0,26.0,92.046,93.423,1.3769999999999953,HARD,2.0,2.0,6,dry,green,1.0,1.0,8.0,7.0,
matched_pair,2026,Miami Grand Prix,Race,race,Mercedes,ANT,RUS,33.0,27.0,92.113,93.205,1.0919999999999987,HARD,2.0,2.0,7,dry,green,1.0,1.0,7.0,7.0,
matched_pair,2026,Miami Grand Prix,Race,race,Mercedes,ANT,RUS,34.0,28.0,91.968,92.957,0.9889999999999901,HARD,2.0,2.0,8,dry,green,1.0,1.0,7.0,6.0,
matched_pair,2026,Miami Grand Prix,Race,race,Mercedes,ANT,RUS,35.0,29.0,92.487,92.906,0.41900000000001114,HARD,2.0,2.0,9,dry,green,1.0,1.0,6.0,5.0,
matched_pair,2026,Miami Grand Prix,Race,race,Mercedes,ANT,RUS,36.0,30.0,92.354,93.639,1.2849999999999966,HARD,2.0,2.0,10,dry,green,1.0,1.0,5.0,5.0,
matched_pair,2026,Miami Grand Prix,Race,race,Mercedes,ANT,RUS,37.0,31.0,92.483,94.234,1.7509999999999906,HARD,2.0,2.0,11,dry,green,1.0,1.0,5.0,5.0,
matched_pair,2026,Miami Grand Prix,Race,race,Mercedes,ANT,RUS,38.0,32.0,92.423,93.326,0.9029999999999916,HARD,2.0,2.0,12,dry,green,1.0,1.0,5.0,5.0,
matched_pair,2026,Miami Grand Prix,Race,race,Mercedes,ANT,RUS,39.0,33.0,92.382,93.547,1.164999999999992,HARD,2.0,2.0,13,dry,green,1.0,1.0,5.0,5.0,
matched_pair,2026,Miami Grand Prix,Race,race,Mercedes,ANT,RUS,42.0,36.0,92.496,93.722,1.225999999999999,HARD,2.0,2.0,16,dry,green,1.0,1.0,6.0,6.0,
matched_pair,2026,Miami Grand Prix,Race,race,Mercedes,ANT,RUS,43.0,37.0,92.186,93.203,1.016999999999996,HARD,2.0,2.0,17,dry,green,1.0,1.0,6.0,6.0,
matched_pair,2026,Miami Grand Prix,Race,race,Mercedes,ANT,RUS,44.0,38.0,92.211,93.237,1.0259999999999962,HARD,2.0,2.0,18,dry,green,1.0,1.0,6.0,6.0,
matched_pair,2026,Miami Grand Prix,Race,race,Mercedes,ANT,RUS,45.0,39.0,92.399,92.977,0.578000000000003,HARD,2.0,2.0,19,dry,green,1.0,1.0,6.0,6.0,
matched_pair,2026,Miami Grand Prix,Race,race,Mercedes,ANT,RUS,46.0,40.0,92.531,93.177,0.6460000000000008,HARD,2.0,2.0,20,dry,green,1.0,1.0,6.0,6.0,
matched_pair,2026,Miami Grand Prix,Race,race,Mercedes,ANT,RUS,49.0,43.0,92.243,93.293,1.0500000000000114,HARD,2.0,2.0,23,dry,green,1.0,1.0,6.0,6.0,
matched_pair,2026,Miami Grand Prix,Race,race,Mercedes,ANT,RUS,50.0,44.0,92.097,93.747,1.6500000000000057,HARD,2.0,2.0,24,dry,green,1.0,1.0,6.0,6.0,
matched_pair,2026,Miami Grand Prix,Race,race,Mercedes,ANT,RUS,51.0,45.0,92.418,93.07,0.6519999999999868,HARD,2.0,2.0,25,dry,green,1.0,1.0,6.0,6.0,
matched_pair,2026,Miami Grand Prix,Race,race,Mercedes,ANT,RUS,52.0,46.0,92.427,93.302,0.875,HARD,2.0,2.0,26,dry,green,1.0,1.0,6.0,6.0,
matched_pair,2026,Miami Grand Prix,Race,race,Mercedes,ANT,RUS,53.0,47.0,92.354,93.261,0.9069999999999965,HARD,2.0,2.0,27,dry,green,1.0,1.0,6.0,6.0,
matched_pair,2026,Miami Grand Prix,Race,race,Mercedes,ANT,RUS,55.0,49.0,92.347,92.741,0.39400000000000546,HARD,2.0,2.0,29,dry,green,1.0,1.0,6.0,6.0,
matched_pair,2026,Miami Grand Prix,Race,race,Mercedes,ANT,RUS,56.0,50.0,92.586,92.701,0.11499999999999488,HARD,2.0,2.0,30,dry,green,1.0,1.0,6.0,6.0,
matched_pair,2026,Miami Grand Prix,Race,race,Mercedes,ANT,RUS,2.0,2.0,92.936,93.194,0.25799999999999557,MEDIUM,1.0,1.0,2,dry,green,2.0,2.0,5.0,5.0,
matched_pair,2026,Miami Grand Prix,Race,race,Mercedes,ANT,RUS,3.0,3.0,93.224,93.574,0.3499999999999943,MEDIUM,1.0,1.0,3,dry,green,2.0,2.0,5.0,4.0,
matched_pair,2026,Miami Grand Prix,Race,race,Mercedes,ANT,RUS,4.0,4.0,93.586,93.873,0.28700000000000614,MEDIUM,1.0,1.0,4,dry,green,2.0,1.0,4.0,4.0,
matched_pair,2026,Miami Grand Prix,Race,race,Mercedes,ANT,RUS,13.0,13.0,93.07,93.583,0.5130000000000052,MEDIUM,1.0,1.0,13,dry,green,3.0,2.0,5.0,5.0,
matched_pair,2026,Miami Grand Prix,Race,race,Mercedes,ANT,RUS,14.0,14.0,93.314,93.818,0.5040000000000049,MEDIUM,1.0,1.0,14,dry,green,2.0,2.0,5.0,5.0,
matched_pair,2026,Miami Grand Prix,Race,race,Mercedes,ANT,RUS,15.0,15.0,93.18,93.495,0.3149999999999977,MEDIUM,1.0,1.0,15,dry,green,2.0,2.0,5.0,5.0,
matched_pair,2026,Miami Grand Prix,Race,race,Mercedes,ANT,RUS,17.0,17.0,93.053,93.99,0.9369999999999976,MEDIUM,1.0,1.0,17,dry,green,2.0,2.0,5.0,5.0,
matched_pair,2026,Miami Grand Prix,Race,race,Mercedes,ANT,RUS,18.0,18.0,93.244,94.058,0.8140000000000072,MEDIUM,1.0,1.0,18,dry,green,2.0,2.0,5.0,5.0,
matched_pair,2026,Miami Grand Prix,Race,race,Mercedes,ANT,RUS,19.0,19.0,93.345,93.873,0.5280000000000058,MEDIUM,1.0,1.0,19,dry,green,2.0,2.0,5.0,5.0,
skipped_pair,2026,Miami Grand Prix,Race,race,Racing Bulls,LAW,LIN,,,,,,,,,,,,,,,,insufficient_matched_pairs
skipped_pair,2026,Miami Grand Prix,Race,race,Red Bull Racing,HAD,VER,,,,,,,,,,,,,,,,insufficient_matched_pairs
matched_pair,2026,Miami Grand Prix,Race,race,Williams,ALB,SAI,29.0,30.0,93.875,93.026,-0.8490000000000038,HARD,2.0,2.0,2,dry,green,12.0,12.0,11.0,11.0,
matched_pair,2026,Miami Grand Prix,Race,race,Williams,ALB,SAI,30.0,31.0,93.784,93.311,-0.472999999999999,HARD,2.0,2.0,3,dry,green,12.0,12.0,11.0,11.0,
matched_pair,2026,Miami Grand Prix,Race,race,Williams,ALB,SAI,31.0,32.0,93.837,93.737,-0.10000000000000853,HARD,2.0,2.0,4,dry,green,12.0,12.0,11.0,9.0,
matched_pair,2026,Miami Grand Prix,Race,race,Williams,ALB,SAI,32.0,33.0,94.194,93.547,-0.6470000000000056,HARD,2.0,2.0,5,dry,green,12.0,10.0,9.0,9.0,
matched_pair,2026,Miami Grand Prix,Race,race,Williams,ALB,SAI,33.0,34.0,94.24,94.042,-0.1979999999999933,HARD,2.0,2.0,6,dry,green,10.0,10.0,9.0,9.0,
matched_pair,2026,Miami Grand Prix,Race,race,Williams,ALB,SAI,34.0,35.0,94.433,93.968,-0.4650000000000034,HARD,2.0,2.0,7,dry,green,10.0,10.0,9.0,9.0,
matched_pair,2026,Miami Grand Prix,Race,race,Williams,ALB,SAI,35.0,36.0,94.296,93.818,-0.47800000000000864,HARD,2.0,2.0,8,dry,green,10.0,10.0,9.0,9.0,
matched_pair,2026,Miami Grand Prix,Race,race,Williams,ALB,SAI,36.0,37.0,94.201,94.082,-0.11899999999999977,HARD,2.0,2.0,9,dry,green,10.0,10.0,9.0,9.0,
matched_pair,2026,Miami Grand Prix,Race,race,Williams,ALB,SAI,37.0,38.0,94.485,94.237,-0.24800000000000466,HARD,2.0,2.0,10,dry,green,10.0,10.0,9.0,9.0,
matched_pair,2026,Miami Grand Prix,Race,race,Williams,ALB,SAI,38.0,39.0,94.44,94.234,-0.20600000000000307,HARD,2.0,2.0,11,dry,green,10.0,10.0,9.0,9.0,
matched_pair,2026,Miami Grand Prix,Race,race,Williams,ALB,SAI,39.0,40.0,94.337,93.988,-0.34900000000000375,HARD,2.0,2.0,12,dry,green,10.0,10.0,9.0,9.0,
matched_pair,2026,Miami Grand Prix,Race,race,Williams,ALB,SAI,40.0,41.0,94.439,94.315,-0.12399999999999523,HARD,2.0,2.0,13,dry,green,10.0,10.0,9.0,9.0,
matched_pair,2026,Miami Grand Prix,Race,race,Williams,ALB,SAI,41.0,42.0,94.172,94.394,0.2220000000000084,HARD,2.0,2.0,14,dry,green,10.0,10.0,9.0,9.0,
matched_pair,2026,Miami Grand Prix,Race,race,Williams,ALB,SAI,42.0,43.0,94.366,94.241,-0.125,HARD,2.0,2.0,15,dry,green,10.0,10.0,9.0,9.0,
matched_pair,2026,Miami Grand Prix,Race,race,Williams,ALB,SAI,43.0,44.0,94.29,93.866,-0.4240000000000066,HARD,2.0,2.0,16,dry,green,10.0,10.0,9.0,9.0,
matched_pair,2026,Miami Grand Prix,Race,race,Williams,ALB,SAI,44.0,45.0,94.139,94.046,-0.09299999999998931,HARD,2.0,2.0,17,dry,green,10.0,10.0,9.0,9.0,
matched_pair,2026,Miami Grand Prix,Race,race,Williams,ALB,SAI,45.0,46.0,94.31,94.07,-0.2400000000000091,HARD,2.0,2.0,18,dry,green,10.0,10.0,9.0,9.0,
matched_pair,2026,Miami Grand Prix,Race,race,Williams,ALB,SAI,48.0,49.0,94.325,93.98,-0.34499999999999886,HARD,2.0,2.0,21,dry,green,10.0,10.0,9.0,9.0,
matched_pair,2026,Miami Grand Prix,Race,race,Williams,ALB,SAI,49.0,50.0,94.18,93.893,-0.28700000000000614,HARD,2.0,2.0,22,dry,green,10.0,10.0,9.0,9.0,
matched_pair,2026,Miami Grand Prix,Race,race,Williams,ALB,SAI,50.0,51.0,94.356,94.102,-0.2539999999999907,HARD,2.0,2.0,23,dry,green,10.0,10.0,9.0,9.0,
matched_pair,2026,Miami Grand Prix,Race,race,Williams,ALB,SAI,51.0,52.0,94.407,94.172,-0.23499999999999943,HARD,2.0,2.0,24,dry,green,10.0,10.0,9.0,9.0,
matched_pair,2026,Miami Grand Prix,Race,race,Williams,ALB,SAI,52.0,53.0,94.287,93.989,-0.2980000000000018,HARD,2.0,2.0,25,dry,green,10.0,10.0,9.0,9.0,
matched_pair,2026,Miami Grand Prix,Race,race,Williams,ALB,SAI,53.0,54.0,94.351,93.858,-0.492999999999995,HARD,2.0,2.0,26,dry,green,10.0,10.0,9.0,9.0,
matched_pair,2026,Miami Grand Prix,Race,race,Williams,ALB,SAI,54.0,55.0,94.253,93.951,-0.3020000000000067,HARD,2.0,2.0,27,dry,green,10.0,10.0,9.0,9.0,
matched_pair,2026,Miami Grand Prix,Race,race,Williams,ALB,SAI,3.0,3.0,94.932,95.295,0.36299999999999955,MEDIUM,1.0,1.0,3,dry,green,10.0,10.0,12.0,12.0,
matched_pair,2026,Miami Grand Prix,Race,race,Williams,ALB,SAI,4.0,4.0,94.77,94.844,0.07399999999999807,MEDIUM,1.0,1.0,4,dry,green,10.0,10.0,12.0,12.0,
matched_pair,2026,Miami Grand Prix,Race,race,Williams,ALB,SAI,12.0,12.0,95.206,95.161,-0.045000000000001705,MEDIUM,1.0,1.0,12,dry,green,8.0,8.0,9.0,9.0,
matched_pair,2026,Miami Grand Prix,Race,race,Williams,ALB,SAI,13.0,13.0,94.553,94.884,0.33100000000000307,MEDIUM,1.0,1.0,13,dry,green,8.0,8.0,9.0,9.0,
matched_pair,2026,Miami Grand Prix,Race,race,Williams,ALB,SAI,14.0,14.0,94.161,93.978,-0.18300000000000693,MEDIUM,1.0,1.0,14,dry,green,8.0,8.0,9.0,9.0,
matched_pair,2026,Miami Grand Prix,Race,race,Williams,ALB,SAI,15.0,15.0,95.47,94.223,-1.2469999999999999,MEDIUM,1.0,1.0,15,dry,green,8.0,9.0,9.0,8.0,
matched_pair,2026,Miami Grand Prix,Race,race,Williams,ALB,SAI,18.0,18.0,95.189,95.463,0.2740000000000009,MEDIUM,1.0,1.0,18,dry,green,10.0,10.0,8.0,9.0,
matched_pair,2026,Miami Grand Prix,Race,race,Williams,ALB,SAI,19.0,19.0,94.979,94.773,-0.20600000000000307,MEDIUM,1.0,1.0,19,dry,green,10.0,10.0,9.0,9.0,
matched_pair,2026,Miami Grand Prix,Race,race,Williams,ALB,SAI,20.0,20.0,95.212,94.8,-0.41200000000000614,MEDIUM,1.0,1.0,20,dry,green,10.0,10.0,9.0,9.0,
matched_pair,2026,Miami Grand Prix,Race,race,Williams,ALB,SAI,21.0,21.0,94.879,94.968,0.08899999999999864,MEDIUM,1.0,1.0,21,dry,green,10.0,9.0,9.0,8.0,
matched_pair,2026,Miami Grand Prix,Race,race,Williams,ALB,SAI,22.0,22.0,94.8,94.601,-0.19899999999999807,MEDIUM,1.0,1.0,22,dry,green,9.0,8.0,8.0,7.0,
matched_pair,2026,Miami Grand Prix,Race,race,Williams,ALB,SAI,23.0,23.0,95.097,94.651,-0.44599999999999795,MEDIUM,1.0,1.0,23,dry,green,8.0,8.0,7.0,7.0,
matched_pair,2026,Miami Grand Prix,Race,race,Williams,ALB,SAI,25.0,25.0,95.119,95.297,0.17799999999999727,MEDIUM,1.0,1.0,25,dry,green,10.0,10.0,7.0,7.0,
matched_pair,2026,Miami Grand Prix,Qualifying,qualifying,Alpine,COL,GAS,16.0,16.0,88.762,88.988,0.2259999999999991,SOFT,5.0,5.0,2,dry,green,,,,,
matched_pair,2026,Miami Grand Prix,Qualifying,qualifying,Alpine,COL,GAS,10.0,10.0,88.975,89.161,0.18600000000000705,SOFT,3.0,3.0,2,dry,green,,,,,
matched_pair,2026,Miami Grand Prix,Qualifying,qualifying,Alpine,COL,GAS,13.0,13.0,89.123,89.07,-0.05300000000001148,SOFT,4.0,4.0,2,dry,green,,,,,
skipped_pair,2026,Miami Grand Prix,Qualifying,qualifying,Aston Martin,ALO,STR,,,,,,,,,,,,,,,,insufficient_matched_pairs
skipped_pair,2026,Miami Grand Prix,Qualifying,qualifying,Audi,BOR,HUL,,,,,,,,,,,,,,,,insufficient_matched_pairs
skipped_pair,2026,Miami Grand Prix,Qualifying,qualifying,Cadillac,BOT,PER,,,,,,,,,,,,,,,,insufficient_matched_pairs
matched_pair,2026,Miami Grand Prix,Qualifying,qualifying,Ferrari,HAM,LEC,17.0,17.0,88.376,88.143,-0.2330000000000041,SOFT,5.0,5.0,2,dry,green,,,,,
matched_pair,2026,Miami Grand Prix,Qualifying,qualifying,Ferrari,HAM,LEC,20.0,20.0,88.319,88.203,-0.11599999999999966,SOFT,6.0,6.0,2,dry,green,,,,,
matched_pair,2026,Miami Grand Prix,Qualifying,qualifying,Ferrari,HAM,LEC,11.0,11.0,88.477,88.542,0.06499999999999773,SOFT,3.0,3.0,2,dry,green,,,,,
matched_pair,2026,Miami Grand Prix,Qualifying,qualifying,Ferrari,HAM,LEC,14.0,14.0,88.83,88.315,-0.5150000000000006,SOFT,4.0,4.0,2,dry,green,,,,,
matched_pair,2026,Miami Grand Prix,Qualifying,qualifying,Haas F1 Team,BEA,OCO,8.0,11.0,90.022,89.911,-0.1110000000000042,SOFT,3.0,4.0,2,dry,green,,,,,
matched_pair,2026,Miami Grand Prix,Qualifying,qualifying,Haas F1 Team,BEA,OCO,11.0,14.0,89.567,89.772,0.2050000000000125,SOFT,4.0,5.0,2,dry,green,,,,,
matched_pair,2026,Miami Grand Prix,Qualifying,qualifying,Haas F1 Team,BEA,OCO,2.0,2.0,90.203,90.783,0.5799999999999983,SOFT,1.0,1.0,2,dry,green,,,,,
matched_pair,2026,Miami Grand Prix,Qualifying,qualifying,Haas F1 Team,BEA,OCO,5.0,5.0,89.34,90.293,0.953000000000003,SOFT,2.0,2.0,2,dry,green,,,,,
matched_pair,2026,Miami Grand Prix,Qualifying,qualifying,McLaren,NOR,PIA,16.0,16.0,88.183,88.687,0.5039999999999907,SOFT,5.0,5.0,2,dry,green,,,,,
matched_pair,2026,Miami Grand Prix,Qualifying,qualifying,McLaren,NOR,PIA,19.0,19.0,88.527,88.5,-0.027000000000001023,SOFT,6.0,6.0,2,dry,green,,,,,
matched_pair,2026,Miami Grand Prix,Qualifying,qualifying,McLaren,NOR,PIA,10.0,10.0,89.04,88.902,-0.13800000000000523,SOFT,4.0,3.0,2,dry,green,,,,,
matched_pair,2026,Miami Grand Prix,Qualifying,qualifying,McLaren,NOR,PIA,13.0,13.0,88.92,88.332,-0.5880000000000081,SOFT,4.0,4.0,5,dry,green,,,,,
matched_pair,2026,Miami Grand Prix,Qualifying,qualifying,Mercedes,ANT,RUS,14.0,14.0,87.798,88.197,0.3990000000000009,SOFT,5.0,5.0,2,dry,green,,,,,
matched_pair,2026,Miami Grand Prix,Qualifying,qualifying,Mercedes,ANT,RUS,8.0,8.0,88.352,88.477,0.125,SOFT,3.0,3.0,2,dry,green,,,,,
matched_pair,2026,Miami Grand Prix,Qualifying,qualifying,Mercedes,ANT,RUS,11.0,11.0,88.289,88.822,0.5330000000000013,SOFT,4.0,4.0,2,dry,green,,,,,
skipped_pair,2026,Miami Grand Prix,Qualifying,qualifying,Racing Bulls,LAW,LIN,,,,,,,,,,,,,,,,insufficient_matched_pairs
matched_pair,2026,Miami Grand Prix,Qualifying,qualifying,Red Bull Racing,HAD,VER,17.0,11.0,88.789,88.181,-0.6080000000000041,SOFT,5.0,4.0,2,dry,green,,,,,
matched_pair,2026,Miami Grand Prix,Qualifying,qualifying,Red Bull Racing,HAD,VER,20.0,14.0,89.302,87.964,-1.338000000000008,SOFT,6.0,5.0,2,dry,green,,,,,
matched_pair,2026,Miami Grand Prix,Qualifying,qualifying,Red Bull Racing,HAD,VER,11.0,5.0,88.941,88.931,-0.010000000000005116,SOFT,3.0,2.0,2,dry,green,,,,,
matched_pair,2026,Miami Grand Prix,Qualifying,qualifying,Red Bull Racing,HAD,VER,14.0,8.0,89.259,88.116,-1.1430000000000007,SOFT,4.0,3.0,2,dry,green,,,,,
matched_pair,2026,Miami Grand Prix,Qualifying,qualifying,Williams,ALB,SAI,11.0,11.0,90.129,90.224,0.09499999999999886,SOFT,4.0,4.0,2,dry,green,,,,,
matched_pair,2026,Miami Grand Prix,Qualifying,qualifying,Williams,ALB,SAI,14.0,14.0,89.946,89.568,-0.3780000000000001,SOFT,5.0,5.0,2,dry,green,,,,,
matched_pair,2026,Miami Grand Prix,Qualifying,qualifying,Williams,ALB,SAI,5.0,2.0,90.143,92.426,2.2830000000000013,SOFT,2.0,1.0,2,dry,green,,,,,
matched_pair,2026,Miami Grand Prix,Qualifying,qualifying,Williams,ALB,SAI,8.0,5.0,89.72,90.21,0.4899999999999949,SOFT,3.0,2.0,2,dry,green,,,,,
matched_pair,2026,Canadian Grand Prix,Race,race,Alpine,COL,GAS,35.0,35.0,77.335,77.389,0.054000000000002046,HARD,2.0,2.0,5,dry,green,6.0,6.0,8.0,8.0,
matched_pair,2026,Canadian Grand Prix,Race,race,Alpine,COL,GAS,36.0,36.0,77.239,77.233,-0.006000000000000227,HARD,2.0,2.0,6,dry,green,6.0,6.0,8.0,9.0,
matched_pair,2026,Canadian Grand Prix,Race,race,Alpine,COL,GAS,37.0,37.0,76.672,76.922,0.25,HARD,2.0,2.0,7,dry,green,6.0,6.0,9.0,9.0,
matched_pair,2026,Canadian Grand Prix,Race,race,Alpine,COL,GAS,40.0,40.0,76.879,76.585,-0.29400000000001114,HARD,2.0,2.0,10,dry,green,6.0,6.0,8.0,8.0,
matched_pair,2026,Canadian Grand Prix,Race,race,Alpine,COL,GAS,41.0,41.0,76.79,76.395,-0.39500000000001023,HARD,2.0,2.0,11,dry,green,6.0,6.0,8.0,8.0,
matched_pair,2026,Canadian Grand Prix,Race,race,Alpine,COL,GAS,42.0,42.0,76.618,76.245,-0.37299999999999045,HARD,2.0,2.0,12,dry,green,6.0,6.0,8.0,8.0,
matched_pair,2026,Canadian Grand Prix,Race,race,Alpine,COL,GAS,43.0,43.0,76.926,76.219,-0.7070000000000078,HARD,2.0,2.0,13,dry,green,6.0,6.0,8.0,8.0,
matched_pair,2026,Canadian Grand Prix,Race,race,Alpine,COL,GAS,44.0,44.0,76.249,77.859,1.6099999999999994,HARD,2.0,2.0,14,dry,green,6.0,6.0,8.0,8.0,
matched_pair,2026,Canadian Grand Prix,Race,race,Alpine,COL,GAS,48.0,48.0,76.61,77.589,0.9789999999999992,HARD,2.0,2.0,18,dry,green,6.0,6.0,8.0,8.0,
matched_pair,2026,Canadian Grand Prix,Race,race,Alpine,COL,GAS,49.0,49.0,76.537,76.686,0.1490000000000009,HARD,2.0,2.0,19,dry,green,6.0,6.0,8.0,8.0,
matched_pair,2026,Canadian Grand Prix,Race,race,Alpine,COL,GAS,50.0,50.0,76.31,76.065,-0.24500000000000455,HARD,2.0,2.0,20,dry,green,6.0,6.0,8.0,8.0,
matched_pair,2026,Canadian Grand Prix,Race,race,Alpine,COL,GAS,54.0,54.0,77.677,76.366,-1.311000000000007,HARD,2.0,2.0,24,dry,green,6.0,6.0,8.0,8.0,
matched_pair,2026,Canadian Grand Prix,Race,race,Alpine,COL,GAS,55.0,55.0,76.809,75.863,-0.945999999999998,HARD,2.0,2.0,25,dry,green,6.0,6.0,8.0,8.0,
matched_pair,2026,Canadian Grand Prix,Race,race,Alpine,COL,GAS,57.0,57.0,76.511,75.785,-0.7259999999999991,HARD,2.0,2.0,27,dry,green,6.0,6.0,8.0,8.0,
matched_pair,2026,Canadian Grand Prix,Race,race,Alpine,COL,GAS,58.0,58.0,76.368,75.983,-0.3849999999999909,HARD,2.0,2.0,28,dry,green,6.0,6.0,8.0,8.0,
matched_pair,2026,Canadian Grand Prix,Race,race,Alpine,COL,GAS,59.0,59.0,76.087,75.752,-0.33500000000000796,HARD,2.0,2.0,29,dry,green,6.0,6.0,8.0,8.0,
matched_pair,2026,Canadian Grand Prix,Race,race,Alpine,COL,GAS,62.0,62.0,75.765,76.121,0.35599999999999454,HARD,2.0,2.0,32,dry,green,6.0,6.0,8.0,8.0,
matched_pair,2026,Canadian Grand Prix,Race,race,Alpine,COL,GAS,63.0,63.0,76.286,75.821,-0.4650000000000034,HARD,2.0,2.0,33,dry,green,6.0,6.0,8.0,8.0,
matched_pair,2026,Canadian Grand Prix,Race,race,Alpine,COL,GAS,64.0,64.0,76.045,76.853,0.8079999999999927,HARD,2.0,2.0,34,dry,green,6.0,6.0,8.0,8.0,
matched_pair,2026,Canadian Grand Prix,Race,race,Alpine,COL,GAS,66.0,66.0,76.141,76.84,0.6989999999999981,HARD,2.0,2.0,36,dry,green,6.0,6.0,8.0,8.0,
matched_pair,2026,Canadian Grand Prix,Race,race,Alpine,COL,GAS,6.0,6.0,78.865,79.779,0.9140000000000015,MEDIUM,1.0,1.0,6,dry,green,7.0,7.0,11.0,10.0,
matched_pair,2026,Canadian Grand Prix,Race,race,Alpine,COL,GAS,7.0,7.0,78.543,79.013,0.46999999999999886,MEDIUM,1.0,1.0,7,dry,green,7.0,7.0,10.0,10.0,
matched_pair,2026,Canadian Grand Prix,Race,race,Alpine,COL,GAS,8.0,8.0,78.287,78.469,0.18199999999998795,MEDIUM,1.0,1.0,8,dry,green,7.0,7.0,10.0,10.0,
matched_pair,2026,Canadian Grand Prix,Race,race,Alpine,COL,GAS,9.0,9.0,78.308,77.916,-0.3920000000000101,MEDIUM,1.0,1.0,9,dry,green,7.0,7.0,10.0,10.0,
matched_pair,2026,Canadian Grand Prix,Race,race,Alpine,COL,GAS,10.0,10.0,78.004,77.79,-0.21399999999999864,MEDIUM,1.0,1.0,10,dry,green,7.0,7.0,10.0,10.0,
matched_pair,2026,Canadian Grand Prix,Race,race,Alpine,COL,GAS,11.0,11.0,78.217,78.575,0.3580000000000041,MEDIUM,1.0,1.0,11,dry,green,7.0,7.0,10.0,10.0,
matched_pair,2026,Canadian Grand Prix,Race,race,Alpine,COL,GAS,15.0,15.0,77.482,77.595,0.11299999999999955,MEDIUM,1.0,1.0,15,dry,green,7.0,7.0,10.0,9.0,
matched_pair,2026,Canadian Grand Prix,Race,race,Alpine,COL,GAS,16.0,16.0,77.292,77.569,0.277000000000001,MEDIUM,1.0,1.0,16,dry,green,7.0,7.0,9.0,9.0,
matched_pair,2026,Canadian Grand Prix,Race,race,Alpine,COL,GAS,17.0,17.0,77.138,77.633,0.49499999999999034,MEDIUM,1.0,1.0,17,dry,green,7.0,7.0,9.0,9.0,
matched_pair,2026,Canadian Grand Prix,Race,race,Alpine,COL,GAS,20.0,20.0,77.018,77.507,0.4890000000000043,MEDIUM,1.0,1.0,20,dry,green,7.0,7.0,9.0,9.0,
matched_pair,2026,Canadian Grand Prix,Race,race,Alpine,COL,GAS,21.0,21.0,76.863,77.774,0.9110000000000014,MEDIUM,1.0,1.0,21,dry,green,7.0,7.0,9.0,9.0,
matched_pair,2026,Canadian Grand Prix,Race,race,Alpine,COL,GAS,22.0,22.0,77.135,77.432,0.29699999999999704,MEDIUM,1.0,1.0,22,dry,green,7.0,7.0,9.0,9.0,
matched_pair,2026,Canadian Grand Prix,Race,race,Alpine,COL,GAS,23.0,23.0,77.071,78.091,1.019999999999996,MEDIUM,1.0,1.0,23,dry,green,7.0,7.0,9.0,9.0,
matched_pair,2026,Canadian Grand Prix,Race,race,Alpine,COL,GAS,24.0,24.0,76.828,77.292,0.46399999999999864,MEDIUM,1.0,1.0,24,dry,green,7.0,7.0,9.0,9.0,
matched_pair,2026,Canadian Grand Prix,Race,race,Alpine,COL,GAS,25.0,25.0,77.086,77.319,0.2330000000000041,MEDIUM,1.0,1.0,25,dry,green,7.0,7.0,9.0,9.0,
matched_pair,2026,Canadian Grand Prix,Race,race,Alpine,COL,GAS,26.0,26.0,77.102,77.098,-0.0040000000000048885,MEDIUM,1.0,1.0,26,dry,green,7.0,7.0,9.0,9.0,
matched_pair,2026,Canadian Grand Prix,Race,race,Alpine,COL,GAS,27.0,27.0,77.474,77.05,-0.4240000000000066,MEDIUM,1.0,1.0,27,dry,green,7.0,7.0,9.0,9.0,
matched_pair,2026,Canadian Grand Prix,Race,race,Alpine,COL,GAS,28.0,28.0,77.065,76.981,-0.08400000000000318,MEDIUM,1.0,1.0,28,dry,green,7.0,7.0,9.0,9.0,
matched_pair,2026,Canadian Grand Prix,Race,race,Aston Martin,ALO,STR,22.0,16.0,80.426,82.036,1.6099999999999994,SOFT,2.0,2.0,2,dry,green,17.0,17.0,19.0,19.0,
matched_pair,2026,Canadian Grand Prix,Race,race,Aston Martin,ALO,STR,4.0,4.0,81.632,82.518,0.8859999999999957,SOFT,1.0,1.0,4,dry,green,10.0,10.0,15.0,16.0,
matched_pair,2026,Canadian Grand Prix,Race,race,Aston Martin,ALO,STR,5.0,5.0,80.381,81.863,1.4819999999999993,SOFT,1.0,1.0,5,dry,green,10.0,10.0,16.0,16.0,
matched_pair,2026,Canadian Grand Prix,Race,race,Aston Martin,ALO,STR,6.0,6.0,80.942,80.837,-0.10499999999998977,SOFT,1.0,1.0,6,dry,green,10.0,11.0,16.0,16.0,
matched_pair,2026,Canadian Grand Prix,Race,race,Aston Martin,ALO,STR,7.0,7.0,79.951,80.901,0.9500000000000028,SOFT,1.0,1.0,7,dry,green,11.0,11.0,16.0,16.0,
matched_pair,2026,Canadian Grand Prix,Race,race,Aston Martin,ALO,STR,8.0,22.0,80.619,81.253,0.6340000000000003,SOFT,1.0,2.0,8,dry,green,11.0,13.0,19.0,19.0,
matched_pair,2026,Canadian Grand Prix,Race,race,Aston Martin,ALO,STR,9.0,9.0,79.708,80.904,1.195999999999998,SOFT,1.0,1.0,9,dry,green,13.0,14.0,17.0,18.0,
matched_pair,2026,Canadian Grand Prix,Race,race,Aston Martin,ALO,STR,10.0,10.0,79.635,80.266,0.6310000000000002,SOFT,1.0,1.0,10,dry,green,14.0,14.0,18.0,18.0,
matched_pair,2026,Canadian Grand Prix,Race,race,Aston Martin,ALO,STR,11.0,11.0,79.737,80.574,0.8370000000000033,SOFT,1.0,1.0,11,dry,green,14.0,14.0,18.0,19.0,
matched_pair,2026,Canadian Grand Prix,Race,race,Aston Martin,ALO,STR,17.0,31.0,80.79,82.23,1.4399999999999977,SOFT,1.0,2.0,17,dry,green,12.0,13.0,17.0,17.0,
matched_pair,2026,Canadian Grand Prix,Race,race,Audi,BOR,HUL,22.0,24.0,78.21,77.589,-0.6209999999999951,MEDIUM,3.0,3.0,4,dry,green,16.0,16.0,14.0,14.0,
matched_pair,2026,Canadian Grand Prix,Race,race,Audi,BOR,HUL,23.0,25.0,77.711,77.452,-0.25900000000000034,MEDIUM,3.0,3.0,5,dry,green,16.0,16.0,14.0,14.0,
matched_pair,2026,Canadian Grand Prix,Race,race,Audi,BOR,HUL,24.0,26.0,77.483,77.472,-0.01100000000000989,MEDIUM,3.0,3.0,6,dry,green,16.0,16.0,14.0,14.0,
matched_pair,2026,Canadian Grand Prix,Race,race,Audi,BOR,HUL,25.0,27.0,77.683,77.73,0.046999999999997044,MEDIUM,3.0,3.0,7,dry,green,16.0,16.0,14.0,14.0,
matched_pair,2026,Canadian Grand Prix,Race,race,Audi,BOR,HUL,26.0,28.0,77.708,77.633,-0.07500000000000284,MEDIUM,3.0,3.0,8,dry,green,16.0,16.0,14.0,14.0,
matched_pair,2026,Canadian Grand Prix,Race,race,Audi,BOR,HUL,33.0,35.0,77.815,77.051,-0.7639999999999958,MEDIUM,3.0,3.0,15,dry,green,14.0,14.0,13.0,13.0,
matched_pair,2026,Canadian Grand Prix,Race,race,Audi,BOR,HUL,34.0,36.0,77.508,76.838,-0.6700000000000017,MEDIUM,3.0,3.0,16,dry,green,14.0,14.0,13.0,13.0,
matched_pair,2026,Canadian Grand Prix,Race,race,Audi,BOR,HUL,35.0,37.0,77.109,76.578,-0.5309999999999917,MEDIUM,3.0,3.0,17,dry,green,14.0,14.0,13.0,13.0,
matched_pair,2026,Canadian Grand Prix,Race,race,Audi,BOR,HUL,36.0,38.0,76.863,77.028,0.16500000000000625,MEDIUM,3.0,3.0,18,dry,green,14.0,14.0,13.0,13.0,
matched_pair,2026,Canadian Grand Prix,Race,race,Audi,BOR,HUL,38.0,40.0,76.549,76.65,0.10099999999999909,MEDIUM,3.0,3.0,20,dry,green,14.0,14.0,12.0,12.0,
matched_pair,2026,Canadian Grand Prix,Race,race,Audi,BOR,HUL,40.0,42.0,76.615,76.798,0.18300000000000693,MEDIUM,3.0,3.0,22,dry,green,13.0,13.0,12.0,12.0,
matched_pair,2026,Canadian Grand Prix,Race,race,Audi,BOR,HUL,41.0,43.0,76.627,76.851,0.22400000000000375,MEDIUM,3.0,3.0,23,dry,green,13.0,13.0,12.0,12.0,
matched_pair,2026,Canadian Grand Prix,Race,race,Audi,BOR,HUL,46.0,48.0,76.663,76.57,-0.09300000000000352,MEDIUM,3.0,3.0,28,dry,green,13.0,13.0,12.0,12.0,
matched_pair,2026,Canadian Grand Prix,Race,race,Audi,BOR,HUL,47.0,49.0,76.657,76.624,-0.03300000000000125,MEDIUM,3.0,3.0,29,dry,green,13.0,13.0,12.0,12.0,
matched_pair,2026,Canadian Grand Prix,Race,race,Audi,BOR,HUL,48.0,50.0,76.266,76.284,0.018000000000000682,MEDIUM,3.0,3.0,30,dry,green,13.0,13.0,12.0,12.0,
matched_pair,2026,Canadian Grand Prix,Race,race,Audi,BOR,HUL,53.0,55.0,77.669,76.458,-1.2109999999999985,MEDIUM,3.0,3.0,35,dry,green,12.0,12.0,11.0,11.0,
matched_pair,2026,Canadian Grand Prix,Race,race,Audi,BOR,HUL,54.0,56.0,77.121,76.51,-0.61099999999999,MEDIUM,3.0,3.0,36,dry,green,12.0,12.0,11.0,11.0,
matched_pair,2026,Canadian Grand Prix,Race,race,Audi,BOR,HUL,55.0,57.0,76.951,76.275,-0.6759999999999877,MEDIUM,3.0,3.0,37,dry,green,12.0,12.0,11.0,11.0,
matched_pair,2026,Canadian Grand Prix,Race,race,Audi,BOR,HUL,56.0,58.0,76.73,77.057,0.3269999999999982,MEDIUM,3.0,3.0,38,dry,green,12.0,12.0,11.0,11.0,
matched_pair,2026,Canadian Grand Prix,Race,race,Audi,BOR,HUL,57.0,59.0,76.799,76.329,-0.4700000000000131,MEDIUM,3.0,3.0,39,dry,green,12.0,12.0,11.0,11.0,
matched_pair,2026,Canadian Grand Prix,Race,race,Audi,BOR,HUL,61.0,63.0,77.325,77.02,-0.3050000000000068,MEDIUM,3.0,3.0,43,dry,green,12.0,12.0,11.0,11.0,
matched_pair,2026,Canadian Grand Prix,Race,race,Audi,BOR,HUL,62.0,64.0,76.933,77.186,0.2530000000000001,MEDIUM,3.0,3.0,44,dry,green,12.0,12.0,11.0,12.0,
matched_pair,2026,Canadian Grand Prix,Race,race,Audi,BOR,HUL,63.0,65.0,77.439,76.453,-0.98599999999999,MEDIUM,3.0,3.0,45,dry,green,12.0,13.0,12.0,12.0,
matched_pair,2026,Canadian Grand Prix,Race,race,Audi,BOR,HUL,7.0,7.0,78.545,78.523,-0.02200000000000557,SOFT,2.0,2.0,5,dry,green,19.0,19.0,18.0,18.0,
matched_pair,2026,Canadian Grand Prix,Race,race,Audi,BOR,HUL,8.0,8.0,78.516,78.096,-0.4200000000000017,SOFT,2.0,2.0,6,dry,green,19.0,19.0,18.0,18.0,
matched_pair,2026,Canadian Grand Prix,Race,race,Audi,BOR,HUL,9.0,9.0,78.353,79.186,0.8330000000000126,SOFT,2.0,2.0,7,dry,green,19.0,19.0,18.0,17.0,
matched_pair,2026,Canadian Grand Prix,Race,race,Audi,BOR,HUL,10.0,10.0,77.931,78.341,0.4099999999999966,SOFT,2.0,2.0,8,dry,green,19.0,19.0,17.0,17.0,
matched_pair,2026,Canadian Grand Prix,Race,race,Audi,BOR,HUL,11.0,11.0,78.468,78.001,-0.46699999999999875,SOFT,2.0,2.0,9,dry,green,19.0,18.0,17.0,17.0,
matched_pair,2026,Canadian Grand Prix,Race,race,Audi,BOR,HUL,15.0,15.0,77.904,77.389,-0.5150000000000006,SOFT,2.0,2.0,13,dry,green,16.0,16.0,15.0,15.0,
matched_pair,2026,Canadian Grand Prix,Race,race,Audi,BOR,HUL,16.0,16.0,77.752,79.039,1.2870000000000061,SOFT,2.0,2.0,14,dry,green,16.0,15.0,15.0,13.0,
matched_pair,2026,Canadian Grand Prix,Race,race,Audi,BOR,HUL,17.0,17.0,77.701,77.698,-0.0030000000000001137,SOFT,2.0,2.0,15,dry,green,15.0,15.0,13.0,12.0,
matched_pair,2026,Canadian Grand Prix,Race,race,Cadillac,BOT,PER,14.0,20.0,79.361,78.568,-0.7930000000000064,MEDIUM,3.0,3.0,5,dry,green,20.0,20.0,18.0,18.0,
matched_pair,2026,Canadian Grand Prix,Race,race,Cadillac,BOT,PER,16.0,22.0,79.532,77.96,-1.5720000000000027,MEDIUM,3.0,3.0,7,dry,green,20.0,20.0,18.0,18.0,
matched_pair,2026,Canadian Grand Prix,Race,race,Cadillac,BOT,PER,18.0,24.0,81.105,78.212,-2.8930000000000007,MEDIUM,3.0,3.0,9,dry,green,20.0,20.0,18.0,18.0,
matched_pair,2026,Canadian Grand Prix,Race,race,Cadillac,BOT,PER,19.0,25.0,79.691,78.463,-1.2280000000000086,MEDIUM,3.0,3.0,10,dry,green,20.0,20.0,18.0,17.0,
matched_pair,2026,Canadian Grand Prix,Race,race,Cadillac,BOT,PER,60.0,26.0,78.083,78.104,0.021000000000000796,MEDIUM,5.0,3.0,11,dry,green,16.0,16.0,17.0,17.0,
matched_pair,2026,Canadian Grand Prix,Race,race,Cadillac,BOT,PER,21.0,27.0,79.49,78.478,-1.0120000000000005,MEDIUM,3.0,3.0,12,dry,green,20.0,20.0,17.0,17.0,
matched_pair,2026,Canadian Grand Prix,Race,race,Cadillac,BOT,PER,22.0,28.0,80.964,77.987,-2.977000000000004,MEDIUM,3.0,3.0,13,dry,green,20.0,20.0,17.0,17.0,
matched_pair,2026,Canadian Grand Prix,Race,race,Cadillac,BOT,PER,6.0,5.0,81.04,80.101,-0.9390000000000072,SOFT,2.0,2.0,3,dry,green,21.0,21.0,20.0,20.0,
matched_pair,2026,Canadian Grand Prix,Race,race,Cadillac,BOT,PER,32.0,32.0,79.967,79.248,-0.7189999999999941,SOFT,4.0,4.0,3,dry,green,18.0,18.0,16.0,16.0,
matched_pair,2026,Canadian Grand Prix,Race,race,Cadillac,BOT,PER,7.0,6.0,80.289,79.057,-1.2319999999999993,SOFT,2.0,2.0,4,dry,green,21.0,21.0,20.0,20.0,
matched_pair,2026,Canadian Grand Prix,Race,race,Cadillac,BOT,PER,8.0,7.0,79.925,78.721,-1.2039999999999935,SOFT,2.0,2.0,5,dry,green,21.0,21.0,20.0,20.0,
matched_pair,2026,Canadian Grand Prix,Race,race,Cadillac,BOT,PER,34.0,34.0,79.24,78.112,-1.1280000000000001,SOFT,4.0,4.0,5,dry,green,18.0,18.0,16.0,16.0,
matched_pair,2026,Canadian Grand Prix,Race,race,Cadillac,BOT,PER,35.0,8.0,78.995,78.712,-0.28300000000000125,SOFT,4.0,2.0,6,dry,green,18.0,18.0,20.0,20.0,
matched_pair,2026,Canadian Grand Prix,Race,race,Cadillac,BOT,PER,36.0,9.0,78.887,79.086,0.19899999999999807,SOFT,4.0,2.0,7,dry,green,18.0,18.0,20.0,20.0,
matched_pair,2026,Canadian Grand Prix,Race,race,Cadillac,BOT,PER,38.0,11.0,78.929,78.563,-0.36599999999999966,SOFT,4.0,2.0,9,dry,green,18.0,18.0,20.0,20.0,
matched_pair,2026,Canadian Grand Prix,Race,race,Cadillac,BOT,PER,41.0,14.0,79.059,79.206,0.14700000000000557,SOFT,4.0,2.0,12,dry,green,17.0,16.0,17.0,17.0,
matched_pair,2026,Canadian Grand Prix,Race,race,Ferrari,HAM,LEC,35.0,35.0,75.772,76.251,0.4789999999999992,MEDIUM,2.0,2.0,4,dry,green,3.0,3.0,5.0,5.0,
matched_pair,2026,Canadian Grand Prix,Race,race,Ferrari,HAM,LEC,36.0,36.0,75.65,76.189,0.5389999999999873,MEDIUM,2.0,2.0,5,dry,green,3.0,3.0,5.0,5.0,
matched_pair,2026,Canadian Grand Prix,Race,race,Ferrari,HAM,LEC,37.0,37.0,75.285,75.297,0.012000000000000455,MEDIUM,2.0,2.0,6,dry,green,3.0,3.0,5.0,5.0,
matched_pair,2026,Canadian Grand Prix,Race,race,Ferrari,HAM,LEC,38.0,38.0,75.553,75.364,-0.18899999999999295,MEDIUM,2.0,2.0,7,dry,green,3.0,3.0,5.0,5.0,
matched_pair,2026,Canadian Grand Prix,Race,race,Ferrari,HAM,LEC,39.0,39.0,75.386,75.811,0.42500000000001137,MEDIUM,2.0,2.0,8,dry,green,3.0,3.0,5.0,4.0,
matched_pair,2026,Canadian Grand Prix,Race,race,Ferrari,HAM,LEC,41.0,41.0,75.457,75.612,0.15500000000000114,MEDIUM,2.0,2.0,10,dry,green,3.0,3.0,4.0,4.0,
matched_pair,2026,Canadian Grand Prix,Race,race,Ferrari,HAM,LEC,42.0,42.0,75.243,75.662,0.41900000000001114,MEDIUM,2.0,2.0,11,dry,green,3.0,3.0,4.0,4.0,
matched_pair,2026,Canadian Grand Prix,Race,race,Ferrari,HAM,LEC,43.0,43.0,75.285,75.52,0.23499999999999943,MEDIUM,2.0,2.0,12,dry,green,3.0,3.0,4.0,4.0,
matched_pair,2026,Canadian Grand Prix,Race,race,Ferrari,HAM,LEC,44.0,44.0,75.208,75.369,0.16100000000000136,MEDIUM,2.0,2.0,13,dry,green,3.0,3.0,4.0,4.0,
matched_pair,2026,Canadian Grand Prix,Race,race,Ferrari,HAM,LEC,45.0,45.0,74.96,75.38,0.4200000000000017,MEDIUM,2.0,2.0,14,dry,green,3.0,3.0,4.0,4.0,
matched_pair,2026,Canadian Grand Prix,Race,race,Ferrari,HAM,LEC,47.0,47.0,75.411,75.36,-0.05100000000000193,MEDIUM,2.0,2.0,16,dry,green,3.0,3.0,4.0,4.0,
matched_pair,2026,Canadian Grand Prix,Race,race,Ferrari,HAM,LEC,48.0,48.0,74.914,75.603,0.688999999999993,MEDIUM,2.0,2.0,17,dry,green,3.0,3.0,4.0,4.0,
matched_pair,2026,Canadian Grand Prix,Race,race,Ferrari,HAM,LEC,49.0,49.0,75.186,75.698,0.5119999999999862,MEDIUM,2.0,2.0,18,dry,green,3.0,3.0,4.0,4.0,
matched_pair,2026,Canadian Grand Prix,Race,race,Ferrari,HAM,LEC,50.0,50.0,75.381,75.433,0.05200000000000671,MEDIUM,2.0,2.0,19,dry,green,3.0,3.0,4.0,4.0,
matched_pair,2026,Canadian Grand Prix,Race,race,Ferrari,HAM,LEC,55.0,55.0,75.09,76.609,1.5189999999999912,MEDIUM,2.0,2.0,24,dry,green,3.0,3.0,4.0,4.0,
matched_pair,2026,Canadian Grand Prix,Race,race,Ferrari,HAM,LEC,56.0,56.0,75.172,75.972,0.7999999999999972,MEDIUM,2.0,2.0,25,dry,green,3.0,3.0,4.0,4.0,
matched_pair,2026,Canadian Grand Prix,Race,race,Ferrari,HAM,LEC,57.0,57.0,75.983,75.875,-0.10800000000000409,MEDIUM,2.0,2.0,26,dry,green,3.0,3.0,4.0,4.0,
matched_pair,2026,Canadian Grand Prix,Race,race,Ferrari,HAM,LEC,58.0,58.0,75.459,75.97,0.5109999999999957,MEDIUM,2.0,2.0,27,dry,green,3.0,3.0,4.0,4.0,
matched_pair,2026,Canadian Grand Prix,Race,race,Ferrari,HAM,LEC,59.0,59.0,75.145,75.981,0.8359999999999985,MEDIUM,2.0,2.0,28,dry,green,3.0,3.0,4.0,4.0,
matched_pair,2026,Canadian Grand Prix,Race,race,Ferrari,HAM,LEC,60.0,60.0,74.751,75.55,0.7989999999999924,MEDIUM,2.0,2.0,29,dry,green,3.0,3.0,4.0,4.0,
matched_pair,2026,Canadian Grand Prix,Race,race,Ferrari,HAM,LEC,62.0,62.0,75.116,75.574,0.4579999999999984,MEDIUM,2.0,2.0,31,dry,green,3.0,2.0,4.0,4.0,
matched_pair,2026,Canadian Grand Prix,Race,race,Ferrari,HAM,LEC,63.0,63.0,74.89,75.917,1.027000000000001,MEDIUM,2.0,2.0,32,dry,green,2.0,2.0,4.0,4.0,
matched_pair,2026,Canadian Grand Prix,Race,race,Ferrari,HAM,LEC,64.0,64.0,75.069,76.651,1.5819999999999936,MEDIUM,2.0,2.0,33,dry,green,2.0,2.0,4.0,4.0,
matched_pair,2026,Canadian Grand Prix,Race,race,Ferrari,HAM,LEC,65.0,65.0,74.689,76.472,1.7830000000000013,MEDIUM,2.0,2.0,34,dry,green,2.0,2.0,4.0,4.0,
matched_pair,2026,Canadian Grand Prix,Race,race,Ferrari,HAM,LEC,67.0,67.0,74.699,76.468,1.7690000000000055,MEDIUM,2.0,2.0,36,dry,green,2.0,2.0,4.0,4.0,
matched_pair,2026,Canadian Grand Prix,Race,race,Ferrari,HAM,LEC,5.0,5.0,77.455,77.808,0.35300000000000864,SOFT,1.0,1.0,5,dry,green,3.0,3.0,5.0,5.0,
matched_pair,2026,Canadian Grand Prix,Race,race,Ferrari,HAM,LEC,6.0,6.0,77.014,77.344,0.3299999999999983,SOFT,1.0,1.0,6,dry,green,3.0,3.0,5.0,5.0,
matched_pair,2026,Canadian Grand Prix,Race,race,Ferrari,HAM,LEC,7.0,7.0,76.982,77.19,0.2079999999999984,SOFT,1.0,1.0,7,dry,green,3.0,3.0,5.0,5.0,
matched_pair,2026,Canadian Grand Prix,Race,race,Ferrari,HAM,LEC,8.0,8.0,76.661,76.639,-0.02200000000000557,SOFT,1.0,1.0,8,dry,green,3.0,3.0,5.0,5.0,
matched_pair,2026,Canadian Grand Prix,Race,race,Ferrari,HAM,LEC,9.0,9.0,77.92,76.479,-1.4410000000000025,SOFT,1.0,1.0,9,dry,green,3.0,4.0,5.0,5.0,
matched_pair,2026,Canadian Grand Prix,Race,race,Ferrari,HAM,LEC,10.0,10.0,76.42,76.469,0.04899999999999238,SOFT,1.0,1.0,10,dry,green,4.0,4.0,5.0,5.0,
matched_pair,2026,Canadian Grand Prix,Race,race,Ferrari,HAM,LEC,11.0,11.0,76.463,76.227,-0.23599999999999,SOFT,1.0,1.0,11,dry,green,4.0,4.0,5.0,5.0,
matched_pair,2026,Canadian Grand Prix,Race,race,Ferrari,HAM,LEC,12.0,12.0,76.227,76.218,-0.009000000000000341,SOFT,1.0,1.0,12,dry,green,4.0,4.0,5.0,5.0,
matched_pair,2026,Canadian Grand Prix,Race,race,Ferrari,HAM,LEC,15.0,15.0,76.259,76.757,0.49800000000000466,SOFT,1.0,1.0,15,dry,green,4.0,4.0,5.0,5.0,
matched_pair,2026,Canadian Grand Prix,Race,race,Ferrari,HAM,LEC,16.0,16.0,76.007,76.583,0.5759999999999934,SOFT,1.0,1.0,16,dry,green,4.0,4.0,5.0,5.0,
matched_pair,2026,Canadian Grand Prix,Race,race,Ferrari,HAM,LEC,17.0,17.0,76.068,76.553,0.48499999999999943,SOFT,1.0,1.0,17,dry,green,4.0,4.0,5.0,5.0,
matched_pair,2026,Canadian Grand Prix,Race,race,Ferrari,HAM,LEC,18.0,18.0,76.171,76.585,0.41399999999998727,SOFT,1.0,1.0,18,dry,green,4.0,4.0,5.0,5.0,
matched_pair,2026,Canadian Grand Prix,Race,race,Ferrari,HAM,LEC,20.0,20.0,75.961,76.28,0.3190000000000026,SOFT,1.0,1.0,20,dry,green,4.0,4.0,5.0,5.0,
matched_pair,2026,Canadian Grand Prix,Race,race,Ferrari,HAM,LEC,21.0,21.0,76.853,76.264,-0.5889999999999986,SOFT,1.0,1.0,21,dry,green,4.0,4.0,5.0,5.0,
matched_pair,2026,Canadian Grand Prix,Race,race,Ferrari,HAM,LEC,23.0,23.0,76.484,76.279,-0.2049999999999983,SOFT,1.0,1.0,23,dry,green,4.0,4.0,5.0,5.0,
matched_pair,2026,Canadian Grand Prix,Race,race,Ferrari,HAM,LEC,24.0,24.0,76.503,76.096,-0.4069999999999965,SOFT,1.0,1.0,24,dry,green,4.0,4.0,5.0,5.0,
matched_pair,2026,Canadian Grand Prix,Race,race,Ferrari,HAM,LEC,25.0,25.0,76.404,76.246,-0.15800000000000125,SOFT,1.0,1.0,25,dry,green,4.0,4.0,5.0,5.0,
matched_pair,2026,Canadian Grand Prix,Race,race,Ferrari,HAM,LEC,26.0,26.0,76.433,76.279,-0.15400000000001057,SOFT,1.0,1.0,26,dry,green,4.0,4.0,5.0,5.0,
matched_pair,2026,Canadian Grand Prix,Race,race,Ferrari,HAM,LEC,27.0,27.0,76.415,76.09,-0.32500000000000284,SOFT,1.0,1.0,27,dry,green,4.0,4.0,5.0,5.0,
matched_pair,2026,Canadian Grand Prix,Race,race,Ferrari,HAM,LEC,28.0,28.0,76.18,76.461,0.2809999999999917,SOFT,1.0,1.0,28,dry,green,4.0,4.0,5.0,5.0,
matched_pair,2026,Canadian Grand Prix,Race,race,Ferrari,HAM,LEC,29.0,29.0,76.374,76.296,-0.07799999999998875,SOFT,1.0,1.0,29,dry,green,4.0,4.0,5.0,5.0,
matched_pair,2026,Canadian Grand Prix,Race,race,Haas F1 Team,BEA,OCO,34.0,20.0,77.265,78.69,1.4249999999999972,MEDIUM,2.0,2.0,4,dry,green,11.0,11.0,16.0,16.0,
matched_pair,2026,Canadian Grand Prix,Race,race,Haas F1 Team,BEA,OCO,35.0,21.0,77.425,78.608,1.183000000000007,MEDIUM,2.0,2.0,5,dry,green,11.0,11.0,16.0,15.0,
matched_pair,2026,Canadian Grand Prix,Race,race,Haas F1 Team,BEA,OCO,36.0,22.0,76.87,78.64,1.769999999999996,MEDIUM,2.0,2.0,6,dry,green,11.0,11.0,15.0,15.0,
matched_pair,2026,Canadian Grand Prix,Race,race,Haas F1 Team,BEA,OCO,38.0,24.0,76.736,78.337,1.600999999999999,MEDIUM,2.0,2.0,8,dry,green,11.0,11.0,15.0,15.0,
matched_pair,2026,Canadian Grand Prix,Race,race,Haas F1 Team,BEA,OCO,40.0,26.0,77.257,78.264,1.0069999999999908,MEDIUM,2.0,2.0,10,dry,green,10.0,10.0,15.0,15.0,
matched_pair,2026,Canadian Grand Prix,Race,race,Haas F1 Team,BEA,OCO,42.0,28.0,76.677,78.606,1.9289999999999878,MEDIUM,2.0,2.0,12,dry,green,10.0,10.0,16.0,16.0,
matched_pair,2026,Canadian Grand Prix,Race,race,Haas F1 Team,BEA,OCO,5.0,5.0,80.063,80.708,0.644999999999996,SOFT,1.0,1.0,5,dry,green,9.0,9.0,12.0,12.0,
matched_pair,2026,Canadian Grand Prix,Race,race,Haas F1 Team,BEA,OCO,6.0,6.0,79.321,80.625,1.304000000000002,SOFT,1.0,1.0,6,dry,green,9.0,9.0,12.0,13.0,
matched_pair,2026,Canadian Grand Prix,Race,race,Haas F1 Team,BEA,OCO,7.0,37.0,79.63,77.592,-2.0379999999999967,SOFT,1.0,3.0,7,dry,green,9.0,9.0,15.0,15.0,
matched_pair,2026,Canadian Grand Prix,Race,race,Haas F1 Team,BEA,OCO,8.0,8.0,78.89,79.653,0.7630000000000052,SOFT,1.0,1.0,8,dry,green,9.0,9.0,15.0,15.0,
matched_pair,2026,Canadian Grand Prix,Race,race,Haas F1 Team,BEA,OCO,9.0,9.0,78.093,79.102,1.0090000000000003,SOFT,1.0,1.0,9,dry,green,9.0,9.0,15.0,15.0,
matched_pair,2026,Canadian Grand Prix,Race,race,Haas F1 Team,BEA,OCO,10.0,10.0,77.929,78.505,0.5759999999999934,SOFT,1.0,1.0,10,dry,green,9.0,9.0,15.0,15.0,
matched_pair,2026,Canadian Grand Prix,Race,race,Haas F1 Team,BEA,OCO,11.0,11.0,79.752,79.001,-0.7509999999999906,SOFT,1.0,1.0,11,dry,green,9.0,11.0,15.0,15.0,
matched_pair,2026,Canadian Grand Prix,Race,race,Haas F1 Team,BEA,OCO,15.0,15.0,77.509,79.683,2.1740000000000066,SOFT,1.0,1.0,15,dry,green,11.0,10.0,14.0,13.0,
matched_pair,2026,Canadian Grand Prix,Race,race,Haas F1 Team,BEA,OCO,16.0,46.0,78.12,78.854,0.7339999999999947,SOFT,1.0,3.0,16,dry,green,10.0,10.0,14.0,14.0,
matched_pair,2026,Canadian Grand Prix,Race,race,Haas F1 Team,BEA,OCO,19.0,49.0,77.589,77.314,-0.2750000000000057,SOFT,1.0,3.0,19,dry,green,10.0,10.0,14.0,14.0,
matched_pair,2026,Canadian Grand Prix,Race,race,Haas F1 Team,BEA,OCO,23.0,53.0,77.629,78.34,0.7109999999999985,SOFT,1.0,3.0,23,dry,green,10.0,10.0,14.0,14.0,
matched_pair,2026,Canadian Grand Prix,Race,race,Haas F1 Team,BEA,OCO,24.0,54.0,77.264,76.978,-0.28600000000000136,SOFT,1.0,3.0,24,dry,green,10.0,10.0,14.0,14.0,
matched_pair,2026,Canadian Grand Prix,Race,race,Haas F1 Team,BEA,OCO,25.0,55.0,77.397,78.384,0.9869999999999948,SOFT,1.0,3.0,25,dry,green,10.0,10.0,14.0,14.0,
matched_pair,2026,Canadian Grand Prix,Race,race,Haas F1 Team,BEA,OCO,26.0,56.0,77.519,76.724,-0.7950000000000017,SOFT,1.0,3.0,26,dry,green,10.0,10.0,14.0,14.0,
matched_pair,2026,Canadian Grand Prix,Race,race,Haas F1 Team,BEA,OCO,27.0,57.0,77.67,76.912,-0.7579999999999956,SOFT,1.0,3.0,27,dry,green,10.0,10.0,14.0,14.0,
matched_pair,2026,Canadian Grand Prix,Race,race,Haas F1 Team,BEA,OCO,28.0,58.0,77.374,76.914,-0.45999999999999375,SOFT,1.0,3.0,28,dry,green,10.0,10.0,14.0,14.0,
matched_pair,2026,Canadian Grand Prix,Race,race,McLaren,NOR,PIA,17.0,14.0,77.206,77.666,0.45999999999999375,MEDIUM,3.0,3.0,2,dry,green,14.0,14.0,19.0,18.0,
matched_pair,2026,Canadian Grand Prix,Race,race,McLaren,NOR,PIA,6.0,5.0,79.343,79.266,-0.07699999999999818,MEDIUM,2.0,2.0,4,dry,green,14.0,14.0,15.0,15.0,
matched_pair,2026,Canadian Grand Prix,Race,race,McLaren,NOR,PIA,19.0,16.0,76.877,77.308,0.4310000000000116,MEDIUM,3.0,3.0,4,dry,green,13.0,13.0,17.0,17.0,
matched_pair,2026,Canadian Grand Prix,Race,race,McLaren,NOR,PIA,7.0,6.0,78.079,77.969,-0.10999999999999943,MEDIUM,2.0,2.0,5,dry,green,14.0,13.0,15.0,15.0,
matched_pair,2026,Canadian Grand Prix,Race,race,McLaren,NOR,PIA,20.0,17.0,76.598,77.165,0.5670000000000073,MEDIUM,3.0,3.0,5,dry,green,13.0,12.0,17.0,16.0,
matched_pair,2026,Canadian Grand Prix,Race,race,McLaren,NOR,PIA,8.0,7.0,78.027,77.405,-0.6219999999999999,MEDIUM,2.0,2.0,6,dry,green,13.0,11.0,15.0,14.0,
matched_pair,2026,Canadian Grand Prix,Race,race,McLaren,NOR,PIA,9.0,8.0,77.106,77.763,0.6570000000000107,MEDIUM,2.0,2.0,7,dry,green,11.0,11.0,14.0,14.0,
matched_pair,2026,Canadian Grand Prix,Race,race,McLaren,NOR,PIA,22.0,19.0,77.029,77.523,0.4939999999999998,MEDIUM,3.0,3.0,7,dry,green,12.0,12.0,15.0,15.0,
matched_pair,2026,Canadian Grand Prix,Race,race,McLaren,NOR,PIA,10.0,9.0,77.226,77.857,0.6310000000000002,MEDIUM,2.0,2.0,8,dry,green,11.0,11.0,14.0,13.0,
matched_pair,2026,Canadian Grand Prix,Race,race,McLaren,NOR,PIA,11.0,10.0,77.933,77.837,-0.09600000000000364,MEDIUM,2.0,2.0,9,dry,green,11.0,9.0,13.0,13.0,
matched_pair,2026,Canadian Grand Prix,Race,race,McLaren,NOR,PIA,24.0,21.0,77.212,76.292,-0.9200000000000017,MEDIUM,3.0,3.0,9,dry,green,12.0,12.0,13.0,13.0,
matched_pair,2026,Canadian Grand Prix,Race,race,McLaren,NOR,PIA,25.0,11.0,76.692,76.989,0.29700000000001125,MEDIUM,3.0,2.0,10,dry,green,12.0,12.0,13.0,13.0,
matched_pair,2026,Canadian Grand Prix,Race,race,McLaren,NOR,PIA,26.0,23.0,76.454,77.369,0.9150000000000063,MEDIUM,3.0,3.0,11,dry,green,12.0,12.0,13.0,13.0,
matched_pair,2026,Canadian Grand Prix,Race,race,McLaren,NOR,PIA,28.0,25.0,76.169,77.005,0.8359999999999985,MEDIUM,3.0,3.0,13,dry,green,12.0,12.0,13.0,13.0,
matched_pair,2026,Canadian Grand Prix,Race,race,McLaren,NOR,PIA,37.0,34.0,76.361,77.313,0.9519999999999982,MEDIUM,3.0,3.0,22,dry,green,8.0,8.0,12.0,12.0,
matched_pair,2026,Canadian Grand Prix,Race,race,McLaren,NOR,PIA,38.0,35.0,76.014,76.941,0.9270000000000067,MEDIUM,3.0,3.0,23,dry,green,8.0,8.0,12.0,12.0,
matched_pair,2026,Canadian Grand Prix,Race,race,Mercedes,ANT,RUS,4.0,4.0,77.974,77.945,-0.029000000000010573,SOFT,1.0,1.0,4,dry,green,1.0,1.0,2.0,2.0,
matched_pair,2026,Canadian Grand Prix,Race,race,Mercedes,ANT,RUS,5.0,5.0,77.058,77.034,-0.02400000000000091,SOFT,1.0,1.0,5,dry,green,1.0,1.0,2.0,2.0,
matched_pair,2026,Canadian Grand Prix,Race,race,Mercedes,ANT,RUS,6.0,6.0,77.71,76.365,-1.3449999999999989,SOFT,1.0,1.0,6,dry,green,1.0,2.0,2.0,1.0,
matched_pair,2026,Canadian Grand Prix,Race,race,Mercedes,ANT,RUS,7.0,7.0,76.873,76.584,-0.2890000000000015,SOFT,1.0,1.0,7,dry,green,2.0,2.0,1.0,1.0,
matched_pair,2026,Canadian Grand Prix,Race,race,Mercedes,ANT,RUS,8.0,8.0,76.047,76.105,0.058000000000006935,SOFT,1.0,1.0,8,dry,green,2.0,2.0,1.0,1.0,
matched_pair,2026,Canadian Grand Prix,Race,race,Mercedes,ANT,RUS,9.0,9.0,75.848,75.796,-0.0519999999999925,SOFT,1.0,1.0,9,dry,green,2.0,2.0,1.0,1.0,
matched_pair,2026,Canadian Grand Prix,Race,race,Mercedes,ANT,RUS,10.0,10.0,75.74,75.778,0.038000000000010914,SOFT,1.0,1.0,10,dry,green,2.0,2.0,1.0,1.0,
matched_pair,2026,Canadian Grand Prix,Race,race,Mercedes,ANT,RUS,11.0,11.0,75.63,75.572,-0.057999999999992724,SOFT,1.0,1.0,11,dry,green,2.0,2.0,1.0,1.0,
matched_pair,2026,Canadian Grand Prix,Race,race,Mercedes,ANT,RUS,12.0,12.0,75.916,76.804,0.8880000000000052,SOFT,1.0,1.0,12,dry,green,2.0,2.0,1.0,1.0,
matched_pair,2026,Canadian Grand Prix,Race,race,Mercedes,ANT,RUS,15.0,15.0,75.635,75.791,0.1559999999999917,SOFT,1.0,1.0,15,dry,green,2.0,2.0,1.0,1.0,
matched_pair,2026,Canadian Grand Prix,Race,race,Mercedes,ANT,RUS,16.0,16.0,75.411,75.477,0.0660000000000025,SOFT,1.0,1.0,16,dry,green,2.0,2.0,1.0,1.0,
matched_pair,2026,Canadian Grand Prix,Race,race,Mercedes,ANT,RUS,17.0,17.0,76.531,76.545,0.013999999999995794,SOFT,1.0,1.0,17,dry,green,2.0,2.0,1.0,1.0,
matched_pair,2026,Canadian Grand Prix,Race,race,Mercedes,ANT,RUS,18.0,18.0,75.715,75.735,0.01999999999999602,SOFT,1.0,1.0,18,dry,green,2.0,2.0,1.0,1.0,
matched_pair,2026,Canadian Grand Prix,Race,race,Mercedes,ANT,RUS,20.0,20.0,75.559,75.538,-0.021000000000000796,SOFT,1.0,1.0,20,dry,green,2.0,2.0,1.0,1.0,
matched_pair,2026,Canadian Grand Prix,Race,race,Mercedes,ANT,RUS,21.0,21.0,75.439,75.759,0.3200000000000074,SOFT,1.0,1.0,21,dry,green,2.0,2.0,1.0,1.0,
matched_pair,2026,Canadian Grand Prix,Race,race,Mercedes,ANT,RUS,22.0,22.0,76.182,76.657,0.4749999999999943,SOFT,1.0,1.0,22,dry,green,2.0,1.0,1.0,2.0,
matched_pair,2026,Canadian Grand Prix,Race,race,Mercedes,ANT,RUS,23.0,23.0,75.413,75.877,0.46399999999999864,SOFT,1.0,1.0,23,dry,green,1.0,1.0,2.0,2.0,
matched_pair,2026,Canadian Grand Prix,Race,race,Mercedes,ANT,RUS,24.0,24.0,76.465,76.828,0.36299999999999955,SOFT,1.0,1.0,24,dry,green,1.0,1.0,2.0,2.0,
matched_pair,2026,Canadian Grand Prix,Race,race,Mercedes,ANT,RUS,26.0,26.0,76.48,76.321,-0.15900000000000603,SOFT,1.0,1.0,26,dry,green,2.0,2.0,1.0,1.0,
matched_pair,2026,Canadian Grand Prix,Race,race,Mercedes,ANT,RUS,27.0,27.0,75.971,76.273,0.3019999999999925,SOFT,1.0,1.0,27,dry,green,2.0,2.0,1.0,1.0,
matched_pair,2026,Canadian Grand Prix,Race,race,Mercedes,ANT,RUS,28.0,28.0,76.427,76.272,-0.15500000000000114,SOFT,1.0,1.0,28,dry,green,2.0,2.0,1.0,1.0,
matched_pair,2026,Canadian Grand Prix,Race,race,Mercedes,ANT,RUS,29.0,29.0,75.752,75.541,-0.21099999999999852,SOFT,1.0,1.0,29,dry,green,2.0,2.0,1.0,1.0,
skipped_pair,2026,Canadian Grand Prix,Race,race,Racing Bulls,LAW,LIN,,,,,,,,,,,,,,,,missing_lap_time_data
matched_pair,2026,Canadian Grand Prix,Race,race,Red Bull Racing,HAD,VER,35.0,35.0,76.482,76.43,-0.0519999999999925,MEDIUM,2.0,2.0,4,dry,green,4.0,4.0,2.0,2.0,
matched_pair,2026,Canadian Grand Prix,Race,race,Red Bull Racing,HAD,VER,36.0,36.0,76.026,76.57,0.5439999999999969,MEDIUM,2.0,2.0,5,dry,green,4.0,4.0,2.0,2.0,
matched_pair,2026,Canadian Grand Prix,Race,race,Red Bull Racing,HAD,VER,37.0,37.0,75.459,75.535,0.0759999999999934,MEDIUM,2.0,2.0,6,dry,green,4.0,4.0,2.0,2.0,
matched_pair,2026,Canadian Grand Prix,Race,race,Red Bull Racing,HAD,VER,38.0,38.0,75.412,75.69,0.2779999999999916,MEDIUM,2.0,2.0,7,dry,green,4.0,4.0,2.0,2.0,
matched_pair,2026,Canadian Grand Prix,Race,race,Red Bull Racing,HAD,VER,39.0,39.0,76.512,75.635,-0.8769999999999953,MEDIUM,2.0,2.0,8,dry,green,4.0,5.0,2.0,2.0,
matched_pair,2026,Canadian Grand Prix,Race,race,Red Bull Racing,HAD,VER,41.0,41.0,75.615,75.618,0.0030000000000001137,MEDIUM,2.0,2.0,10,dry,green,5.0,5.0,2.0,2.0,
matched_pair,2026,Canadian Grand Prix,Race,race,Red Bull Racing,HAD,VER,42.0,42.0,75.781,75.415,-0.36599999999999966,MEDIUM,2.0,2.0,11,dry,green,5.0,5.0,2.0,2.0,
matched_pair,2026,Canadian Grand Prix,Race,race,Red Bull Racing,HAD,VER,43.0,43.0,75.463,75.387,-0.0759999999999934,MEDIUM,2.0,2.0,12,dry,green,5.0,5.0,2.0,2.0,
matched_pair,2026,Canadian Grand Prix,Race,race,Red Bull Racing,HAD,VER,44.0,44.0,75.749,75.505,-0.24399999999999977,MEDIUM,2.0,2.0,13,dry,green,5.0,5.0,2.0,2.0,
matched_pair,2026,Canadian Grand Prix,Race,race,Red Bull Racing,HAD,VER,45.0,45.0,75.361,75.222,-0.13900000000001,MEDIUM,2.0,2.0,14,dry,green,5.0,5.0,2.0,2.0,
matched_pair,2026,Canadian Grand Prix,Race,race,Red Bull Racing,HAD,VER,47.0,47.0,76.888,75.476,-1.4120000000000061,MEDIUM,2.0,2.0,16,dry,green,5.0,5.0,2.0,2.0,
matched_pair,2026,Canadian Grand Prix,Race,race,Red Bull Racing,HAD,VER,48.0,48.0,75.575,75.452,-0.12300000000000466,MEDIUM,2.0,2.0,17,dry,green,5.0,5.0,2.0,2.0,
matched_pair,2026,Canadian Grand Prix,Race,race,Red Bull Racing,HAD,VER,49.0,49.0,75.673,75.535,-0.13800000000000523,MEDIUM,2.0,2.0,18,dry,green,5.0,5.0,2.0,2.0,
matched_pair,2026,Canadian Grand Prix,Race,race,Red Bull Racing,HAD,VER,50.0,50.0,75.566,75.021,-0.5450000000000017,MEDIUM,2.0,2.0,19,dry,green,5.0,5.0,2.0,2.0,
matched_pair,2026,Canadian Grand Prix,Race,race,Red Bull Racing,HAD,VER,51.0,51.0,75.511,75.494,-0.016999999999995907,MEDIUM,2.0,2.0,20,dry,green,5.0,5.0,2.0,2.0,
matched_pair,2026,Canadian Grand Prix,Race,race,Red Bull Racing,HAD,VER,56.0,4.0,75.163,77.834,2.6710000000000065,SOFT,3.0,1.0,4,dry,green,5.0,5.0,4.0,4.0,
matched_pair,2026,Canadian Grand Prix,Race,race,Red Bull Racing,HAD,VER,5.0,5.0,77.913,77.221,-0.6919999999999931,SOFT,1.0,1.0,5,dry,green,6.0,6.0,4.0,4.0,
matched_pair,2026,Canadian Grand Prix,Race,race,Red Bull Racing,HAD,VER,6.0,6.0,77.838,77.206,-0.6319999999999908,SOFT,1.0,1.0,6,dry,green,6.0,6.0,4.0,4.0,
matched_pair,2026,Canadian Grand Prix,Race,race,Red Bull Racing,HAD,VER,7.0,7.0,77.164,76.674,-0.4899999999999949,SOFT,1.0,1.0,7,dry,green,6.0,6.0,4.0,4.0,
matched_pair,2026,Canadian Grand Prix,Race,race,Red Bull Racing,HAD,VER,8.0,8.0,76.882,76.576,-0.3060000000000116,SOFT,1.0,1.0,8,dry,green,6.0,6.0,4.0,4.0,
matched_pair,2026,Canadian Grand Prix,Race,race,Red Bull Racing,HAD,VER,9.0,9.0,76.898,76.804,-0.09399999999999409,SOFT,1.0,1.0,9,dry,green,6.0,6.0,4.0,3.0,
matched_pair,2026,Canadian Grand Prix,Race,race,Red Bull Racing,HAD,VER,10.0,10.0,76.362,76.459,0.09700000000000841,SOFT,1.0,1.0,10,dry,green,6.0,6.0,3.0,3.0,
matched_pair,2026,Canadian Grand Prix,Race,race,Red Bull Racing,HAD,VER,11.0,11.0,76.222,76.497,0.2750000000000057,SOFT,1.0,1.0,11,dry,green,6.0,6.0,3.0,3.0,
matched_pair,2026,Canadian Grand Prix,Race,race,Red Bull Racing,HAD,VER,12.0,12.0,76.662,76.352,-0.3100000000000023,SOFT,1.0,1.0,12,dry,green,6.0,6.0,3.0,3.0,
matched_pair,2026,Canadian Grand Prix,Race,race,Red Bull Racing,HAD,VER,15.0,15.0,76.841,76.174,-0.6669999999999874,SOFT,1.0,1.0,15,dry,green,6.0,6.0,3.0,3.0,
matched_pair,2026,Canadian Grand Prix,Race,race,Red Bull Racing,HAD,VER,16.0,16.0,76.537,76.132,-0.40500000000000114,SOFT,1.0,1.0,16,dry,green,6.0,6.0,3.0,3.0,
matched_pair,2026,Canadian Grand Prix,Race,race,Red Bull Racing,HAD,VER,17.0,17.0,76.499,76.088,-0.41100000000000136,SOFT,1.0,1.0,17,dry,green,6.0,6.0,3.0,3.0,
matched_pair,2026,Canadian Grand Prix,Race,race,Red Bull Racing,HAD,VER,18.0,18.0,76.732,76.006,-0.7259999999999991,SOFT,1.0,1.0,18,dry,green,6.0,6.0,3.0,3.0,
matched_pair,2026,Canadian Grand Prix,Race,race,Red Bull Racing,HAD,VER,20.0,20.0,76.515,76.18,-0.33499999999999375,SOFT,1.0,1.0,20,dry,green,6.0,6.0,3.0,3.0,
matched_pair,2026,Canadian Grand Prix,Race,race,Red Bull Racing,HAD,VER,21.0,21.0,76.282,76.744,0.4620000000000033,SOFT,1.0,1.0,21,dry,green,6.0,6.0,3.0,3.0,
matched_pair,2026,Canadian Grand Prix,Race,race,Red Bull Racing,HAD,VER,22.0,22.0,76.322,75.837,-0.48499999999999943,SOFT,1.0,1.0,22,dry,green,6.0,6.0,3.0,3.0,
matched_pair,2026,Canadian Grand Prix,Race,race,Red Bull Racing,HAD,VER,23.0,23.0,76.176,76.262,0.08599999999999852,SOFT,1.0,1.0,23,dry,green,6.0,6.0,3.0,3.0,
matched_pair,2026,Canadian Grand Prix,Race,race,Red Bull Racing,HAD,VER,24.0,24.0,76.427,76.871,0.4439999999999884,SOFT,1.0,1.0,24,dry,green,6.0,6.0,3.0,3.0,
matched_pair,2026,Canadian Grand Prix,Race,race,Red Bull Racing,HAD,VER,25.0,25.0,76.56,76.423,-0.13700000000000045,SOFT,1.0,1.0,25,dry,green,6.0,6.0,3.0,3.0,
matched_pair,2026,Canadian Grand Prix,Race,race,Red Bull Racing,HAD,VER,26.0,26.0,76.153,76.335,0.18199999999998795,SOFT,1.0,1.0,26,dry,green,6.0,6.0,3.0,3.0,
matched_pair,2026,Canadian Grand Prix,Race,race,Red Bull Racing,HAD,VER,27.0,27.0,76.318,76.262,-0.055999999999997385,SOFT,1.0,1.0,27,dry,green,6.0,6.0,3.0,3.0,
matched_pair,2026,Canadian Grand Prix,Race,race,Red Bull Racing,HAD,VER,28.0,28.0,76.629,76.101,-0.5280000000000058,SOFT,1.0,1.0,28,dry,green,6.0,6.0,3.0,3.0,
matched_pair,2026,Canadian Grand Prix,Race,race,Red Bull Racing,HAD,VER,29.0,29.0,77.093,76.255,-0.8380000000000081,SOFT,1.0,1.0,29,dry,green,6.0,6.0,3.0,3.0,
skipped_pair,2026,Canadian Grand Prix,Race,race,Williams,ALB,SAI,,,,,,,,,,,,,,,,no_compound_overlap
matched_pair,2026,Canadian Grand Prix,Qualifying,qualifying,Alpine,COL,GAS,13.0,13.0,74.045,74.711,0.6659999999999968,SOFT,3.0,3.0,3,dry,green,,,,,
matched_pair,2026,Canadian Grand Prix,Qualifying,qualifying,Alpine,COL,GAS,17.0,17.0,73.857,74.46,0.6029999999999944,SOFT,4.0,4.0,3,dry,green,,,,,
matched_pair,2026,Canadian Grand Prix,Qualifying,qualifying,Alpine,COL,GAS,3.0,3.0,74.727,77.531,2.804000000000002,SOFT,1.0,1.0,3,dry,green,,,,,
matched_pair,2026,Canadian Grand Prix,Qualifying,qualifying,Alpine,COL,GAS,7.0,8.0,77.341,74.698,-2.6430000000000007,SOFT,2.0,2.0,3,dry,green,,,,,
matched_pair,2026,Canadian Grand Prix,Qualifying,qualifying,Aston Martin,ALO,STR,2.0,2.0,78.272,79.219,0.9469999999999885,SOFT,1.0,1.0,2,dry,green,,,,,
matched_pair,2026,Canadian Grand Prix,Qualifying,qualifying,Aston Martin,ALO,STR,4.0,4.0,76.184,76.622,0.4380000000000024,SOFT,1.0,1.0,4,dry,green,,,,,
matched_pair,2026,Canadian Grand Prix,Qualifying,qualifying,Aston Martin,ALO,STR,8.0,8.0,75.477,76.195,0.7179999999999893,SOFT,2.0,2.0,3,dry,green,,,,,
matched_pair,2026,Canadian Grand Prix,Qualifying,qualifying,Audi,BOR,HUL,15.0,14.0,74.426,73.977,-0.44899999999999807,SOFT,3.0,3.0,3,dry,green,,,,,
matched_pair,2026,Canadian Grand Prix,Qualifying,qualifying,Audi,BOR,HUL,19.0,18.0,74.55,76.884,2.334000000000003,SOFT,4.0,4.0,3,dry,green,,,,,
matched_pair,2026,Canadian Grand Prix,Qualifying,qualifying,Audi,BOR,HUL,21.0,20.0,74.071,73.886,-0.18500000000000227,SOFT,4.0,4.0,5,dry,green,,,,,
skipped_pair,2026,Canadian Grand Prix,Qualifying,qualifying,Cadillac,BOT,PER,,,,,,,,,,,,,,,,insufficient_matched_pairs
matched_pair,2026,Canadian Grand Prix,Qualifying,qualifying,Ferrari,HAM,LEC,23.0,24.0,72.868,73.149,0.2810000000000059,SOFT,4.0,4.0,3,dry,green,,,,,
matched_pair,2026,Canadian Grand Prix,Qualifying,qualifying,Ferrari,HAM,LEC,14.0,14.0,73.27,74.325,1.0550000000000068,SOFT,2.0,2.0,3,dry,green,,,,,
matched_pair,2026,Canadian Grand Prix,Qualifying,qualifying,Ferrari,HAM,LEC,19.0,16.0,73.041,73.815,0.7740000000000009,SOFT,3.0,2.0,3,dry,green,,,,,
matched_pair,2026,Canadian Grand Prix,Qualifying,qualifying,Haas F1 Team,BEA,OCO,3.0,3.0,75.61,76.891,1.281000000000006,SOFT,1.0,1.0,3,dry,green,,,,,
matched_pair,2026,Canadian Grand Prix,Qualifying,qualifying,Haas F1 Team,BEA,OCO,5.0,5.0,74.846,75.714,0.867999999999995,SOFT,1.0,1.0,5,dry,green,,,,,
matched_pair,2026,Canadian Grand Prix,Qualifying,qualifying,Haas F1 Team,BEA,OCO,9.0,9.0,74.567,74.901,0.3340000000000032,SOFT,2.0,2.0,3,dry,green,,,,,
matched_pair,2026,Canadian Grand Prix,Qualifying,qualifying,Haas F1 Team,BEA,OCO,11.0,11.0,74.449,74.845,0.3960000000000008,SOFT,2.0,2.0,5,dry,green,,,,,
matched_pair,2026,Canadian Grand Prix,Qualifying,qualifying,McLaren,NOR,PIA,23.0,24.0,72.729,73.003,0.2740000000000009,SOFT,5.0,5.0,3,dry,green,,,,,
matched_pair,2026,Canadian Grand Prix,Qualifying,qualifying,McLaren,NOR,PIA,27.0,28.0,72.734,72.781,0.047000000000011255,SOFT,6.0,6.0,3,dry,green,,,,,
matched_pair,2026,Canadian Grand Prix,Qualifying,qualifying,McLaren,NOR,PIA,13.0,14.0,73.235,73.416,0.18099999999999739,SOFT,3.0,3.0,3,dry,green,,,,,
matched_pair,2026,Canadian Grand Prix,Qualifying,qualifying,Mercedes,ANT,RUS,19.0,21.0,73.088,72.993,-0.09499999999999886,SOFT,4.0,5.0,3,dry,green,,,,,
matched_pair,2026,Canadian Grand Prix,Qualifying,qualifying,Mercedes,ANT,RUS,23.0,23.0,72.646,72.578,-0.06799999999999784,SOFT,5.0,5.0,3,dry,green,,,,,
matched_pair,2026,Canadian Grand Prix,Qualifying,qualifying,Mercedes,ANT,RUS,9.0,9.0,73.076,73.611,0.5350000000000108,SOFT,2.0,2.0,3,dry,green,,,,,
matched_pair,2026,Canadian Grand Prix,Qualifying,qualifying,Mercedes,ANT,RUS,13.0,14.0,73.214,73.079,-0.13500000000000512,SOFT,3.0,3.0,3,dry,green,,,,,
matched_pair,2026,Canadian Grand Prix,Qualifying,qualifying,Racing Bulls,LAW,LIN,15.0,15.0,76.871,73.572,-3.2989999999999924,SOFT,3.0,3.0,3,dry,green,,,,,
matched_pair,2026,Canadian Grand Prix,Qualifying,qualifying,Racing Bulls,LAW,LIN,19.0,19.0,74.403,73.548,-0.855000000000004,SOFT,4.0,4.0,3,dry,green,,,,,
matched_pair,2026,Canadian Grand Prix,Qualifying,qualifying,Racing Bulls,LAW,LIN,3.0,3.0,76.117,75.316,-0.8010000000000019,SOFT,1.0,1.0,3,dry,green,,,,,
matched_pair,2026,Canadian Grand Prix,Qualifying,qualifying,Racing Bulls,LAW,LIN,5.0,7.0,75.109,73.895,-1.2139999999999986,SOFT,1.0,2.0,5,dry,green,,,,,
matched_pair,2026,Canadian Grand Prix,Qualifying,qualifying,Racing Bulls,LAW,LIN,9.0,9.0,74.346,74.047,-0.2990000000000066,SOFT,2.0,2.0,3,dry,green,,,,,
matched_pair,2026,Canadian Grand Prix,Qualifying,qualifying,Racing Bulls,LAW,LIN,11.0,11.0,74.369,74.785,0.4159999999999968,SOFT,2.0,2.0,5,dry,green,,,,,
matched_pair,2026,Canadian Grand Prix,Qualifying,qualifying,Red Bull Racing,HAD,VER,17.0,17.0,73.99,73.473,-0.5169999999999959,SOFT,4.0,4.0,3,dry,green,,,,,
matched_pair,2026,Canadian Grand Prix,Qualifying,qualifying,Red Bull Racing,HAD,VER,21.0,20.0,72.935,73.502,0.5669999999999931,SOFT,5.0,5.0,3,dry,green,,,,,
matched_pair,2026,Canadian Grand Prix,Qualifying,qualifying,Red Bull Racing,HAD,VER,7.0,9.0,73.623,73.479,-0.14400000000000546,SOFT,2.0,2.0,2,dry,green,,,,,
matched_pair,2026,Canadian Grand Prix,Qualifying,qualifying,Red Bull Racing,HAD,VER,9.0,13.0,73.204,73.553,0.34900000000000375,SOFT,2.0,3.0,4,dry,green,,,,,
matched_pair,2026,Canadian Grand Prix,Qualifying,qualifying,Williams,ALB,SAI,3.0,3.0,77.204,75.616,-1.5879999999999939,SOFT,1.0,1.0,3,dry,green,,,,,
matched_pair,2026,Canadian Grand Prix,Qualifying,qualifying,Williams,ALB,SAI,5.0,5.0,75.761,74.746,-1.0150000000000006,SOFT,1.0,1.0,5,dry,green,,,,,
matched_pair,2026,Canadian Grand Prix,Qualifying,qualifying,Williams,ALB,SAI,9.0,9.0,74.851,74.276,-0.5750000000000028,SOFT,2.0,2.0,3,dry,green,,,,,
matched_pair,2026,Monaco Grand Prix,Race,race,Alpine,COL,GAS,37.0,47.0,77.418,78.675,1.2569999999999908,HARD,2.0,2.0,2,dry,green,15.0,15.0,7.0,7.0,
matched_pair,2026,Monaco Grand Prix,Race,race,Alpine,COL,GAS,38.0,48.0,76.852,78.218,1.3659999999999997,HARD,2.0,2.0,3,dry,green,15.0,15.0,7.0,7.0,
matched_pair,2026,Monaco Grand Prix,Race,race,Alpine,COL,GAS,40.0,50.0,79.09,78.925,-0.16500000000000625,HARD,2.0,2.0,5,dry,green,15.0,15.0,7.0,7.0,
matched_pair,2026,Monaco Grand Prix,Race,race,Alpine,COL,GAS,41.0,51.0,80.543,79.348,-1.1950000000000074,HARD,2.0,2.0,6,dry,green,15.0,15.0,7.0,7.0,
matched_pair,2026,Monaco Grand Prix,Race,race,Alpine,COL,GAS,42.0,52.0,81.845,77.95,-3.894999999999996,HARD,2.0,2.0,7,dry,green,15.0,15.0,7.0,7.0,
matched_pair,2026,Monaco Grand Prix,Race,race,Alpine,COL,GAS,43.0,53.0,81.644,77.055,-4.588999999999999,HARD,2.0,2.0,8,dry,green,15.0,15.0,7.0,7.0,
matched_pair,2026,Monaco Grand Prix,Race,race,Alpine,COL,GAS,44.0,54.0,80.054,77.287,-2.766999999999996,HARD,2.0,2.0,9,dry,green,15.0,15.0,7.0,7.0,
matched_pair,2026,Monaco Grand Prix,Race,race,Alpine,COL,GAS,45.0,55.0,80.894,77.126,-3.7680000000000007,HARD,2.0,2.0,10,dry,green,15.0,14.0,7.0,7.0,
matched_pair,2026,Monaco Grand Prix,Race,race,Alpine,COL,GAS,46.0,56.0,82.231,77.509,-4.721999999999994,HARD,2.0,2.0,11,dry,green,14.0,14.0,7.0,7.0,
matched_pair,2026,Monaco Grand Prix,Race,race,Alpine,COL,GAS,47.0,57.0,82.125,77.963,-4.162000000000006,HARD,2.0,2.0,12,dry,green,14.0,14.0,7.0,7.0,
matched_pair,2026,Monaco Grand Prix,Race,race,Alpine,COL,GAS,48.0,58.0,81.306,77.612,-3.6940000000000026,HARD,2.0,2.0,13,dry,green,14.0,14.0,7.0,7.0,
matched_pair,2026,Monaco Grand Prix,Race,race,Alpine,COL,GAS,4.0,4.0,80.159,79.124,-1.0350000000000108,MEDIUM,1.0,1.0,4,dry,green,13.0,13.0,7.0,7.0,
matched_pair,2026,Monaco Grand Prix,Race,race,Alpine,COL,GAS,5.0,5.0,80.084,79.092,-0.9920000000000044,MEDIUM,1.0,1.0,5,dry,green,13.0,13.0,7.0,7.0,
matched_pair,2026,Monaco Grand Prix,Race,race,Alpine,COL,GAS,6.0,6.0,79.89,78.305,-1.5849999999999937,MEDIUM,1.0,1.0,6,dry,green,13.0,13.0,7.0,7.0,
matched_pair,2026,Monaco Grand Prix,Race,race,Alpine,COL,GAS,7.0,7.0,79.427,78.58,-0.8470000000000084,MEDIUM,1.0,1.0,7,dry,green,13.0,13.0,7.0,7.0,
matched_pair,2026,Monaco Grand Prix,Race,race,Alpine,COL,GAS,8.0,8.0,79.631,77.946,-1.6850000000000023,MEDIUM,1.0,1.0,8,dry,green,13.0,13.0,7.0,7.0,
matched_pair,2026,Monaco Grand Prix,Race,race,Alpine,COL,GAS,9.0,9.0,78.824,78.13,-0.6940000000000026,MEDIUM,1.0,1.0,9,dry,green,13.0,13.0,7.0,7.0,
matched_pair,2026,Monaco Grand Prix,Race,race,Alpine,COL,GAS,10.0,10.0,80.143,78.04,-2.1029999999999944,MEDIUM,1.0,1.0,10,dry,green,13.0,13.0,7.0,7.0,
matched_pair,2026,Monaco Grand Prix,Race,race,Alpine,COL,GAS,11.0,11.0,78.682,78.404,-0.2780000000000058,MEDIUM,1.0,1.0,11,dry,green,13.0,13.0,7.0,7.0,
matched_pair,2026,Monaco Grand Prix,Race,race,Alpine,COL,GAS,12.0,12.0,78.891,78.358,-0.5330000000000013,MEDIUM,1.0,1.0,12,dry,green,13.0,12.0,7.0,7.0,
matched_pair,2026,Monaco Grand Prix,Race,race,Alpine,COL,GAS,13.0,13.0,78.417,78.333,-0.08400000000000318,MEDIUM,1.0,1.0,13,dry,green,12.0,12.0,7.0,7.0,
matched_pair,2026,Monaco Grand Prix,Race,race,Alpine,COL,GAS,14.0,14.0,78.352,78.204,-0.14800000000001035,MEDIUM,1.0,1.0,14,dry,green,12.0,12.0,7.0,7.0,
matched_pair,2026,Monaco Grand Prix,Race,race,Alpine,COL,GAS,15.0,15.0,78.809,78.092,-0.7169999999999987,MEDIUM,1.0,1.0,15,dry,green,12.0,12.0,7.0,7.0,
matched_pair,2026,Monaco Grand Prix,Race,race,Alpine,COL,GAS,16.0,16.0,78.493,79.128,0.6350000000000051,MEDIUM,1.0,1.0,16,dry,green,12.0,12.0,7.0,7.0,
matched_pair,2026,Monaco Grand Prix,Race,race,Alpine,COL,GAS,17.0,17.0,78.227,78.782,0.5549999999999926,MEDIUM,1.0,1.0,17,dry,green,12.0,12.0,7.0,7.0,
matched_pair,2026,Monaco Grand Prix,Race,race,Alpine,COL,GAS,18.0,18.0,78.676,79.055,0.3790000000000049,MEDIUM,1.0,1.0,18,dry,green,12.0,12.0,7.0,7.0,
matched_pair,2026,Monaco Grand Prix,Race,race,Alpine,COL,GAS,19.0,19.0,78.695,78.687,-0.007999999999995566,MEDIUM,1.0,1.0,19,dry,green,12.0,12.0,7.0,7.0,
matched_pair,2026,Monaco Grand Prix,Race,race,Alpine,COL,GAS,20.0,20.0,78.76,78.231,-0.5290000000000106,MEDIUM,1.0,1.0,20,dry,green,12.0,12.0,7.0,7.0,
matched_pair,2026,Monaco Grand Prix,Race,race,Alpine,COL,GAS,21.0,21.0,78.708,78.386,-0.32200000000000273,MEDIUM,1.0,1.0,21,dry,green,12.0,12.0,7.0,7.0,
matched_pair,2026,Monaco Grand Prix,Race,race,Alpine,COL,GAS,22.0,22.0,78.784,78.475,-0.3090000000000117,MEDIUM,1.0,1.0,22,dry,green,12.0,12.0,7.0,7.0,
matched_pair,2026,Monaco Grand Prix,Race,race,Alpine,COL,GAS,23.0,23.0,79.127,78.461,-0.6659999999999968,MEDIUM,1.0,1.0,23,dry,green,12.0,12.0,7.0,7.0,
matched_pair,2026,Monaco Grand Prix,Race,race,Alpine,COL,GAS,24.0,24.0,79.087,78.52,-0.5670000000000073,MEDIUM,1.0,1.0,24,dry,green,12.0,12.0,7.0,7.0,
matched_pair,2026,Monaco Grand Prix,Race,race,Alpine,COL,GAS,25.0,25.0,79.138,78.386,-0.7520000000000095,MEDIUM,1.0,1.0,25,dry,green,12.0,12.0,7.0,7.0,
matched_pair,2026,Monaco Grand Prix,Race,race,Alpine,COL,GAS,26.0,26.0,79.121,78.461,-0.6599999999999966,MEDIUM,1.0,1.0,26,dry,green,12.0,12.0,7.0,7.0,
matched_pair,2026,Monaco Grand Prix,Race,race,Alpine,COL,GAS,27.0,27.0,79.18,78.521,-0.659000000000006,MEDIUM,1.0,1.0,27,dry,green,12.0,12.0,7.0,7.0,
matched_pair,2026,Monaco Grand Prix,Race,race,Alpine,COL,GAS,28.0,28.0,78.754,78.596,-0.15800000000000125,MEDIUM,1.0,1.0,28,dry,green,12.0,12.0,7.0,7.0,
matched_pair,2026,Monaco Grand Prix,Race,race,Alpine,COL,GAS,29.0,29.0,79.837,78.056,-1.781000000000006,MEDIUM,1.0,1.0,29,dry,green,12.0,12.0,7.0,7.0,
matched_pair,2026,Monaco Grand Prix,Race,race,Alpine,COL,GAS,30.0,30.0,80.13,78.178,-1.9519999999999982,MEDIUM,1.0,1.0,30,dry,green,12.0,12.0,7.0,7.0,
matched_pair,2026,Monaco Grand Prix,Race,race,Alpine,COL,GAS,31.0,31.0,79.382,78.36,-1.0220000000000056,MEDIUM,1.0,1.0,31,dry,green,12.0,12.0,7.0,6.0,
matched_pair,2026,Monaco Grand Prix,Race,race,Alpine,COL,GAS,32.0,32.0,79.522,78.029,-1.4930000000000092,MEDIUM,1.0,1.0,32,dry,green,12.0,12.0,6.0,5.0,
matched_pair,2026,Monaco Grand Prix,Race,race,Alpine,COL,GAS,33.0,33.0,79.742,78.807,-0.9350000000000023,MEDIUM,1.0,1.0,33,dry,green,12.0,12.0,5.0,5.0,
matched_pair,2026,Monaco Grand Prix,Race,race,Alpine,COL,GAS,72.0,72.0,79.699,77.461,-2.2379999999999995,SOFT,6.0,5.0,4,dry,green,15.0,15.0,4.0,3.0,
matched_pair,2026,Monaco Grand Prix,Race,race,Alpine,COL,GAS,73.0,73.0,78.642,76.054,-2.587999999999994,SOFT,6.0,5.0,5,dry,green,15.0,15.0,3.0,3.0,
matched_pair,2026,Monaco Grand Prix,Race,race,Alpine,COL,GAS,74.0,74.0,76.316,76.599,0.28300000000000125,SOFT,6.0,5.0,6,dry,green,15.0,15.0,3.0,3.0,
matched_pair,2026,Monaco Grand Prix,Race,race,Alpine,COL,GAS,75.0,75.0,76.531,76.296,-0.23499999999999943,SOFT,6.0,5.0,7,dry,green,15.0,15.0,3.0,3.0,
matched_pair,2026,Monaco Grand Prix,Race,race,Alpine,COL,GAS,76.0,76.0,77.519,75.899,-1.6200000000000045,SOFT,6.0,5.0,8,dry,green,15.0,15.0,3.0,3.0,
matched_pair,2026,Monaco Grand Prix,Race,race,Alpine,COL,GAS,77.0,77.0,77.095,75.497,-1.597999999999999,SOFT,6.0,5.0,9,dry,green,15.0,15.0,3.0,3.0,
matched_pair,2026,Monaco Grand Prix,Race,race,Aston Martin,ALO,STR,2.0,2.0,82.343,82.082,-0.2610000000000099,MEDIUM,1.0,1.0,2,dry,green,17.0,17.0,18.0,18.0,
matched_pair,2026,Monaco Grand Prix,Race,race,Aston Martin,ALO,STR,5.0,6.0,80.326,79.755,-0.570999999999998,SOFT,2.0,2.0,2,dry,green,18.0,17.0,18.0,18.0,
matched_pair,2026,Monaco Grand Prix,Race,race,Aston Martin,ALO,STR,6.0,7.0,79.772,79.602,-0.1700000000000017,SOFT,2.0,2.0,3,dry,green,17.0,17.0,18.0,18.0,
matched_pair,2026,Monaco Grand Prix,Race,race,Aston Martin,ALO,STR,7.0,8.0,79.16,79.176,0.016000000000005343,SOFT,2.0,2.0,4,dry,green,17.0,17.0,18.0,18.0,
matched_pair,2026,Monaco Grand Prix,Race,race,Aston Martin,ALO,STR,8.0,9.0,79.213,79.144,-0.0689999999999884,SOFT,2.0,2.0,5,dry,green,17.0,17.0,18.0,17.0,
matched_pair,2026,Monaco Grand Prix,Race,race,Aston Martin,ALO,STR,9.0,10.0,79.431,79.314,-0.11700000000000443,SOFT,2.0,2.0,6,dry,green,17.0,16.0,17.0,17.0,
matched_pair,2026,Monaco Grand Prix,Race,race,Aston Martin,ALO,STR,10.0,11.0,79.993,79.543,-0.44999999999998863,SOFT,2.0,2.0,7,dry,green,16.0,16.0,17.0,17.0,
matched_pair,2026,Monaco Grand Prix,Race,race,Aston Martin,ALO,STR,11.0,12.0,79.595,79.438,-0.15699999999999648,SOFT,2.0,2.0,8,dry,green,16.0,16.0,17.0,17.0,
matched_pair,2026,Monaco Grand Prix,Race,race,Aston Martin,ALO,STR,12.0,13.0,79.031,79.14,0.10899999999999466,SOFT,2.0,2.0,9,dry,green,16.0,16.0,17.0,17.0,
matched_pair,2026,Monaco Grand Prix,Race,race,Aston Martin,ALO,STR,13.0,14.0,79.032,80.9,1.8680000000000092,SOFT,2.0,2.0,10,dry,green,16.0,16.0,17.0,17.0,
matched_pair,2026,Monaco Grand Prix,Race,race,Aston Martin,ALO,STR,19.0,20.0,79.936,79.147,-0.7890000000000015,SOFT,2.0,2.0,16,dry,green,16.0,16.0,17.0,17.0,
matched_pair,2026,Monaco Grand Prix,Race,race,Aston Martin,ALO,STR,20.0,21.0,79.287,79.333,0.04599999999999227,SOFT,2.0,2.0,17,dry,green,16.0,16.0,17.0,17.0,
matched_pair,2026,Monaco Grand Prix,Race,race,Aston Martin,ALO,STR,21.0,22.0,79.246,79.396,0.15000000000000568,SOFT,2.0,2.0,18,dry,green,16.0,16.0,17.0,17.0,
matched_pair,2026,Monaco Grand Prix,Race,race,Aston Martin,ALO,STR,22.0,23.0,79.169,79.471,0.3020000000000067,SOFT,2.0,2.0,19,dry,green,16.0,16.0,17.0,17.0,
matched_pair,2026,Monaco Grand Prix,Race,race,Aston Martin,ALO,STR,23.0,24.0,79.157,79.046,-0.11099999999999,SOFT,2.0,2.0,20,dry,green,16.0,16.0,17.0,17.0,
matched_pair,2026,Monaco Grand Prix,Race,race,Aston Martin,ALO,STR,24.0,25.0,79.072,78.873,-0.19899999999999807,SOFT,2.0,2.0,21,dry,green,16.0,16.0,17.0,17.0,
matched_pair,2026,Monaco Grand Prix,Race,race,Aston Martin,ALO,STR,25.0,26.0,79.017,79.243,0.2259999999999991,SOFT,2.0,2.0,22,dry,green,16.0,16.0,17.0,17.0,
matched_pair,2026,Monaco Grand Prix,Race,race,Aston Martin,ALO,STR,26.0,27.0,78.881,79.21,0.3289999999999935,SOFT,2.0,2.0,23,dry,green,16.0,16.0,17.0,17.0,
matched_pair,2026,Monaco Grand Prix,Race,race,Aston Martin,ALO,STR,27.0,28.0,79.287,79.178,-0.10900000000000887,SOFT,2.0,2.0,24,dry,green,16.0,16.0,17.0,17.0,
matched_pair,2026,Monaco Grand Prix,Race,race,Aston Martin,ALO,STR,28.0,29.0,79.172,78.968,-0.20399999999999352,SOFT,2.0,2.0,25,dry,green,16.0,16.0,17.0,17.0,
matched_pair,2026,Monaco Grand Prix,Race,race,Aston Martin,ALO,STR,29.0,30.0,79.251,79.045,-0.20600000000000307,SOFT,2.0,2.0,26,dry,green,16.0,16.0,17.0,17.0,
matched_pair,2026,Monaco Grand Prix,Race,race,Aston Martin,ALO,STR,30.0,31.0,79.23,78.966,-0.26400000000001,SOFT,2.0,2.0,27,dry,green,16.0,16.0,17.0,17.0,
matched_pair,2026,Monaco Grand Prix,Race,race,Aston Martin,ALO,STR,31.0,32.0,79.014,79.052,0.038000000000010914,SOFT,2.0,2.0,28,dry,green,16.0,16.0,17.0,17.0,
matched_pair,2026,Monaco Grand Prix,Race,race,Aston Martin,ALO,STR,32.0,33.0,78.798,79.219,0.42099999999999227,SOFT,2.0,2.0,29,dry,green,16.0,16.0,17.0,17.0,
matched_pair,2026,Monaco Grand Prix,Race,race,Aston Martin,ALO,STR,33.0,34.0,78.696,78.95,0.2540000000000049,SOFT,2.0,2.0,30,dry,green,16.0,16.0,17.0,17.0,
matched_pair,2026,Monaco Grand Prix,Race,race,Aston Martin,ALO,STR,34.0,35.0,78.754,79.099,0.34499999999999886,SOFT,2.0,2.0,31,dry,green,16.0,16.0,17.0,17.0,
matched_pair,2026,Monaco Grand Prix,Race,race,Aston Martin,ALO,STR,35.0,36.0,79.137,78.845,-0.2920000000000016,SOFT,2.0,2.0,32,dry,green,16.0,16.0,17.0,17.0,
matched_pair,2026,Monaco Grand Prix,Race,race,Aston Martin,ALO,STR,36.0,37.0,78.911,79.008,0.0969999999999942,SOFT,2.0,2.0,33,dry,green,16.0,16.0,17.0,17.0,
matched_pair,2026,Monaco Grand Prix,Race,race,Aston Martin,ALO,STR,37.0,38.0,79.01,79.192,0.18199999999998795,SOFT,2.0,2.0,34,dry,green,16.0,16.0,17.0,17.0,
matched_pair,2026,Monaco Grand Prix,Race,race,Aston Martin,ALO,STR,38.0,39.0,78.898,79.236,0.33800000000000807,SOFT,2.0,2.0,35,dry,green,16.0,16.0,17.0,17.0,
matched_pair,2026,Monaco Grand Prix,Race,race,Aston Martin,ALO,STR,40.0,41.0,79.02,79.36,0.3400000000000034,SOFT,2.0,2.0,37,dry,green,16.0,16.0,17.0,17.0,
matched_pair,2026,Monaco Grand Prix,Race,race,Aston Martin,ALO,STR,41.0,42.0,79.215,78.995,-0.21999999999999886,SOFT,2.0,2.0,38,dry,green,16.0,16.0,17.0,17.0,
matched_pair,2026,Monaco Grand Prix,Race,race,Aston Martin,ALO,STR,42.0,43.0,79.414,79.304,-0.10999999999999943,SOFT,2.0,2.0,39,dry,green,16.0,16.0,17.0,17.0,
matched_pair,2026,Monaco Grand Prix,Race,race,Aston Martin,ALO,STR,43.0,44.0,79.699,79.428,-0.2710000000000008,SOFT,2.0,2.0,40,dry,green,16.0,16.0,17.0,17.0,
matched_pair,2026,Monaco Grand Prix,Race,race,Aston Martin,ALO,STR,44.0,45.0,79.618,79.237,-0.3810000000000002,SOFT,2.0,2.0,41,dry,green,16.0,16.0,17.0,16.0,
matched_pair,2026,Monaco Grand Prix,Race,race,Aston Martin,ALO,STR,45.0,46.0,79.913,79.582,-0.33100000000000307,SOFT,2.0,2.0,42,dry,green,16.0,15.0,16.0,16.0,
matched_pair,2026,Monaco Grand Prix,Race,race,Aston Martin,ALO,STR,54.0,55.0,79.72,79.56,-0.1599999999999966,SOFT,2.0,2.0,51,dry,green,15.0,15.0,16.0,16.0,
matched_pair,2026,Monaco Grand Prix,Race,race,Audi,BOR,HUL,3.0,14.0,81.267,76.498,-4.768999999999991,HARD,2.0,2.0,2,dry,green,20.0,20.0,14.0,14.0,
matched_pair,2026,Monaco Grand Prix,Race,race,Audi,BOR,HUL,4.0,15.0,81.687,76.332,-5.355000000000004,HARD,2.0,2.0,3,dry,green,20.0,20.0,14.0,14.0,
matched_pair,2026,Monaco Grand Prix,Race,race,Audi,BOR,HUL,5.0,16.0,81.68,76.369,-5.311000000000007,HARD,2.0,2.0,4,dry,green,20.0,20.0,14.0,14.0,
matched_pair,2026,Monaco Grand Prix,Race,race,Audi,BOR,HUL,6.0,17.0,81.412,76.733,-4.679000000000002,HARD,2.0,2.0,5,dry,green,20.0,20.0,14.0,14.0,
matched_pair,2026,Monaco Grand Prix,Race,race,Audi,BOR,HUL,7.0,18.0,81.109,77.167,-3.941999999999993,HARD,2.0,2.0,6,dry,green,20.0,20.0,14.0,14.0,
matched_pair,2026,Monaco Grand Prix,Race,race,Audi,BOR,HUL,8.0,19.0,80.555,76.824,-3.7310000000000088,HARD,2.0,2.0,7,dry,green,20.0,20.0,14.0,14.0,
matched_pair,2026,Monaco Grand Prix,Race,race,Audi,BOR,HUL,9.0,20.0,80.673,78.053,-2.6200000000000045,HARD,2.0,2.0,8,dry,green,20.0,20.0,14.0,14.0,
matched_pair,2026,Monaco Grand Prix,Race,race,Audi,BOR,HUL,12.0,23.0,81.444,78.399,-3.0450000000000017,HARD,2.0,2.0,11,dry,green,20.0,20.0,14.0,14.0,
matched_pair,2026,Monaco Grand Prix,Race,race,Audi,BOR,HUL,13.0,24.0,81.892,78.826,-3.0660000000000025,HARD,2.0,2.0,12,dry,green,20.0,20.0,14.0,14.0,
matched_pair,2026,Monaco Grand Prix,Race,race,Audi,BOR,HUL,14.0,25.0,80.879,79.19,-1.6890000000000072,HARD,2.0,2.0,13,dry,green,20.0,20.0,14.0,14.0,
matched_pair,2026,Monaco Grand Prix,Race,race,Audi,BOR,HUL,15.0,26.0,81.083,78.543,-2.539999999999992,HARD,2.0,2.0,14,dry,green,20.0,20.0,14.0,14.0,
matched_pair,2026,Monaco Grand Prix,Race,race,Audi,BOR,HUL,17.0,28.0,78.33,79.789,1.4590000000000032,HARD,2.0,2.0,16,dry,green,20.0,19.0,14.0,14.0,
matched_pair,2026,Monaco Grand Prix,Race,race,Audi,BOR,HUL,18.0,29.0,78.193,79.87,1.6770000000000067,HARD,2.0,2.0,17,dry,green,19.0,19.0,14.0,14.0,
matched_pair,2026,Monaco Grand Prix,Race,race,Audi,BOR,HUL,19.0,30.0,77.908,78.774,0.8659999999999997,HARD,2.0,2.0,18,dry,green,19.0,19.0,14.0,14.0,
matched_pair,2026,Monaco Grand Prix,Race,race,Audi,BOR,HUL,20.0,31.0,78.329,81.04,2.7110000000000127,HARD,2.0,2.0,19,dry,green,19.0,19.0,14.0,14.0,
matched_pair,2026,Monaco Grand Prix,Race,race,Audi,BOR,HUL,21.0,32.0,78.469,79.339,0.8700000000000045,HARD,2.0,2.0,20,dry,green,19.0,19.0,14.0,14.0,
matched_pair,2026,Monaco Grand Prix,Race,race,Audi,BOR,HUL,22.0,33.0,78.077,79.006,0.929000000000002,HARD,2.0,2.0,21,dry,green,19.0,19.0,14.0,14.0,
matched_pair,2026,Monaco Grand Prix,Race,race,Audi,BOR,HUL,23.0,34.0,78.042,80.295,2.253,HARD,2.0,2.0,22,dry,green,19.0,19.0,14.0,14.0,
matched_pair,2026,Monaco Grand Prix,Race,race,Audi,BOR,HUL,24.0,35.0,78.071,81.584,3.5130000000000052,HARD,2.0,2.0,23,dry,green,19.0,19.0,14.0,13.0,
matched_pair,2026,Monaco Grand Prix,Race,race,Audi,BOR,HUL,25.0,36.0,78.424,80.936,2.5120000000000005,HARD,2.0,2.0,24,dry,green,19.0,19.0,13.0,13.0,
matched_pair,2026,Monaco Grand Prix,Race,race,Audi,BOR,HUL,26.0,37.0,77.906,81.164,3.2579999999999956,HARD,2.0,2.0,25,dry,green,19.0,19.0,13.0,13.0,
matched_pair,2026,Monaco Grand Prix,Race,race,Audi,BOR,HUL,28.0,39.0,78.897,81.961,3.063999999999993,HARD,2.0,2.0,27,dry,green,19.0,19.0,13.0,13.0,
matched_pair,2026,Monaco Grand Prix,Race,race,Audi,BOR,HUL,30.0,41.0,78.765,81.902,3.1370000000000005,HARD,2.0,2.0,29,dry,green,19.0,19.0,13.0,13.0,
matched_pair,2026,Monaco Grand Prix,Race,race,Audi,BOR,HUL,31.0,42.0,78.29,81.921,3.6310000000000002,HARD,2.0,2.0,30,dry,green,19.0,19.0,13.0,13.0,
matched_pair,2026,Monaco Grand Prix,Race,race,Audi,BOR,HUL,32.0,43.0,78.092,81.492,3.4000000000000057,HARD,2.0,2.0,31,dry,green,19.0,19.0,13.0,13.0,
matched_pair,2026,Monaco Grand Prix,Race,race,Audi,BOR,HUL,33.0,44.0,78.137,80.026,1.8889999999999958,HARD,2.0,2.0,32,dry,green,19.0,19.0,13.0,13.0,
matched_pair,2026,Monaco Grand Prix,Race,race,Audi,BOR,HUL,34.0,45.0,78.233,81.175,2.941999999999993,HARD,2.0,2.0,33,dry,green,19.0,19.0,13.0,12.0,
matched_pair,2026,Monaco Grand Prix,Race,race,Audi,BOR,HUL,35.0,46.0,80.013,82.241,2.2279999999999944,HARD,2.0,2.0,34,dry,green,19.0,19.0,12.0,12.0,
matched_pair,2026,Monaco Grand Prix,Race,race,Audi,BOR,HUL,37.0,48.0,79.905,80.325,0.4200000000000017,HARD,2.0,2.0,36,dry,green,19.0,19.0,12.0,12.0,
matched_pair,2026,Monaco Grand Prix,Race,race,Audi,BOR,HUL,38.0,49.0,81.936,79.608,-2.328000000000003,HARD,2.0,2.0,37,dry,green,19.0,19.0,12.0,12.0,
matched_pair,2026,Monaco Grand Prix,Race,race,Audi,BOR,HUL,39.0,50.0,80.369,80.552,0.18300000000000693,HARD,2.0,2.0,38,dry,green,19.0,19.0,12.0,12.0,
matched_pair,2026,Monaco Grand Prix,Race,race,Audi,BOR,HUL,40.0,51.0,81.026,81.379,0.35300000000000864,HARD,2.0,2.0,39,dry,green,19.0,19.0,12.0,12.0,
matched_pair,2026,Monaco Grand Prix,Race,race,Audi,BOR,HUL,41.0,52.0,80.793,79.399,-1.3940000000000055,HARD,2.0,2.0,40,dry,green,19.0,19.0,12.0,12.0,
matched_pair,2026,Monaco Grand Prix,Race,race,Audi,BOR,HUL,46.0,3.0,76.803,80.535,3.7319999999999993,MEDIUM,3.0,1.0,3,dry,green,18.0,18.0,12.0,12.0,
matched_pair,2026,Monaco Grand Prix,Race,race,Audi,BOR,HUL,47.0,4.0,76.86,80.016,3.156000000000006,MEDIUM,3.0,1.0,4,dry,green,18.0,18.0,12.0,12.0,
matched_pair,2026,Monaco Grand Prix,Race,race,Audi,BOR,HUL,48.0,5.0,77.182,80.179,2.997,MEDIUM,3.0,1.0,5,dry,green,18.0,18.0,12.0,12.0,
matched_pair,2026,Monaco Grand Prix,Race,race,Audi,BOR,HUL,49.0,6.0,79.353,79.709,0.35600000000000875,MEDIUM,3.0,1.0,6,dry,green,18.0,18.0,12.0,12.0,
matched_pair,2026,Monaco Grand Prix,Race,race,Audi,BOR,HUL,51.0,8.0,78.396,79.781,1.3850000000000051,MEDIUM,3.0,1.0,8,dry,green,18.0,18.0,12.0,12.0,
matched_pair,2026,Monaco Grand Prix,Race,race,Audi,BOR,HUL,52.0,9.0,78.553,79.373,0.8200000000000074,MEDIUM,3.0,1.0,9,dry,green,18.0,18.0,12.0,12.0,
matched_pair,2026,Monaco Grand Prix,Race,race,Audi,BOR,HUL,53.0,10.0,81.318,79.75,-1.5679999999999978,MEDIUM,3.0,1.0,10,dry,green,18.0,18.0,12.0,12.0,
matched_pair,2026,Monaco Grand Prix,Race,race,Audi,BOR,HUL,54.0,11.0,79.58,78.714,-0.8659999999999997,MEDIUM,3.0,1.0,11,dry,green,18.0,18.0,12.0,12.0,
matched_pair,2026,Monaco Grand Prix,Race,race,Audi,BOR,HUL,72.0,72.0,77.484,79.754,2.2700000000000102,SOFT,8.0,7.0,4,dry,green,14.0,14.0,10.0,8.0,
matched_pair,2026,Monaco Grand Prix,Race,race,Audi,BOR,HUL,73.0,73.0,79.306,80.075,0.7690000000000055,SOFT,8.0,7.0,5,dry,green,14.0,13.0,8.0,9.0,
matched_pair,2026,Monaco Grand Prix,Race,race,Audi,BOR,HUL,74.0,74.0,78.224,76.748,-1.475999999999999,SOFT,8.0,7.0,6,dry,green,13.0,13.0,9.0,9.0,
matched_pair,2026,Monaco Grand Prix,Race,race,Audi,BOR,HUL,75.0,75.0,77.897,76.353,-1.5440000000000111,SOFT,8.0,7.0,7,dry,green,13.0,13.0,9.0,9.0,
matched_pair,2026,Monaco Grand Prix,Race,race,Audi,BOR,HUL,76.0,76.0,77.588,76.734,-0.8539999999999992,SOFT,8.0,7.0,8,dry,green,13.0,13.0,9.0,9.0,
matched_pair,2026,Monaco Grand Prix,Race,race,Audi,BOR,HUL,77.0,77.0,77.104,76.49,-0.6140000000000043,SOFT,8.0,7.0,9,dry,green,13.0,13.0,9.0,9.0,
matched_pair,2026,Monaco Grand Prix,Race,race,Cadillac,BOT,PER,3.0,6.0,81.753,79.524,-2.228999999999999,MEDIUM,2.0,2.0,2,dry,green,19.0,19.0,16.0,16.0,
matched_pair,2026,Monaco Grand Prix,Race,race,Cadillac,BOT,PER,4.0,7.0,81.609,77.89,-3.718999999999994,MEDIUM,2.0,2.0,3,dry,green,19.0,19.0,16.0,16.0,
matched_pair,2026,Monaco Grand Prix,Race,race,Cadillac,BOT,PER,5.0,8.0,81.912,78.694,-3.2180000000000035,MEDIUM,2.0,2.0,4,dry,green,19.0,19.0,16.0,16.0,
matched_pair,2026,Monaco Grand Prix,Race,race,Cadillac,BOT,PER,6.0,14.0,81.293,78.51,-2.7830000000000013,MEDIUM,2.0,3.0,5,dry,green,19.0,19.0,18.0,18.0,
matched_pair,2026,Monaco Grand Prix,Race,race,Cadillac,BOT,PER,7.0,15.0,81.137,80.811,-0.3259999999999934,MEDIUM,2.0,3.0,6,dry,green,19.0,19.0,18.0,18.0,
matched_pair,2026,Monaco Grand Prix,Race,race,Cadillac,BOT,PER,8.0,16.0,80.494,78.578,-1.9159999999999968,MEDIUM,2.0,3.0,7,dry,green,19.0,19.0,18.0,18.0,
matched_pair,2026,Monaco Grand Prix,Race,race,Cadillac,BOT,PER,9.0,17.0,80.913,79.129,-1.7839999999999918,MEDIUM,2.0,3.0,8,dry,green,19.0,19.0,18.0,18.0,
matched_pair,2026,Monaco Grand Prix,Race,race,Cadillac,BOT,PER,12.0,20.0,80.704,78.93,-1.7739999999999867,MEDIUM,2.0,3.0,11,dry,green,19.0,19.0,18.0,18.0,
matched_pair,2026,Monaco Grand Prix,Race,race,Cadillac,BOT,PER,14.0,22.0,80.872,80.559,-0.3130000000000024,MEDIUM,2.0,3.0,13,dry,green,19.0,19.0,18.0,18.0,
matched_pair,2026,Monaco Grand Prix,Race,race,Cadillac,BOT,PER,15.0,23.0,81.034,79.5,-1.534000000000006,MEDIUM,2.0,3.0,14,dry,green,19.0,19.0,18.0,18.0,
matched_pair,2026,Monaco Grand Prix,Race,race,Ferrari,HAM,LEC,31.0,38.0,76.519,76.872,0.35299999999999443,HARD,2.0,2.0,3,dry,green,3.0,3.0,3.0,3.0,
matched_pair,2026,Monaco Grand Prix,Race,race,Ferrari,HAM,LEC,32.0,39.0,76.552,76.569,0.016999999999995907,HARD,2.0,2.0,4,dry,green,3.0,3.0,3.0,3.0,
matched_pair,2026,Monaco Grand Prix,Race,race,Ferrari,HAM,LEC,33.0,40.0,76.66,76.564,-0.09600000000000364,HARD,2.0,2.0,5,dry,green,3.0,3.0,3.0,3.0,
matched_pair,2026,Monaco Grand Prix,Race,race,Ferrari,HAM,LEC,36.0,43.0,76.566,76.574,0.007999999999995566,HARD,2.0,2.0,8,dry,green,2.0,2.0,3.0,3.0,
matched_pair,2026,Monaco Grand Prix,Race,race,Ferrari,HAM,LEC,37.0,44.0,77.434,76.345,-1.0889999999999986,HARD,2.0,2.0,9,dry,green,2.0,2.0,3.0,3.0,
matched_pair,2026,Monaco Grand Prix,Race,race,Ferrari,HAM,LEC,38.0,45.0,77.376,76.538,-0.8380000000000081,HARD,2.0,2.0,10,dry,green,2.0,2.0,3.0,3.0,
matched_pair,2026,Monaco Grand Prix,Race,race,Ferrari,HAM,LEC,41.0,48.0,77.389,76.217,-1.171999999999997,HARD,2.0,2.0,13,dry,green,2.0,2.0,3.0,3.0,
matched_pair,2026,Monaco Grand Prix,Race,race,Ferrari,HAM,LEC,42.0,49.0,77.112,76.195,-0.9170000000000016,HARD,2.0,2.0,14,dry,green,2.0,2.0,3.0,3.0,
matched_pair,2026,Monaco Grand Prix,Race,race,Ferrari,HAM,LEC,43.0,50.0,77.26,76.211,-1.0490000000000066,HARD,2.0,2.0,15,dry,green,2.0,2.0,3.0,3.0,
matched_pair,2026,Monaco Grand Prix,Race,race,Ferrari,HAM,LEC,44.0,51.0,77.128,76.474,-0.6539999999999964,HARD,2.0,2.0,16,dry,green,2.0,2.0,3.0,3.0,
matched_pair,2026,Monaco Grand Prix,Race,race,Ferrari,HAM,LEC,45.0,52.0,76.793,76.696,-0.09700000000000841,HARD,2.0,2.0,17,dry,green,2.0,2.0,3.0,3.0,
matched_pair,2026,Monaco Grand Prix,Race,race,Ferrari,HAM,LEC,46.0,53.0,76.657,75.964,-0.6929999999999978,HARD,2.0,2.0,18,dry,green,2.0,2.0,3.0,3.0,
matched_pair,2026,Monaco Grand Prix,Race,race,Ferrari,HAM,LEC,47.0,54.0,76.849,76.15,-0.6989999999999981,HARD,2.0,2.0,19,dry,green,2.0,2.0,3.0,3.0,
matched_pair,2026,Monaco Grand Prix,Race,race,Ferrari,HAM,LEC,48.0,55.0,77.189,76.056,-1.1329999999999956,HARD,2.0,2.0,20,dry,green,2.0,2.0,3.0,3.0,
matched_pair,2026,Monaco Grand Prix,Race,race,Ferrari,HAM,LEC,49.0,56.0,77.188,77.088,-0.10000000000000853,HARD,2.0,2.0,21,dry,green,2.0,2.0,3.0,3.0,
matched_pair,2026,Monaco Grand Prix,Race,race,Ferrari,HAM,LEC,50.0,57.0,77.052,76.393,-0.659000000000006,HARD,2.0,2.0,22,dry,green,2.0,2.0,3.0,3.0,
matched_pair,2026,Monaco Grand Prix,Race,race,Ferrari,HAM,LEC,51.0,58.0,76.695,76.378,-0.31699999999999307,HARD,2.0,2.0,23,dry,green,2.0,2.0,3.0,3.0,
matched_pair,2026,Monaco Grand Prix,Race,race,Ferrari,HAM,LEC,52.0,59.0,76.661,76.476,-0.18500000000000227,HARD,2.0,2.0,24,dry,green,2.0,2.0,3.0,3.0,
matched_pair,2026,Monaco Grand Prix,Race,race,Ferrari,HAM,LEC,3.0,3.0,77.678,77.793,0.1150000000000091,MEDIUM,1.0,1.0,3,dry,green,2.0,2.0,3.0,3.0,
matched_pair,2026,Monaco Grand Prix,Race,race,Ferrari,HAM,LEC,4.0,4.0,77.078,77.47,0.3919999999999959,MEDIUM,1.0,1.0,4,dry,green,2.0,2.0,3.0,3.0,
matched_pair,2026,Monaco Grand Prix,Race,race,Ferrari,HAM,LEC,5.0,5.0,77.058,77.655,0.5969999999999942,MEDIUM,1.0,1.0,5,dry,green,2.0,2.0,3.0,3.0,
matched_pair,2026,Monaco Grand Prix,Race,race,Ferrari,HAM,LEC,6.0,6.0,76.7,77.74,1.039999999999992,MEDIUM,1.0,1.0,6,dry,green,2.0,2.0,3.0,3.0,
matched_pair,2026,Monaco Grand Prix,Race,race,Ferrari,HAM,LEC,7.0,7.0,76.587,77.338,0.7509999999999906,MEDIUM,1.0,1.0,7,dry,green,2.0,2.0,3.0,3.0,
matched_pair,2026,Monaco Grand Prix,Race,race,Ferrari,HAM,LEC,8.0,8.0,77.005,76.909,-0.09599999999998943,MEDIUM,1.0,1.0,8,dry,green,2.0,2.0,3.0,3.0,
matched_pair,2026,Monaco Grand Prix,Race,race,Ferrari,HAM,LEC,9.0,9.0,76.641,77.188,0.546999999999997,MEDIUM,1.0,1.0,9,dry,green,2.0,2.0,3.0,3.0,
matched_pair,2026,Monaco Grand Prix,Race,race,Ferrari,HAM,LEC,10.0,10.0,76.841,76.84,-0.000999999999990564,MEDIUM,1.0,1.0,10,dry,green,2.0,2.0,3.0,3.0,
matched_pair,2026,Monaco Grand Prix,Race,race,Ferrari,HAM,LEC,11.0,11.0,77.136,77.013,-0.12299999999999045,MEDIUM,1.0,1.0,11,dry,green,2.0,2.0,3.0,3.0,
matched_pair,2026,Monaco Grand Prix,Race,race,Ferrari,HAM,LEC,12.0,12.0,77.234,77.56,0.3260000000000076,MEDIUM,1.0,1.0,12,dry,green,2.0,2.0,3.0,3.0,
matched_pair,2026,Monaco Grand Prix,Race,race,Ferrari,HAM,LEC,13.0,13.0,77.028,77.081,0.05299999999999727,MEDIUM,1.0,1.0,13,dry,green,2.0,2.0,3.0,3.0,
matched_pair,2026,Monaco Grand Prix,Race,race,Ferrari,HAM,LEC,14.0,14.0,76.99,77.156,0.16600000000001103,MEDIUM,1.0,1.0,14,dry,green,2.0,2.0,3.0,3.0,
matched_pair,2026,Monaco Grand Prix,Race,race,Ferrari,HAM,LEC,15.0,15.0,76.912,77.313,0.40099999999999625,MEDIUM,1.0,1.0,15,dry,green,2.0,2.0,3.0,3.0,
matched_pair,2026,Monaco Grand Prix,Race,race,Ferrari,HAM,LEC,16.0,16.0,77.014,77.015,0.0010000000000047748,MEDIUM,1.0,1.0,16,dry,green,2.0,2.0,3.0,3.0,
matched_pair,2026,Monaco Grand Prix,Race,race,Ferrari,HAM,LEC,17.0,17.0,77.239,77.688,0.44899999999999807,MEDIUM,1.0,1.0,17,dry,green,2.0,2.0,3.0,3.0,
matched_pair,2026,Monaco Grand Prix,Race,race,Ferrari,HAM,LEC,18.0,18.0,77.029,77.363,0.3340000000000032,MEDIUM,1.0,1.0,18,dry,green,2.0,2.0,3.0,3.0,
matched_pair,2026,Monaco Grand Prix,Race,race,Ferrari,HAM,LEC,19.0,19.0,77.271,77.698,0.4269999999999925,MEDIUM,1.0,1.0,19,dry,green,2.0,2.0,3.0,3.0,
matched_pair,2026,Monaco Grand Prix,Race,race,Ferrari,HAM,LEC,20.0,20.0,77.119,77.219,0.09999999999999432,MEDIUM,1.0,1.0,20,dry,green,2.0,2.0,3.0,3.0,
matched_pair,2026,Monaco Grand Prix,Race,race,Ferrari,HAM,LEC,21.0,21.0,77.076,76.881,-0.19499999999999318,MEDIUM,1.0,1.0,21,dry,green,2.0,2.0,3.0,3.0,
matched_pair,2026,Monaco Grand Prix,Race,race,Ferrari,HAM,LEC,22.0,22.0,77.249,76.971,-0.2779999999999916,MEDIUM,1.0,1.0,22,dry,green,2.0,2.0,3.0,3.0,
matched_pair,2026,Monaco Grand Prix,Race,race,Ferrari,HAM,LEC,23.0,23.0,77.38,77.884,0.5040000000000049,MEDIUM,1.0,1.0,23,dry,green,2.0,2.0,3.0,3.0,
matched_pair,2026,Monaco Grand Prix,Race,race,Ferrari,HAM,LEC,24.0,24.0,77.783,76.955,-0.828000000000003,MEDIUM,1.0,1.0,24,dry,green,2.0,2.0,3.0,3.0,
matched_pair,2026,Monaco Grand Prix,Race,race,Ferrari,HAM,LEC,25.0,25.0,77.734,76.983,-0.7509999999999906,MEDIUM,1.0,1.0,25,dry,green,2.0,2.0,3.0,3.0,
matched_pair,2026,Monaco Grand Prix,Race,race,Haas F1 Team,BEA,OCO,3.0,11.0,79.274,77.948,-1.3260000000000076,HARD,2.0,2.0,2,dry,green,21.0,21.0,15.0,15.0,
matched_pair,2026,Monaco Grand Prix,Race,race,Haas F1 Team,BEA,OCO,4.0,12.0,81.021,77.261,-3.760000000000005,HARD,2.0,2.0,3,dry,green,21.0,21.0,15.0,15.0,
matched_pair,2026,Monaco Grand Prix,Race,race,Haas F1 Team,BEA,OCO,5.0,13.0,81.826,77.754,-4.0719999999999885,HARD,2.0,2.0,4,dry,green,21.0,21.0,15.0,15.0,
matched_pair,2026,Monaco Grand Prix,Race,race,Haas F1 Team,BEA,OCO,6.0,14.0,81.51,77.46,-4.050000000000011,HARD,2.0,2.0,5,dry,green,21.0,21.0,15.0,15.0,
matched_pair,2026,Monaco Grand Prix,Race,race,Haas F1 Team,BEA,OCO,7.0,15.0,81.01,77.572,-3.4380000000000024,HARD,2.0,2.0,6,dry,green,21.0,21.0,15.0,15.0,
matched_pair,2026,Monaco Grand Prix,Race,race,Haas F1 Team,BEA,OCO,8.0,16.0,80.485,77.739,-2.745999999999995,HARD,2.0,2.0,7,dry,green,21.0,21.0,15.0,15.0,
matched_pair,2026,Monaco Grand Prix,Race,race,Haas F1 Team,BEA,OCO,9.0,17.0,80.809,77.733,-3.0759999999999934,HARD,2.0,2.0,8,dry,green,21.0,21.0,15.0,15.0,
matched_pair,2026,Monaco Grand Prix,Race,race,Haas F1 Team,BEA,OCO,11.0,19.0,82.612,77.62,-4.99199999999999,HARD,2.0,2.0,10,dry,green,21.0,21.0,15.0,15.0,
matched_pair,2026,Monaco Grand Prix,Race,race,Haas F1 Team,BEA,OCO,13.0,21.0,79.542,77.968,-1.573999999999998,HARD,2.0,2.0,12,dry,green,21.0,21.0,15.0,15.0,
matched_pair,2026,Monaco Grand Prix,Race,race,Haas F1 Team,BEA,OCO,14.0,22.0,80.788,78.371,-2.4170000000000016,HARD,2.0,2.0,13,dry,green,21.0,21.0,15.0,15.0,
matched_pair,2026,Monaco Grand Prix,Race,race,Haas F1 Team,BEA,OCO,15.0,23.0,82.435,77.882,-4.552999999999997,HARD,2.0,2.0,14,dry,green,21.0,21.0,15.0,15.0,
matched_pair,2026,Monaco Grand Prix,Race,race,Haas F1 Team,BEA,OCO,16.0,24.0,82.695,77.999,-4.695999999999998,HARD,2.0,2.0,15,dry,green,21.0,21.0,15.0,15.0,
matched_pair,2026,Monaco Grand Prix,Race,race,Haas F1 Team,BEA,OCO,17.0,25.0,81.656,78.054,-3.602000000000004,HARD,2.0,2.0,16,dry,green,21.0,20.0,15.0,15.0,
matched_pair,2026,Monaco Grand Prix,Race,race,Haas F1 Team,BEA,OCO,18.0,26.0,78.982,80.682,1.7000000000000028,HARD,2.0,2.0,17,dry,green,20.0,20.0,15.0,15.0,
matched_pair,2026,Monaco Grand Prix,Race,race,Haas F1 Team,BEA,OCO,19.0,27.0,78.589,78.592,0.0030000000000001137,HARD,2.0,2.0,18,dry,green,20.0,20.0,15.0,15.0,
matched_pair,2026,Monaco Grand Prix,Race,race,Haas F1 Team,BEA,OCO,20.0,28.0,78.769,78.638,-0.13100000000000023,HARD,2.0,2.0,19,dry,green,20.0,20.0,15.0,15.0,
matched_pair,2026,Monaco Grand Prix,Race,race,Haas F1 Team,BEA,OCO,21.0,29.0,78.54,78.676,0.13599999999999568,HARD,2.0,2.0,20,dry,green,20.0,20.0,15.0,15.0,
matched_pair,2026,Monaco Grand Prix,Race,race,Haas F1 Team,BEA,OCO,22.0,30.0,78.475,78.57,0.09499999999999886,HARD,2.0,2.0,21,dry,green,20.0,20.0,15.0,15.0,
matched_pair,2026,Monaco Grand Prix,Race,race,Haas F1 Team,BEA,OCO,23.0,31.0,78.665,78.697,0.031999999999996476,HARD,2.0,2.0,22,dry,green,20.0,20.0,15.0,15.0,
matched_pair,2026,Monaco Grand Prix,Race,race,Haas F1 Team,BEA,OCO,24.0,32.0,79.137,78.96,-0.1770000000000067,HARD,2.0,2.0,23,dry,green,20.0,20.0,15.0,15.0,
matched_pair,2026,Monaco Grand Prix,Race,race,Haas F1 Team,BEA,OCO,25.0,33.0,78.683,78.887,0.20399999999999352,HARD,2.0,2.0,24,dry,green,20.0,20.0,15.0,15.0,
matched_pair,2026,Monaco Grand Prix,Race,race,Haas F1 Team,BEA,OCO,26.0,34.0,78.791,79.757,0.9660000000000082,HARD,2.0,2.0,25,dry,green,20.0,20.0,15.0,15.0,
matched_pair,2026,Monaco Grand Prix,Race,race,Haas F1 Team,BEA,OCO,27.0,35.0,78.623,81.488,2.864999999999995,HARD,2.0,2.0,26,dry,green,20.0,20.0,15.0,14.0,
matched_pair,2026,Monaco Grand Prix,Race,race,McLaren,NOR,PIA,4.0,4.0,79.491,78.886,-0.605000000000004,MEDIUM,1.0,1.0,4,dry,green,8.0,8.0,6.0,6.0,
matched_pair,2026,Monaco Grand Prix,Race,race,McLaren,NOR,PIA,5.0,5.0,78.988,78.072,-0.9159999999999968,MEDIUM,1.0,1.0,5,dry,green,8.0,8.0,6.0,6.0,
matched_pair,2026,Monaco Grand Prix,Race,race,McLaren,NOR,PIA,6.0,6.0,78.233,78.238,0.0049999999999954525,MEDIUM,1.0,1.0,6,dry,green,8.0,8.0,6.0,6.0,
matched_pair,2026,Monaco Grand Prix,Race,race,McLaren,NOR,PIA,7.0,7.0,78.243,77.573,-0.6700000000000017,MEDIUM,1.0,1.0,7,dry,green,8.0,8.0,6.0,6.0,
matched_pair,2026,Monaco Grand Prix,Race,race,McLaren,NOR,PIA,8.0,8.0,78.079,77.187,-0.8919999999999959,MEDIUM,1.0,1.0,8,dry,green,8.0,8.0,6.0,6.0,
matched_pair,2026,Monaco Grand Prix,Race,race,McLaren,NOR,PIA,9.0,9.0,78.059,77.194,-0.8649999999999949,MEDIUM,1.0,1.0,9,dry,green,8.0,8.0,6.0,6.0,
matched_pair,2026,Monaco Grand Prix,Race,race,McLaren,NOR,PIA,10.0,10.0,78.628,77.18,-1.4479999999999933,MEDIUM,1.0,1.0,10,dry,green,8.0,8.0,6.0,6.0,
matched_pair,2026,Monaco Grand Prix,Race,race,McLaren,NOR,PIA,11.0,11.0,78.413,77.889,-0.5240000000000009,MEDIUM,1.0,1.0,11,dry,green,8.0,8.0,6.0,6.0,
matched_pair,2026,Monaco Grand Prix,Race,race,McLaren,NOR,PIA,12.0,12.0,77.722,77.939,0.21699999999999875,MEDIUM,1.0,1.0,12,dry,green,8.0,8.0,6.0,6.0,
matched_pair,2026,Monaco Grand Prix,Race,race,McLaren,NOR,PIA,13.0,13.0,78.391,78.468,0.07699999999999818,MEDIUM,1.0,1.0,13,dry,green,8.0,8.0,6.0,6.0,
matched_pair,2026,Monaco Grand Prix,Race,race,McLaren,NOR,PIA,14.0,14.0,78.17,78.181,0.01099999999999568,MEDIUM,1.0,1.0,14,dry,green,8.0,8.0,6.0,6.0,
matched_pair,2026,Monaco Grand Prix,Race,race,McLaren,NOR,PIA,15.0,15.0,78.623,78.965,0.34199999999999875,MEDIUM,1.0,1.0,15,dry,green,8.0,8.0,6.0,6.0,
matched_pair,2026,Monaco Grand Prix,Race,race,McLaren,NOR,PIA,17.0,17.0,78.742,79.139,0.39699999999999136,MEDIUM,1.0,1.0,17,dry,green,8.0,8.0,6.0,6.0,
matched_pair,2026,Monaco Grand Prix,Race,race,McLaren,NOR,PIA,18.0,18.0,78.994,78.513,-0.48099999999999454,MEDIUM,1.0,1.0,18,dry,green,8.0,8.0,6.0,6.0,
matched_pair,2026,Monaco Grand Prix,Race,race,McLaren,NOR,PIA,19.0,19.0,78.706,78.22,-0.4860000000000042,MEDIUM,1.0,1.0,19,dry,green,8.0,8.0,6.0,6.0,
matched_pair,2026,Monaco Grand Prix,Race,race,McLaren,NOR,PIA,20.0,20.0,78.312,78.082,-0.23000000000000398,MEDIUM,1.0,1.0,20,dry,green,8.0,8.0,6.0,6.0,
matched_pair,2026,Monaco Grand Prix,Race,race,McLaren,NOR,PIA,21.0,21.0,79.066,78.198,-0.8680000000000092,MEDIUM,1.0,1.0,21,dry,green,8.0,8.0,6.0,6.0,
matched_pair,2026,Monaco Grand Prix,Race,race,McLaren,NOR,PIA,22.0,22.0,77.925,78.23,0.3050000000000068,MEDIUM,1.0,1.0,22,dry,green,8.0,8.0,6.0,6.0,
matched_pair,2026,Monaco Grand Prix,Race,race,McLaren,NOR,PIA,23.0,23.0,78.249,78.388,0.13900000000001,MEDIUM,1.0,1.0,23,dry,green,8.0,8.0,6.0,6.0,
matched_pair,2026,Monaco Grand Prix,Race,race,McLaren,NOR,PIA,24.0,24.0,78.676,78.088,-0.5880000000000081,MEDIUM,1.0,1.0,24,dry,green,8.0,8.0,6.0,6.0,
matched_pair,2026,Monaco Grand Prix,Race,race,McLaren,NOR,PIA,25.0,25.0,78.316,78.29,-0.02599999999999625,MEDIUM,1.0,1.0,25,dry,green,8.0,8.0,6.0,6.0,
matched_pair,2026,Monaco Grand Prix,Race,race,McLaren,NOR,PIA,26.0,26.0,78.478,78.662,0.1840000000000117,MEDIUM,1.0,1.0,26,dry,green,8.0,8.0,6.0,6.0,
matched_pair,2026,Monaco Grand Prix,Race,race,McLaren,NOR,PIA,27.0,27.0,78.376,78.637,0.2609999999999957,MEDIUM,1.0,1.0,27,dry,green,8.0,8.0,6.0,6.0,
matched_pair,2026,Monaco Grand Prix,Race,race,McLaren,NOR,PIA,28.0,28.0,78.464,78.707,0.242999999999995,MEDIUM,1.0,1.0,28,dry,green,8.0,8.0,6.0,6.0,
matched_pair,2026,Monaco Grand Prix,Race,race,McLaren,NOR,PIA,29.0,29.0,78.198,78.479,0.2810000000000059,MEDIUM,1.0,1.0,29,dry,green,8.0,8.0,6.0,6.0,
matched_pair,2026,Monaco Grand Prix,Race,race,McLaren,NOR,PIA,30.0,30.0,78.321,78.607,0.28600000000000136,MEDIUM,1.0,1.0,30,dry,green,8.0,8.0,6.0,6.0,
matched_pair,2026,Monaco Grand Prix,Race,race,McLaren,NOR,PIA,31.0,31.0,78.3,78.66,0.35999999999999943,MEDIUM,1.0,1.0,31,dry,green,8.0,7.0,6.0,5.0,
matched_pair,2026,Monaco Grand Prix,Race,race,McLaren,NOR,PIA,32.0,32.0,78.189,78.177,-0.011999999999986244,MEDIUM,1.0,1.0,32,dry,green,7.0,6.0,5.0,4.0,
matched_pair,2026,Monaco Grand Prix,Race,race,McLaren,NOR,PIA,34.0,34.0,77.67,78.41,0.7399999999999949,MEDIUM,1.0,1.0,34,dry,green,6.0,6.0,4.0,4.0,
matched_pair,2026,Monaco Grand Prix,Race,race,McLaren,NOR,PIA,35.0,35.0,77.833,78.56,0.7270000000000039,MEDIUM,1.0,1.0,35,dry,green,6.0,6.0,4.0,4.0,
matched_pair,2026,Monaco Grand Prix,Race,race,McLaren,NOR,PIA,36.0,36.0,78.224,78.324,0.09999999999999432,MEDIUM,1.0,1.0,36,dry,green,6.0,6.0,4.0,4.0,
matched_pair,2026,Monaco Grand Prix,Race,race,McLaren,NOR,PIA,37.0,37.0,78.739,77.918,-0.820999999999998,MEDIUM,1.0,1.0,37,dry,green,6.0,6.0,4.0,4.0,
matched_pair,2026,Monaco Grand Prix,Race,race,McLaren,NOR,PIA,38.0,38.0,79.008,78.287,-0.7209999999999894,MEDIUM,1.0,1.0,38,dry,green,6.0,6.0,4.0,4.0,
matched_pair,2026,Monaco Grand Prix,Race,race,McLaren,NOR,PIA,39.0,39.0,79.311,78.171,-1.1400000000000006,MEDIUM,1.0,1.0,39,dry,green,6.0,6.0,4.0,4.0,
matched_pair,2026,Monaco Grand Prix,Race,race,McLaren,NOR,PIA,40.0,40.0,78.948,79.349,0.40100000000001046,MEDIUM,1.0,1.0,40,dry,green,6.0,6.0,4.0,4.0,
matched_pair,2026,Monaco Grand Prix,Race,race,McLaren,NOR,PIA,43.0,43.0,79.223,79.093,-0.12999999999999545,MEDIUM,1.0,1.0,43,dry,green,6.0,6.0,4.0,4.0,
matched_pair,2026,Monaco Grand Prix,Race,race,Mercedes,ANT,RUS,39.0,33.0,76.806,77.455,0.6490000000000009,HARD,2.0,2.0,2,dry,green,1.0,1.0,8.0,7.0,
matched_pair,2026,Monaco Grand Prix,Race,race,Mercedes,ANT,RUS,40.0,34.0,76.757,76.631,-0.12600000000000477,HARD,2.0,2.0,3,dry,green,1.0,1.0,7.0,7.0,
matched_pair,2026,Monaco Grand Prix,Race,race,Mercedes,ANT,RUS,41.0,35.0,76.066,76.448,0.3819999999999908,HARD,2.0,2.0,4,dry,green,1.0,1.0,7.0,7.0,
matched_pair,2026,Monaco Grand Prix,Race,race,Mercedes,ANT,RUS,42.0,36.0,76.342,76.243,-0.09900000000000375,HARD,2.0,2.0,5,dry,green,1.0,1.0,7.0,7.0,
matched_pair,2026,Monaco Grand Prix,Race,race,Mercedes,ANT,RUS,44.0,38.0,75.716,77.821,2.105000000000004,HARD,2.0,2.0,7,dry,green,1.0,1.0,7.0,7.0,
matched_pair,2026,Monaco Grand Prix,Race,race,Mercedes,ANT,RUS,46.0,40.0,76.976,79.07,2.093999999999994,HARD,2.0,2.0,9,dry,green,1.0,1.0,7.0,7.0,
matched_pair,2026,Monaco Grand Prix,Race,race,Mercedes,ANT,RUS,50.0,44.0,76.858,78.622,1.7639999999999958,HARD,2.0,2.0,13,dry,green,1.0,1.0,7.0,7.0,
matched_pair,2026,Monaco Grand Prix,Race,race,Mercedes,ANT,RUS,51.0,45.0,75.937,77.171,1.2340000000000089,HARD,2.0,2.0,14,dry,green,1.0,1.0,7.0,5.0,
matched_pair,2026,Monaco Grand Prix,Race,race,Mercedes,ANT,RUS,52.0,46.0,76.218,76.442,0.22399999999998954,HARD,2.0,2.0,15,dry,green,1.0,1.0,5.0,5.0,
matched_pair,2026,Monaco Grand Prix,Race,race,Mercedes,ANT,RUS,53.0,47.0,76.737,76.477,-0.2599999999999909,HARD,2.0,2.0,16,dry,green,1.0,1.0,5.0,5.0,
matched_pair,2026,Monaco Grand Prix,Race,race,Mercedes,ANT,RUS,54.0,48.0,75.889,78.292,2.403000000000006,HARD,2.0,2.0,17,dry,green,1.0,1.0,5.0,4.0,
matched_pair,2026,Monaco Grand Prix,Race,race,Mercedes,ANT,RUS,55.0,49.0,74.99,76.774,1.784000000000006,HARD,2.0,2.0,18,dry,green,1.0,1.0,4.0,4.0,
matched_pair,2026,Monaco Grand Prix,Race,race,Mercedes,ANT,RUS,56.0,50.0,75.302,77.402,2.0999999999999943,HARD,2.0,2.0,19,dry,green,1.0,1.0,4.0,4.0,
matched_pair,2026,Monaco Grand Prix,Race,race,Mercedes,ANT,RUS,57.0,51.0,75.138,77.308,2.1700000000000017,HARD,2.0,2.0,20,dry,green,1.0,1.0,4.0,4.0,
matched_pair,2026,Monaco Grand Prix,Race,race,Mercedes,ANT,RUS,58.0,52.0,75.812,76.971,1.159000000000006,HARD,2.0,2.0,21,dry,green,1.0,1.0,4.0,4.0,
matched_pair,2026,Monaco Grand Prix,Race,race,Mercedes,ANT,RUS,59.0,53.0,76.057,76.03,-0.027000000000001023,HARD,2.0,2.0,22,dry,green,1.0,1.0,4.0,4.0,
matched_pair,2026,Monaco Grand Prix,Race,race,Mercedes,ANT,RUS,3.0,3.0,76.996,78.411,1.4150000000000063,MEDIUM,1.0,1.0,3,dry,green,1.0,1.0,5.0,5.0,
matched_pair,2026,Monaco Grand Prix,Race,race,Mercedes,ANT,RUS,4.0,4.0,77.048,78.097,1.0489999999999924,MEDIUM,1.0,1.0,4,dry,green,1.0,1.0,5.0,5.0,
matched_pair,2026,Monaco Grand Prix,Race,race,Mercedes,ANT,RUS,5.0,5.0,76.661,77.598,0.9369999999999976,MEDIUM,1.0,1.0,5,dry,green,1.0,1.0,5.0,5.0,
matched_pair,2026,Monaco Grand Prix,Race,race,Mercedes,ANT,RUS,6.0,6.0,76.723,77.257,0.534000000000006,MEDIUM,1.0,1.0,6,dry,green,1.0,1.0,5.0,5.0,
matched_pair,2026,Monaco Grand Prix,Race,race,Mercedes,ANT,RUS,7.0,7.0,76.05,77.155,1.105000000000004,MEDIUM,1.0,1.0,7,dry,green,1.0,1.0,5.0,5.0,
matched_pair,2026,Monaco Grand Prix,Race,race,Mercedes,ANT,RUS,8.0,8.0,76.284,77.188,0.9039999999999964,MEDIUM,1.0,1.0,8,dry,green,1.0,1.0,5.0,5.0,
matched_pair,2026,Monaco Grand Prix,Race,race,Mercedes,ANT,RUS,9.0,9.0,76.298,77.352,1.054000000000002,MEDIUM,1.0,1.0,9,dry,green,1.0,1.0,5.0,5.0,
matched_pair,2026,Monaco Grand Prix,Race,race,Mercedes,ANT,RUS,10.0,10.0,77.067,77.222,0.15500000000000114,MEDIUM,1.0,1.0,10,dry,green,1.0,1.0,5.0,5.0,
matched_pair,2026,Monaco Grand Prix,Race,race,Mercedes,ANT,RUS,12.0,12.0,77.43,77.596,0.16599999999999682,MEDIUM,1.0,1.0,12,dry,green,1.0,1.0,5.0,5.0,
matched_pair,2026,Monaco Grand Prix,Race,race,Mercedes,ANT,RUS,13.0,13.0,77.313,77.891,0.578000000000003,MEDIUM,1.0,1.0,13,dry,green,1.0,1.0,5.0,5.0,
matched_pair,2026,Monaco Grand Prix,Race,race,Mercedes,ANT,RUS,14.0,14.0,77.222,78.579,1.3569999999999993,MEDIUM,1.0,1.0,14,dry,green,1.0,1.0,5.0,5.0,
matched_pair,2026,Monaco Grand Prix,Race,race,Mercedes,ANT,RUS,15.0,15.0,77.193,78.004,0.811000000000007,MEDIUM,1.0,1.0,15,dry,green,1.0,1.0,5.0,5.0,
matched_pair,2026,Monaco Grand Prix,Race,race,Mercedes,ANT,RUS,16.0,16.0,77.24,78.468,1.2280000000000086,MEDIUM,1.0,1.0,16,dry,green,1.0,1.0,5.0,5.0,
matched_pair,2026,Monaco Grand Prix,Race,race,Mercedes,ANT,RUS,17.0,17.0,77.05,78.411,1.3610000000000042,MEDIUM,1.0,1.0,17,dry,green,1.0,1.0,5.0,5.0,
matched_pair,2026,Monaco Grand Prix,Race,race,Mercedes,ANT,RUS,18.0,18.0,76.802,78.474,1.671999999999997,MEDIUM,1.0,1.0,18,dry,green,1.0,1.0,5.0,5.0,
matched_pair,2026,Monaco Grand Prix,Race,race,Mercedes,ANT,RUS,19.0,19.0,76.061,79.222,3.160999999999987,MEDIUM,1.0,1.0,19,dry,green,1.0,1.0,5.0,5.0,
matched_pair,2026,Monaco Grand Prix,Race,race,Mercedes,ANT,RUS,20.0,20.0,76.468,78.823,2.3549999999999898,MEDIUM,1.0,1.0,20,dry,green,1.0,1.0,5.0,5.0,
matched_pair,2026,Monaco Grand Prix,Race,race,Mercedes,ANT,RUS,21.0,21.0,76.65,79.229,2.5789999999999935,MEDIUM,1.0,1.0,21,dry,green,1.0,1.0,5.0,5.0,
matched_pair,2026,Monaco Grand Prix,Race,race,Mercedes,ANT,RUS,22.0,22.0,76.369,79.36,2.9909999999999997,MEDIUM,1.0,1.0,22,dry,green,1.0,1.0,5.0,5.0,
matched_pair,2026,Monaco Grand Prix,Race,race,Mercedes,ANT,RUS,23.0,23.0,76.538,79.05,2.5120000000000005,MEDIUM,1.0,1.0,23,dry,green,1.0,1.0,5.0,5.0,
matched_pair,2026,Monaco Grand Prix,Race,race,Mercedes,ANT,RUS,24.0,24.0,76.669,78.895,2.225999999999999,MEDIUM,1.0,1.0,24,dry,green,1.0,1.0,5.0,5.0,
matched_pair,2026,Monaco Grand Prix,Race,race,Mercedes,ANT,RUS,25.0,25.0,76.888,79.533,2.644999999999996,MEDIUM,1.0,1.0,25,dry,green,1.0,1.0,5.0,5.0,
matched_pair,2026,Monaco Grand Prix,Race,race,Mercedes,ANT,RUS,26.0,26.0,76.964,78.794,1.8299999999999983,MEDIUM,1.0,1.0,26,dry,green,1.0,1.0,5.0,5.0,
matched_pair,2026,Monaco Grand Prix,Race,race,Mercedes,ANT,RUS,27.0,27.0,77.29,79.183,1.8930000000000007,MEDIUM,1.0,1.0,27,dry,green,1.0,1.0,5.0,5.0,
matched_pair,2026,Monaco Grand Prix,Race,race,Mercedes,ANT,RUS,28.0,28.0,76.644,78.765,2.120999999999995,MEDIUM,1.0,1.0,28,dry,green,1.0,1.0,5.0,5.0,
matched_pair,2026,Monaco Grand Prix,Race,race,Mercedes,ANT,RUS,29.0,29.0,76.957,78.715,1.7580000000000098,MEDIUM,1.0,1.0,29,dry,green,1.0,1.0,5.0,5.0,
matched_pair,2026,Monaco Grand Prix,Race,race,Mercedes,ANT,RUS,30.0,30.0,76.838,78.753,1.9150000000000063,MEDIUM,1.0,1.0,30,dry,green,1.0,1.0,5.0,5.0,
matched_pair,2026,Monaco Grand Prix,Race,race,Mercedes,ANT,RUS,72.0,76.0,75.737,77.596,1.8590000000000089,SOFT,5.0,6.0,4,dry,green,1.0,1.0,14.0,14.0,
matched_pair,2026,Monaco Grand Prix,Race,race,Mercedes,ANT,RUS,73.0,77.0,74.585,77.27,2.6850000000000023,SOFT,5.0,6.0,5,dry,green,1.0,1.0,14.0,14.0,
matched_pair,2026,Monaco Grand Prix,Race,race,Racing Bulls,LAW,LIN,4.0,4.0,79.683,80.116,0.4329999999999927,MEDIUM,1.0,1.0,4,dry,green,9.0,9.0,15.0,14.0,
matched_pair,2026,Monaco Grand Prix,Race,race,Racing Bulls,LAW,LIN,5.0,5.0,79.307,79.419,0.11199999999999477,MEDIUM,1.0,1.0,5,dry,green,9.0,9.0,14.0,14.0,
matched_pair,2026,Monaco Grand Prix,Race,race,Racing Bulls,LAW,LIN,6.0,6.0,79.546,79.714,0.16799999999999216,MEDIUM,1.0,1.0,6,dry,green,9.0,9.0,14.0,14.0,
matched_pair,2026,Monaco Grand Prix,Race,race,Racing Bulls,LAW,LIN,7.0,7.0,79.053,79.709,0.6560000000000059,MEDIUM,1.0,1.0,7,dry,green,9.0,9.0,14.0,14.0,
matched_pair,2026,Monaco Grand Prix,Race,race,Racing Bulls,LAW,LIN,8.0,8.0,78.861,79.197,0.3359999999999985,MEDIUM,1.0,1.0,8,dry,green,9.0,9.0,14.0,14.0,
matched_pair,2026,Monaco Grand Prix,Race,race,Racing Bulls,LAW,LIN,9.0,9.0,78.481,79.162,0.6810000000000116,MEDIUM,1.0,1.0,9,dry,green,9.0,9.0,14.0,14.0,
matched_pair,2026,Monaco Grand Prix,Race,race,Racing Bulls,LAW,LIN,10.0,10.0,78.474,79.815,1.340999999999994,MEDIUM,1.0,1.0,10,dry,green,9.0,9.0,14.0,14.0,
matched_pair,2026,Monaco Grand Prix,Race,race,Racing Bulls,LAW,LIN,11.0,11.0,78.543,78.989,0.44599999999999795,MEDIUM,1.0,1.0,11,dry,green,9.0,9.0,14.0,14.0,
matched_pair,2026,Monaco Grand Prix,Race,race,Racing Bulls,LAW,LIN,12.0,12.0,78.483,79.191,0.7079999999999984,MEDIUM,1.0,1.0,12,dry,green,9.0,9.0,14.0,13.0,
matched_pair,2026,Monaco Grand Prix,Race,race,Racing Bulls,LAW,LIN,13.0,13.0,78.515,78.999,0.48399999999999466,MEDIUM,1.0,1.0,13,dry,green,9.0,9.0,13.0,13.0,
matched_pair,2026,Monaco Grand Prix,Race,race,Racing Bulls,LAW,LIN,14.0,14.0,78.624,78.342,-0.2819999999999965,MEDIUM,1.0,1.0,14,dry,green,9.0,9.0,13.0,13.0,
matched_pair,2026,Monaco Grand Prix,Race,race,Racing Bulls,LAW,LIN,15.0,15.0,78.529,78.411,-0.117999999999995,MEDIUM,1.0,1.0,15,dry,green,9.0,9.0,13.0,13.0,
matched_pair,2026,Monaco Grand Prix,Race,race,Racing Bulls,LAW,LIN,16.0,16.0,78.72,78.552,-0.16799999999999216,MEDIUM,1.0,1.0,16,dry,green,9.0,9.0,13.0,13.0,
matched_pair,2026,Monaco Grand Prix,Race,race,Racing Bulls,LAW,LIN,17.0,17.0,78.793,79.406,0.6129999999999995,MEDIUM,1.0,1.0,17,dry,green,9.0,9.0,13.0,13.0,
matched_pair,2026,Monaco Grand Prix,Race,race,Racing Bulls,LAW,LIN,18.0,18.0,78.958,78.528,-0.4299999999999926,MEDIUM,1.0,1.0,18,dry,green,9.0,9.0,13.0,13.0,
matched_pair,2026,Monaco Grand Prix,Race,race,Racing Bulls,LAW,LIN,19.0,19.0,78.941,78.44,-0.5010000000000048,MEDIUM,1.0,1.0,19,dry,green,9.0,9.0,13.0,13.0,
matched_pair,2026,Monaco Grand Prix,Race,race,Racing Bulls,LAW,LIN,20.0,20.0,78.858,78.485,-0.37300000000000466,MEDIUM,1.0,1.0,20,dry,green,9.0,9.0,13.0,13.0,
matched_pair,2026,Monaco Grand Prix,Race,race,Racing Bulls,LAW,LIN,21.0,21.0,78.962,78.458,-0.5040000000000049,MEDIUM,1.0,1.0,21,dry,green,9.0,9.0,13.0,13.0,
matched_pair,2026,Monaco Grand Prix,Race,race,Racing Bulls,LAW,LIN,22.0,22.0,79.047,78.683,-0.3639999999999901,MEDIUM,1.0,1.0,22,dry,green,9.0,9.0,13.0,13.0,
matched_pair,2026,Monaco Grand Prix,Race,race,Racing Bulls,LAW,LIN,23.0,23.0,79.026,78.741,-0.2849999999999966,MEDIUM,1.0,1.0,23,dry,green,9.0,9.0,13.0,13.0,
matched_pair,2026,Monaco Grand Prix,Race,race,Racing Bulls,LAW,LIN,24.0,24.0,78.926,79.012,0.08599999999999852,MEDIUM,1.0,1.0,24,dry,green,9.0,9.0,13.0,13.0,
matched_pair,2026,Monaco Grand Prix,Race,race,Racing Bulls,LAW,LIN,25.0,25.0,78.88,79.152,0.27200000000000557,MEDIUM,1.0,1.0,25,dry,green,9.0,9.0,13.0,13.0,
matched_pair,2026,Monaco Grand Prix,Race,race,Racing Bulls,LAW,LIN,26.0,26.0,79.062,79.134,0.07200000000000273,MEDIUM,1.0,1.0,26,dry,green,9.0,9.0,13.0,13.0,
matched_pair,2026,Monaco Grand Prix,Race,race,Racing Bulls,LAW,LIN,27.0,27.0,79.058,79.287,0.2289999999999992,MEDIUM,1.0,1.0,27,dry,green,9.0,9.0,13.0,13.0,
matched_pair,2026,Monaco Grand Prix,Race,race,Racing Bulls,LAW,LIN,28.0,28.0,78.744,79.018,0.2740000000000009,MEDIUM,1.0,1.0,28,dry,green,9.0,9.0,13.0,13.0,
matched_pair,2026,Monaco Grand Prix,Race,race,Racing Bulls,LAW,LIN,29.0,29.0,78.998,80.515,1.516999999999996,MEDIUM,1.0,1.0,29,dry,green,9.0,9.0,13.0,13.0,
matched_pair,2026,Monaco Grand Prix,Race,race,Racing Bulls,LAW,LIN,30.0,30.0,78.493,79.047,0.554000000000002,MEDIUM,1.0,1.0,30,dry,green,9.0,9.0,13.0,13.0,
matched_pair,2026,Monaco Grand Prix,Race,race,Racing Bulls,LAW,LIN,31.0,31.0,78.7,79.313,0.6129999999999995,MEDIUM,1.0,1.0,31,dry,green,9.0,9.0,13.0,13.0,
matched_pair,2026,Monaco Grand Prix,Race,race,Racing Bulls,LAW,LIN,32.0,32.0,79.291,79.203,-0.08799999999999386,MEDIUM,1.0,1.0,32,dry,green,9.0,9.0,13.0,13.0,
matched_pair,2026,Monaco Grand Prix,Race,race,Racing Bulls,LAW,LIN,36.0,36.0,78.634,81.074,2.4399999999999977,MEDIUM,1.0,1.0,36,dry,green,9.0,9.0,12.0,12.0,
matched_pair,2026,Monaco Grand Prix,Race,race,Racing Bulls,LAW,LIN,37.0,37.0,78.602,81.122,2.519999999999996,MEDIUM,1.0,1.0,37,dry,green,9.0,9.0,12.0,12.0,
matched_pair,2026,Monaco Grand Prix,Race,race,Racing Bulls,LAW,LIN,48.0,72.0,77.937,79.275,1.338000000000008,SOFT,2.0,5.0,4,dry,green,8.0,8.0,8.0,7.0,
matched_pair,2026,Monaco Grand Prix,Race,race,Racing Bulls,LAW,LIN,49.0,73.0,77.784,78.393,0.6089999999999947,SOFT,2.0,5.0,5,dry,green,8.0,8.0,7.0,7.0,
matched_pair,2026,Monaco Grand Prix,Race,race,Racing Bulls,LAW,LIN,50.0,74.0,77.257,76.789,-0.4680000000000035,SOFT,2.0,5.0,6,dry,green,8.0,8.0,7.0,7.0,
matched_pair,2026,Monaco Grand Prix,Race,race,Racing Bulls,LAW,LIN,51.0,75.0,77.506,76.245,-1.2609999999999957,SOFT,2.0,5.0,7,dry,green,8.0,8.0,7.0,7.0,
matched_pair,2026,Monaco Grand Prix,Race,race,Racing Bulls,LAW,LIN,52.0,76.0,77.705,75.908,-1.796999999999997,SOFT,2.0,5.0,8,dry,green,8.0,8.0,7.0,7.0,
matched_pair,2026,Monaco Grand Prix,Race,race,Racing Bulls,LAW,LIN,53.0,77.0,77.812,75.92,-1.891999999999996,SOFT,2.0,5.0,9,dry,green,8.0,8.0,7.0,7.0,
skipped_pair,2026,Monaco Grand Prix,Race,race,Red Bull Racing,HAD,VER,,,,,,,,,,,,,,,,missing_lap_time_data
matched_pair,2026,Monaco Grand Prix,Race,race,Williams,ALB,SAI,4.0,4.0,79.888,80.153,0.26500000000000057,MEDIUM,1.0,1.0,4,dry,green,10.0,10.0,11.0,11.0,
matched_pair,2026,Monaco Grand Prix,Race,race,Williams,ALB,SAI,5.0,5.0,79.662,79.896,0.23399999999999466,MEDIUM,1.0,1.0,5,dry,green,10.0,10.0,11.0,11.0,
matched_pair,2026,Monaco Grand Prix,Race,race,Williams,ALB,SAI,6.0,6.0,79.374,79.699,0.32500000000000284,MEDIUM,1.0,1.0,6,dry,green,10.0,10.0,11.0,11.0,
matched_pair,2026,Monaco Grand Prix,Race,race,Williams,ALB,SAI,7.0,7.0,78.947,79.364,0.4170000000000016,MEDIUM,1.0,1.0,7,dry,green,10.0,10.0,11.0,11.0,
matched_pair,2026,Monaco Grand Prix,Race,race,Williams,ALB,SAI,8.0,8.0,78.742,79.122,0.37999999999999545,MEDIUM,1.0,1.0,8,dry,green,10.0,10.0,11.0,11.0,
matched_pair,2026,Monaco Grand Prix,Race,race,Williams,ALB,SAI,9.0,9.0,78.647,79.068,0.42099999999999227,MEDIUM,1.0,1.0,9,dry,green,10.0,10.0,11.0,11.0,
matched_pair,2026,Monaco Grand Prix,Race,race,Williams,ALB,SAI,10.0,10.0,78.487,78.725,0.23799999999999955,MEDIUM,1.0,1.0,10,dry,green,10.0,10.0,11.0,11.0,
matched_pair,2026,Monaco Grand Prix,Race,race,Williams,ALB,SAI,11.0,11.0,78.578,78.86,0.2819999999999965,MEDIUM,1.0,1.0,11,dry,green,10.0,10.0,11.0,11.0,
matched_pair,2026,Monaco Grand Prix,Race,race,Williams,ALB,SAI,12.0,12.0,78.364,78.858,0.4939999999999998,MEDIUM,1.0,1.0,12,dry,green,10.0,10.0,11.0,11.0,
matched_pair,2026,Monaco Grand Prix,Race,race,Williams,ALB,SAI,13.0,13.0,78.834,78.653,-0.18099999999999739,MEDIUM,1.0,1.0,13,dry,green,10.0,10.0,11.0,11.0,
matched_pair,2026,Monaco Grand Prix,Race,race,Williams,ALB,SAI,14.0,14.0,78.836,79.22,0.38400000000000034,MEDIUM,1.0,1.0,14,dry,green,10.0,10.0,11.0,11.0,
matched_pair,2026,Monaco Grand Prix,Race,race,Williams,ALB,SAI,15.0,15.0,78.453,78.525,0.07200000000000273,MEDIUM,1.0,1.0,15,dry,green,10.0,10.0,11.0,11.0,
matched_pair,2026,Monaco Grand Prix,Race,race,Williams,ALB,SAI,16.0,16.0,78.746,78.502,-0.24399999999999977,MEDIUM,1.0,1.0,16,dry,green,10.0,10.0,11.0,11.0,
matched_pair,2026,Monaco Grand Prix,Race,race,Williams,ALB,SAI,17.0,17.0,78.725,78.386,-0.33899999999999864,MEDIUM,1.0,1.0,17,dry,green,10.0,10.0,11.0,11.0,
matched_pair,2026,Monaco Grand Prix,Race,race,Williams,ALB,SAI,18.0,18.0,78.823,78.476,-0.3469999999999942,MEDIUM,1.0,1.0,18,dry,green,10.0,10.0,11.0,11.0,
matched_pair,2026,Monaco Grand Prix,Race,race,Williams,ALB,SAI,19.0,19.0,78.862,78.533,-0.3289999999999935,MEDIUM,1.0,1.0,19,dry,green,10.0,10.0,11.0,11.0,
matched_pair,2026,Monaco Grand Prix,Race,race,Williams,ALB,SAI,20.0,20.0,78.724,78.701,-0.023000000000010346,MEDIUM,1.0,1.0,20,dry,green,10.0,10.0,11.0,11.0,
matched_pair,2026,Monaco Grand Prix,Race,race,Williams,ALB,SAI,21.0,21.0,79.114,78.936,-0.17799999999999727,MEDIUM,1.0,1.0,21,dry,green,10.0,10.0,11.0,11.0,
matched_pair,2026,Monaco Grand Prix,Race,race,Williams,ALB,SAI,22.0,22.0,79.55,79.13,-0.4200000000000017,MEDIUM,1.0,1.0,22,dry,green,10.0,10.0,11.0,11.0,
matched_pair,2026,Monaco Grand Prix,Race,race,Williams,ALB,SAI,23.0,23.0,79.12,79.36,0.23999999999999488,MEDIUM,1.0,1.0,23,dry,green,10.0,10.0,11.0,11.0,
matched_pair,2026,Monaco Grand Prix,Race,race,Williams,ALB,SAI,24.0,24.0,79.131,79.211,0.0799999999999983,MEDIUM,1.0,1.0,24,dry,green,10.0,10.0,11.0,11.0,
matched_pair,2026,Monaco Grand Prix,Race,race,Williams,ALB,SAI,25.0,25.0,79.133,79.415,0.2820000000000107,MEDIUM,1.0,1.0,25,dry,green,10.0,10.0,11.0,11.0,
matched_pair,2026,Monaco Grand Prix,Race,race,Williams,ALB,SAI,26.0,26.0,79.319,78.968,-0.3509999999999991,MEDIUM,1.0,1.0,26,dry,green,10.0,10.0,11.0,11.0,
matched_pair,2026,Monaco Grand Prix,Race,race,Williams,ALB,SAI,27.0,27.0,78.975,79.027,0.05200000000000671,MEDIUM,1.0,1.0,27,dry,green,10.0,10.0,11.0,11.0,
matched_pair,2026,Monaco Grand Prix,Race,race,Williams,ALB,SAI,28.0,28.0,78.997,78.816,-0.18099999999999739,MEDIUM,1.0,1.0,28,dry,green,10.0,10.0,11.0,11.0,
matched_pair,2026,Monaco Grand Prix,Race,race,Williams,ALB,SAI,29.0,29.0,79.119,79.039,-0.0799999999999983,MEDIUM,1.0,1.0,29,dry,green,10.0,10.0,11.0,11.0,
matched_pair,2026,Monaco Grand Prix,Race,race,Williams,ALB,SAI,30.0,30.0,79.052,80.9,1.847999999999999,MEDIUM,1.0,1.0,30,dry,green,10.0,10.0,11.0,11.0,
matched_pair,2026,Monaco Grand Prix,Race,race,Williams,ALB,SAI,31.0,31.0,79.731,78.819,-0.9119999999999919,MEDIUM,1.0,1.0,31,dry,green,10.0,10.0,11.0,11.0,
matched_pair,2026,Monaco Grand Prix,Race,race,Williams,ALB,SAI,46.0,55.0,82.221,79.764,-2.457000000000008,SOFT,2.0,2.0,3,dry,green,10.0,10.0,10.0,10.0,
matched_pair,2026,Monaco Grand Prix,Race,race,Williams,ALB,SAI,72.0,56.0,81.351,79.968,-1.3829999999999956,SOFT,6.0,2.0,4,dry,green,9.0,9.0,10.0,11.0,
matched_pair,2026,Monaco Grand Prix,Race,race,Williams,ALB,SAI,48.0,57.0,79.909,78.095,-1.8140000000000072,SOFT,2.0,2.0,5,dry,green,11.0,11.0,11.0,11.0,
matched_pair,2026,Monaco Grand Prix,Qualifying,qualifying,Alpine,COL,GAS,16.0,17.0,77.596,74.151,-3.4450000000000074,SOFT,4.0,4.0,3,dry,green,,,,,
matched_pair,2026,Monaco Grand Prix,Qualifying,qualifying,Alpine,COL,GAS,17.0,20.0,74.53,78.901,4.370999999999995,SOFT,4.0,5.0,4,dry,green,,,,,
matched_pair,2026,Monaco Grand Prix,Qualifying,qualifying,Alpine,COL,GAS,21.0,21.0,73.995,73.762,-0.2330000000000041,SOFT,5.0,5.0,3,dry,green,,,,,
matched_pair,2026,Monaco Grand Prix,Qualifying,qualifying,Alpine,COL,GAS,23.0,23.0,74.102,74.224,0.12199999999999989,SOFT,5.0,5.0,5,dry,green,,,,,
matched_pair,2026,Monaco Grand Prix,Qualifying,qualifying,Aston Martin,ALO,STR,3.0,3.0,76.073,76.965,0.8920000000000101,SOFT,1.0,1.0,3,dry,green,,,,,
matched_pair,2026,Monaco Grand Prix,Qualifying,qualifying,Aston Martin,ALO,STR,5.0,5.0,76.03,76.061,0.03100000000000591,SOFT,1.0,1.0,5,dry,green,,,,,
matched_pair,2026,Monaco Grand Prix,Qualifying,qualifying,Aston Martin,ALO,STR,9.0,9.0,75.349,77.435,2.0859999999999985,SOFT,2.0,2.0,3,dry,green,,,,,
matched_pair,2026,Monaco Grand Prix,Qualifying,qualifying,Audi,BOR,HUL,3.0,3.0,77.405,77.095,-0.3100000000000023,SOFT,1.0,1.0,3,dry,green,,,,,
matched_pair,2026,Monaco Grand Prix,Qualifying,qualifying,Audi,BOR,HUL,4.0,4.0,74.683,74.741,0.057999999999992724,SOFT,1.0,1.0,4,dry,green,,,,,
matched_pair,2026,Monaco Grand Prix,Qualifying,qualifying,Audi,BOR,HUL,6.0,6.0,75.11,75.377,0.2669999999999959,SOFT,1.0,1.0,6,dry,green,,,,,
matched_pair,2026,Monaco Grand Prix,Qualifying,qualifying,Cadillac,BOT,PER,3.0,2.0,77.175,80.242,3.0670000000000073,SOFT,1.0,1.0,3,dry,green,,,,,
matched_pair,2026,Monaco Grand Prix,Qualifying,qualifying,Cadillac,BOT,PER,5.0,3.0,76.372,76.743,0.3709999999999951,SOFT,1.0,1.0,5,dry,green,,,,,
matched_pair,2026,Monaco Grand Prix,Qualifying,qualifying,Cadillac,BOT,PER,12.0,5.0,75.283,76.056,0.7729999999999961,SOFT,3.0,1.0,2,dry,green,,,,,
matched_pair,2026,Monaco Grand Prix,Qualifying,qualifying,Ferrari,HAM,LEC,23.0,23.0,72.553,76.662,4.109000000000009,SOFT,5.0,4.0,3,dry,green,,,,,
matched_pair,2026,Monaco Grand Prix,Qualifying,qualifying,Ferrari,HAM,LEC,27.0,26.0,72.279,76.924,4.64500000000001,SOFT,6.0,5.0,3,dry,green,,,,,
matched_pair,2026,Monaco Grand Prix,Qualifying,qualifying,Ferrari,HAM,LEC,13.0,13.0,73.091,72.928,-0.1629999999999967,SOFT,2.0,2.0,3,dry,green,,,,,
matched_pair,2026,Monaco Grand Prix,Qualifying,qualifying,Ferrari,HAM,LEC,19.0,16.0,72.934,72.774,-0.1599999999999966,SOFT,4.0,2.0,3,dry,green,,,,,
matched_pair,2026,Monaco Grand Prix,Qualifying,qualifying,Haas F1 Team,BEA,OCO,3.0,3.0,75.936,76.619,0.6829999999999927,SOFT,1.0,1.0,3,dry,green,,,,,
matched_pair,2026,Monaco Grand Prix,Qualifying,qualifying,Haas F1 Team,BEA,OCO,5.0,4.0,75.346,75.343,-0.0030000000000001137,SOFT,1.0,1.0,5,dry,green,,,,,
matched_pair,2026,Monaco Grand Prix,Qualifying,qualifying,Haas F1 Team,BEA,OCO,7.0,6.0,74.905,75.043,0.13800000000000523,SOFT,1.0,1.0,7,dry,green,,,,,
matched_pair,2026,Monaco Grand Prix,Qualifying,qualifying,Haas F1 Team,BEA,OCO,13.0,10.0,74.814,74.722,-0.09199999999999875,SOFT,3.0,2.0,2,dry,green,,,,,
matched_pair,2026,Monaco Grand Prix,Qualifying,qualifying,McLaren,NOR,PIA,24.0,24.0,72.765,72.916,0.15099999999999625,SOFT,4.0,5.0,3,dry,green,,,,,
matched_pair,2026,Monaco Grand Prix,Qualifying,qualifying,McLaren,NOR,PIA,14.0,14.0,72.919,73.072,0.1530000000000058,SOFT,2.0,3.0,3,dry,green,,,,,
matched_pair,2026,Monaco Grand Prix,Qualifying,qualifying,McLaren,NOR,PIA,16.0,18.0,72.976,73.01,0.034000000000006025,SOFT,2.0,4.0,5,dry,green,,,,,
matched_pair,2026,Monaco Grand Prix,Qualifying,qualifying,McLaren,NOR,PIA,20.0,20.0,73.263,72.983,-0.28000000000000114,SOFT,3.0,4.0,3,dry,green,,,,,
matched_pair,2026,Monaco Grand Prix,Qualifying,qualifying,Mercedes,ANT,RUS,23.0,23.0,72.375,72.826,0.4509999999999934,SOFT,4.0,4.0,3,dry,green,,,,,
matched_pair,2026,Monaco Grand Prix,Qualifying,qualifying,Mercedes,ANT,RUS,26.0,27.0,77.171,72.445,-4.726000000000013,SOFT,5.0,5.0,2,dry,green,,,,,
matched_pair,2026,Monaco Grand Prix,Qualifying,qualifying,Mercedes,ANT,RUS,13.0,13.0,72.778,73.723,0.9449999999999932,SOFT,2.0,2.0,3,dry,green,,,,,
matched_pair,2026,Monaco Grand Prix,Qualifying,qualifying,Mercedes,ANT,RUS,15.0,15.0,72.704,73.321,0.6170000000000044,SOFT,2.0,2.0,5,dry,green,,,,,
matched_pair,2026,Monaco Grand Prix,Qualifying,qualifying,Mercedes,ANT,RUS,19.0,19.0,72.753,73.238,0.48499999999999943,SOFT,3.0,3.0,3,dry,green,,,,,
matched_pair,2026,Monaco Grand Prix,Qualifying,qualifying,Racing Bulls,LAW,LIN,14.0,15.0,74.097,74.248,0.15100000000001046,SOFT,3.0,4.0,3,dry,green,,,,,
matched_pair,2026,Monaco Grand Prix,Qualifying,qualifying,Racing Bulls,LAW,LIN,16.0,17.0,73.827,74.355,0.5280000000000058,SOFT,3.0,4.0,5,dry,green,,,,,
matched_pair,2026,Monaco Grand Prix,Qualifying,qualifying,Racing Bulls,LAW,LIN,20.0,22.0,73.471,74.363,0.8919999999999959,SOFT,4.0,5.0,3,dry,green,,,,,
matched_pair,2026,Monaco Grand Prix,Qualifying,qualifying,Red Bull Racing,HAD,VER,20.0,21.0,72.885,72.376,-0.5090000000000003,SOFT,5.0,4.0,3,dry,green,,,,,
matched_pair,2026,Monaco Grand Prix,Qualifying,qualifying,Red Bull Racing,HAD,VER,24.0,25.0,72.434,72.094,-0.3400000000000034,SOFT,6.0,5.0,3,dry,green,,,,,
matched_pair,2026,Monaco Grand Prix,Qualifying,qualifying,Red Bull Racing,HAD,VER,12.0,11.0,73.162,73.205,0.042999999999992156,SOFT,3.0,2.0,3,dry,green,,,,,
matched_pair,2026,Monaco Grand Prix,Qualifying,qualifying,Red Bull Racing,HAD,VER,16.0,13.0,72.722,72.84,0.11800000000000921,SOFT,4.0,2.0,3,dry,green,,,,,
matched_pair,2026,Monaco Grand Prix,Qualifying,qualifying,Williams,ALB,SAI,17.0,16.0,74.287,73.936,-0.3509999999999991,SOFT,4.0,4.0,3,dry,green,,,,,
matched_pair,2026,Monaco Grand Prix,Qualifying,qualifying,Williams,ALB,SAI,19.0,18.0,74.136,74.123,-0.012999999999991019,SOFT,4.0,4.0,5,dry,green,,,,,
matched_pair,2026,Monaco Grand Prix,Qualifying,qualifying,Williams,ALB,SAI,23.0,22.0,73.787,73.815,0.027999999999991587,SOFT,5.0,5.0,3,dry,green,,,,,
matched_pair,2026,Barcelona Grand Prix,Race,race,Alpine,COL,GAS,14.0,16.0,83.746,83.023,-0.722999999999999,HARD,2.0,2.0,2,dry,green,18.0,16.0,15.0,14.0,
matched_pair,2026,Barcelona Grand Prix,Race,race,Alpine,COL,GAS,36.0,42.0,83.197,81.708,-1.4890000000000043,HARD,3.0,3.0,2,dry,green,12.0,11.0,9.0,9.0,
matched_pair,2026,Barcelona Grand Prix,Race,race,Alpine,COL,GAS,15.0,17.0,83.766,83.237,-0.5290000000000106,HARD,2.0,2.0,3,dry,green,16.0,14.0,14.0,14.0,
matched_pair,2026,Barcelona Grand Prix,Race,race,Alpine,COL,GAS,37.0,43.0,83.54,81.96,-1.5800000000000125,HARD,3.0,3.0,3,dry,green,11.0,11.0,9.0,9.0,
matched_pair,2026,Barcelona Grand Prix,Race,race,Alpine,COL,GAS,16.0,18.0,84.335,83.512,-0.8229999999999933,HARD,2.0,2.0,4,dry,green,14.0,13.0,14.0,13.0,
matched_pair,2026,Barcelona Grand Prix,Race,race,Alpine,COL,GAS,17.0,19.0,84.333,83.619,-0.7139999999999986,HARD,2.0,2.0,5,dry,green,13.0,13.0,13.0,12.0,
matched_pair,2026,Barcelona Grand Prix,Race,race,Alpine,COL,GAS,18.0,20.0,84.065,83.826,-0.23900000000000432,HARD,2.0,2.0,6,dry,green,13.0,12.0,12.0,12.0,
matched_pair,2026,Barcelona Grand Prix,Race,race,Alpine,COL,GAS,20.0,22.0,84.417,83.988,-0.42900000000000205,HARD,2.0,2.0,8,dry,green,13.0,13.0,12.0,12.0,
matched_pair,2026,Barcelona Grand Prix,Race,race,Alpine,COL,GAS,42.0,48.0,82.652,82.79,0.13800000000000523,HARD,3.0,3.0,8,dry,green,10.0,10.0,9.0,9.0,
matched_pair,2026,Barcelona Grand Prix,Race,race,Alpine,COL,GAS,21.0,23.0,84.097,84.096,-0.000999999999990564,HARD,2.0,2.0,9,dry,green,13.0,13.0,12.0,11.0,
matched_pair,2026,Barcelona Grand Prix,Race,race,Alpine,COL,GAS,43.0,49.0,82.449,82.992,0.5430000000000064,HARD,3.0,3.0,9,dry,green,10.0,10.0,9.0,9.0,
matched_pair,2026,Barcelona Grand Prix,Race,race,Alpine,COL,GAS,22.0,24.0,84.176,85.127,0.9509999999999934,HARD,2.0,2.0,10,dry,green,13.0,13.0,11.0,11.0,
matched_pair,2026,Barcelona Grand Prix,Race,race,Alpine,COL,GAS,44.0,50.0,82.509,83.112,0.6029999999999944,HARD,3.0,3.0,10,dry,green,10.0,10.0,9.0,9.0,
matched_pair,2026,Barcelona Grand Prix,Race,race,Alpine,COL,GAS,23.0,25.0,84.469,84.606,0.13700000000000045,HARD,2.0,2.0,11,dry,green,13.0,12.0,11.0,11.0,
matched_pair,2026,Barcelona Grand Prix,Race,race,Alpine,COL,GAS,45.0,51.0,82.682,83.192,0.5099999999999909,HARD,3.0,3.0,11,dry,green,10.0,10.0,9.0,9.0,
matched_pair,2026,Barcelona Grand Prix,Race,race,Alpine,COL,GAS,24.0,26.0,85.027,84.652,-0.375,HARD,2.0,2.0,12,dry,green,12.0,12.0,11.0,11.0,
matched_pair,2026,Barcelona Grand Prix,Race,race,Alpine,COL,GAS,25.0,27.0,84.908,85.125,0.21699999999999875,HARD,2.0,2.0,13,dry,green,12.0,12.0,11.0,11.0,
matched_pair,2026,Barcelona Grand Prix,Race,race,Alpine,COL,GAS,26.0,28.0,84.961,85.143,0.18200000000000216,HARD,2.0,2.0,14,dry,green,12.0,12.0,11.0,11.0,
matched_pair,2026,Barcelona Grand Prix,Race,race,Alpine,COL,GAS,48.0,54.0,83.804,83.426,-0.3780000000000001,HARD,3.0,3.0,14,dry,green,10.0,10.0,9.0,9.0,
matched_pair,2026,Barcelona Grand Prix,Race,race,Alpine,COL,GAS,27.0,29.0,84.492,84.775,0.28300000000000125,HARD,2.0,2.0,15,dry,green,12.0,12.0,11.0,10.0,
matched_pair,2026,Barcelona Grand Prix,Race,race,Alpine,COL,GAS,28.0,30.0,84.582,84.587,0.005000000000009663,HARD,2.0,2.0,16,dry,green,12.0,12.0,10.0,10.0,
matched_pair,2026,Barcelona Grand Prix,Race,race,Alpine,COL,GAS,50.0,56.0,83.737,83.027,-0.7099999999999937,HARD,3.0,3.0,16,dry,green,10.0,10.0,9.0,9.0,
matched_pair,2026,Barcelona Grand Prix,Race,race,Alpine,COL,GAS,29.0,31.0,84.374,84.734,0.35999999999999943,HARD,2.0,2.0,17,dry,green,12.0,11.0,10.0,10.0,
matched_pair,2026,Barcelona Grand Prix,Race,race,Alpine,COL,GAS,51.0,57.0,83.535,83.006,-0.5289999999999964,HARD,3.0,3.0,17,dry,green,10.0,10.0,9.0,9.0,
matched_pair,2026,Barcelona Grand Prix,Race,race,Alpine,COL,GAS,30.0,32.0,84.336,84.877,0.5409999999999968,HARD,2.0,2.0,18,dry,green,11.0,11.0,10.0,10.0,
matched_pair,2026,Barcelona Grand Prix,Race,race,Alpine,COL,GAS,52.0,58.0,83.784,83.133,-0.6510000000000105,HARD,3.0,3.0,18,dry,green,10.0,10.0,9.0,9.0,
matched_pair,2026,Barcelona Grand Prix,Race,race,Alpine,COL,GAS,31.0,33.0,84.641,85.359,0.7179999999999893,HARD,2.0,2.0,19,dry,green,11.0,11.0,10.0,10.0,
matched_pair,2026,Barcelona Grand Prix,Race,race,Alpine,COL,GAS,32.0,34.0,84.743,85.113,0.37000000000000455,HARD,2.0,2.0,20,dry,green,11.0,11.0,10.0,10.0,
matched_pair,2026,Barcelona Grand Prix,Race,race,Alpine,COL,GAS,54.0,60.0,83.87,83.292,-0.578000000000003,HARD,3.0,3.0,20,dry,green,10.0,10.0,9.0,9.0,
matched_pair,2026,Barcelona Grand Prix,Race,race,Alpine,COL,GAS,55.0,35.0,83.93,85.068,1.137999999999991,HARD,3.0,2.0,21,dry,green,10.0,10.0,10.0,9.0,
matched_pair,2026,Barcelona Grand Prix,Race,race,Alpine,COL,GAS,56.0,36.0,83.686,84.317,0.630999999999986,HARD,3.0,2.0,22,dry,green,10.0,10.0,9.0,9.0,
matched_pair,2026,Barcelona Grand Prix,Race,race,Alpine,COL,GAS,57.0,37.0,83.489,85.105,1.6159999999999997,HARD,3.0,2.0,23,dry,green,10.0,10.0,9.0,9.0,
matched_pair,2026,Barcelona Grand Prix,Race,race,Alpine,COL,GAS,58.0,64.0,83.571,83.285,-0.28600000000000136,HARD,3.0,3.0,24,dry,green,10.0,10.0,7.0,7.0,
skipped_pair,2026,Barcelona Grand Prix,Race,race,Aston Martin,ALO,STR,,,,,,,,,,,,,,,,insufficient_matched_pairs
matched_pair,2026,Barcelona Grand Prix,Race,race,Audi,BOR,HUL,17.0,15.0,83.47,84.779,1.3089999999999975,HARD,2.0,2.0,2,dry,green,19.0,18.0,15.0,13.0,
matched_pair,2026,Barcelona Grand Prix,Race,race,Audi,BOR,HUL,18.0,16.0,83.923,84.126,0.20300000000000296,HARD,2.0,2.0,3,dry,green,18.0,17.0,13.0,12.0,
matched_pair,2026,Barcelona Grand Prix,Race,race,Audi,BOR,HUL,19.0,17.0,83.551,84.467,0.9159999999999968,HARD,2.0,2.0,4,dry,green,17.0,16.0,12.0,12.0,
matched_pair,2026,Barcelona Grand Prix,Race,race,Audi,BOR,HUL,20.0,18.0,84.068,84.879,0.811000000000007,HARD,2.0,2.0,5,dry,green,16.0,16.0,12.0,11.0,
matched_pair,2026,Barcelona Grand Prix,Race,race,Audi,BOR,HUL,21.0,19.0,83.836,83.954,0.117999999999995,HARD,2.0,2.0,6,dry,green,16.0,16.0,11.0,11.0,
matched_pair,2026,Barcelona Grand Prix,Race,race,Audi,BOR,HUL,22.0,20.0,83.914,84.238,0.32399999999999807,HARD,2.0,2.0,7,dry,green,16.0,16.0,11.0,11.0,
matched_pair,2026,Barcelona Grand Prix,Race,race,Audi,BOR,HUL,23.0,21.0,84.725,84.071,-0.6539999999999964,HARD,2.0,2.0,8,dry,green,16.0,15.0,11.0,11.0,
matched_pair,2026,Barcelona Grand Prix,Race,race,Audi,BOR,HUL,24.0,22.0,84.069,84.026,-0.043000000000006366,HARD,2.0,2.0,9,dry,green,15.0,14.0,11.0,10.0,
matched_pair,2026,Barcelona Grand Prix,Race,race,Audi,BOR,HUL,25.0,23.0,84.199,84.338,0.1389999999999958,HARD,2.0,2.0,10,dry,green,14.0,14.0,10.0,10.0,
matched_pair,2026,Barcelona Grand Prix,Race,race,Audi,BOR,HUL,27.0,25.0,84.594,84.607,0.01300000000000523,HARD,2.0,2.0,12,dry,green,14.0,14.0,10.0,10.0,
matched_pair,2026,Barcelona Grand Prix,Race,race,Audi,BOR,HUL,28.0,26.0,85.18,84.672,-0.5080000000000098,HARD,2.0,2.0,13,dry,green,14.0,14.0,10.0,10.0,
matched_pair,2026,Barcelona Grand Prix,Race,race,Audi,BOR,HUL,29.0,27.0,85.753,84.773,-0.980000000000004,HARD,2.0,2.0,14,dry,green,14.0,14.0,10.0,10.0,
matched_pair,2026,Barcelona Grand Prix,Race,race,Audi,BOR,HUL,55.0,2.0,81.446,83.447,2.0010000000000048,SOFT,4.0,1.0,2,dry,green,16.0,16.0,10.0,9.0,
matched_pair,2026,Barcelona Grand Prix,Race,race,Audi,BOR,HUL,56.0,3.0,82.781,84.0,1.218999999999994,SOFT,4.0,1.0,3,dry,green,16.0,14.0,9.0,9.0,
matched_pair,2026,Barcelona Grand Prix,Race,race,Audi,BOR,HUL,57.0,4.0,81.53,83.806,2.2759999999999962,SOFT,4.0,1.0,4,dry,green,14.0,14.0,9.0,9.0,
matched_pair,2026,Barcelona Grand Prix,Race,race,Audi,BOR,HUL,58.0,5.0,82.191,84.387,2.195999999999998,SOFT,4.0,1.0,5,dry,green,14.0,14.0,9.0,9.0,
matched_pair,2026,Barcelona Grand Prix,Race,race,Audi,BOR,HUL,59.0,6.0,82.545,85.236,2.6910000000000025,SOFT,4.0,1.0,6,dry,green,14.0,14.0,9.0,9.0,
matched_pair,2026,Barcelona Grand Prix,Race,race,Cadillac,BOT,PER,2.0,41.0,86.038,83.881,-2.1569999999999965,MEDIUM,1.0,4.0,2,dry,green,20.0,20.0,17.0,17.0,
matched_pair,2026,Barcelona Grand Prix,Race,race,Cadillac,BOT,PER,3.0,42.0,85.745,86.375,0.6299999999999955,MEDIUM,1.0,4.0,3,dry,green,20.0,20.0,17.0,17.0,
matched_pair,2026,Barcelona Grand Prix,Race,race,Cadillac,BOT,PER,4.0,43.0,86.254,82.82,-3.4340000000000117,MEDIUM,1.0,4.0,4,dry,green,20.0,20.0,17.0,17.0,
matched_pair,2026,Barcelona Grand Prix,Race,race,Cadillac,BOT,PER,5.0,44.0,86.543,85.346,-1.1970000000000027,MEDIUM,1.0,4.0,5,dry,green,20.0,20.0,17.0,17.0,
matched_pair,2026,Barcelona Grand Prix,Race,race,Cadillac,BOT,PER,6.0,45.0,86.66,83.442,-3.2180000000000035,MEDIUM,1.0,4.0,6,dry,green,20.0,20.0,17.0,17.0,
matched_pair,2026,Barcelona Grand Prix,Race,race,Cadillac,BOT,PER,7.0,46.0,86.681,83.799,-2.881999999999991,MEDIUM,1.0,4.0,7,dry,green,20.0,20.0,17.0,17.0,
matched_pair,2026,Barcelona Grand Prix,Race,race,Cadillac,BOT,PER,8.0,47.0,87.17,83.796,-3.3739999999999952,MEDIUM,1.0,4.0,8,dry,green,20.0,20.0,17.0,17.0,
matched_pair,2026,Barcelona Grand Prix,Race,race,Cadillac,BOT,PER,9.0,48.0,87.746,85.74,-2.0060000000000002,MEDIUM,1.0,4.0,9,dry,green,20.0,20.0,17.0,17.0,
matched_pair,2026,Barcelona Grand Prix,Race,race,Cadillac,BOT,PER,13.0,52.0,88.393,84.708,-3.6850000000000023,MEDIUM,1.0,4.0,13,dry,green,21.0,20.0,17.0,17.0,
matched_pair,2026,Barcelona Grand Prix,Race,race,Ferrari,HAM,LEC,13.0,18.0,81.433,82.198,0.7649999999999864,HARD,2.0,2.0,2,dry,green,7.0,6.0,6.0,6.0,
matched_pair,2026,Barcelona Grand Prix,Race,race,Ferrari,HAM,LEC,14.0,19.0,82.075,81.985,-0.09000000000000341,HARD,2.0,2.0,3,dry,green,6.0,5.0,6.0,6.0,
matched_pair,2026,Barcelona Grand Prix,Race,race,Ferrari,HAM,LEC,44.0,42.0,80.122,80.627,0.5049999999999955,HARD,4.0,3.0,3,dry,green,1.0,1.0,6.0,6.0,
matched_pair,2026,Barcelona Grand Prix,Race,race,Ferrari,HAM,LEC,15.0,20.0,81.911,81.753,-0.15800000000000125,HARD,2.0,2.0,4,dry,green,5.0,3.0,6.0,6.0,
matched_pair,2026,Barcelona Grand Prix,Race,race,Ferrari,HAM,LEC,45.0,43.0,80.129,80.999,0.8699999999999903,HARD,4.0,3.0,4,dry,green,1.0,1.0,6.0,6.0,
matched_pair,2026,Barcelona Grand Prix,Race,race,Ferrari,HAM,LEC,16.0,21.0,82.151,81.589,-0.5619999999999976,HARD,2.0,2.0,5,dry,green,3.0,3.0,6.0,6.0,
matched_pair,2026,Barcelona Grand Prix,Race,race,Ferrari,HAM,LEC,46.0,44.0,80.369,80.74,0.3709999999999951,HARD,4.0,3.0,5,dry,green,1.0,1.0,6.0,6.0,
matched_pair,2026,Barcelona Grand Prix,Race,race,Ferrari,HAM,LEC,17.0,22.0,82.001,82.011,0.009999999999990905,HARD,2.0,2.0,6,dry,green,3.0,2.0,6.0,6.0,
matched_pair,2026,Barcelona Grand Prix,Race,race,Ferrari,HAM,LEC,47.0,45.0,80.182,80.881,0.6989999999999981,HARD,4.0,3.0,6,dry,green,1.0,1.0,6.0,6.0,
matched_pair,2026,Barcelona Grand Prix,Race,race,Ferrari,HAM,LEC,18.0,23.0,82.165,81.864,-0.30100000000000193,HARD,2.0,2.0,7,dry,green,2.0,2.0,6.0,6.0,
matched_pair,2026,Barcelona Grand Prix,Race,race,Ferrari,HAM,LEC,48.0,46.0,80.313,80.458,0.14499999999999602,HARD,4.0,3.0,7,dry,green,1.0,1.0,6.0,6.0,
matched_pair,2026,Barcelona Grand Prix,Race,race,Ferrari,HAM,LEC,19.0,24.0,82.464,82.463,-0.0010000000000047748,HARD,2.0,2.0,8,dry,green,2.0,2.0,6.0,6.0,
matched_pair,2026,Barcelona Grand Prix,Race,race,Ferrari,HAM,LEC,49.0,47.0,80.88,80.379,-0.5009999999999906,HARD,4.0,3.0,8,dry,green,1.0,1.0,6.0,6.0,
matched_pair,2026,Barcelona Grand Prix,Race,race,Ferrari,HAM,LEC,20.0,25.0,82.618,82.6,-0.018000000000000682,HARD,2.0,2.0,9,dry,green,2.0,2.0,6.0,6.0,
matched_pair,2026,Barcelona Grand Prix,Race,race,Ferrari,HAM,LEC,50.0,48.0,80.293,81.017,0.7239999999999895,HARD,4.0,3.0,9,dry,green,1.0,1.0,6.0,6.0,
matched_pair,2026,Barcelona Grand Prix,Race,race,Ferrari,HAM,LEC,21.0,26.0,82.728,82.735,0.007000000000005002,HARD,2.0,2.0,10,dry,green,2.0,2.0,6.0,6.0,
matched_pair,2026,Barcelona Grand Prix,Race,race,Ferrari,HAM,LEC,51.0,49.0,80.987,80.884,-0.10299999999999443,HARD,4.0,3.0,10,dry,green,1.0,1.0,6.0,6.0,
matched_pair,2026,Barcelona Grand Prix,Race,race,Ferrari,HAM,LEC,22.0,27.0,82.891,83.196,0.3049999999999926,HARD,2.0,2.0,11,dry,green,2.0,2.0,6.0,6.0,
matched_pair,2026,Barcelona Grand Prix,Race,race,Ferrari,HAM,LEC,52.0,50.0,80.771,82.376,1.605000000000004,HARD,4.0,3.0,11,dry,green,1.0,1.0,6.0,6.0,
matched_pair,2026,Barcelona Grand Prix,Race,race,Ferrari,HAM,LEC,23.0,28.0,82.926,83.068,0.1419999999999959,HARD,2.0,2.0,12,dry,green,2.0,2.0,6.0,5.0,
matched_pair,2026,Barcelona Grand Prix,Race,race,Ferrari,HAM,LEC,53.0,51.0,81.266,81.681,0.41499999999999204,HARD,4.0,3.0,12,dry,green,1.0,1.0,6.0,6.0,
matched_pair,2026,Barcelona Grand Prix,Race,race,Ferrari,HAM,LEC,24.0,29.0,82.889,83.124,0.23499999999999943,HARD,2.0,2.0,13,dry,green,2.0,2.0,5.0,4.0,
matched_pair,2026,Barcelona Grand Prix,Race,race,Ferrari,HAM,LEC,54.0,52.0,80.98,82.154,1.1739999999999924,HARD,4.0,3.0,13,dry,green,1.0,1.0,6.0,6.0,
matched_pair,2026,Barcelona Grand Prix,Race,race,Ferrari,HAM,LEC,25.0,30.0,83.265,82.705,-0.5600000000000023,HARD,2.0,2.0,14,dry,green,2.0,2.0,4.0,4.0,
matched_pair,2026,Barcelona Grand Prix,Race,race,Ferrari,HAM,LEC,55.0,53.0,81.064,81.875,0.811000000000007,HARD,4.0,3.0,14,dry,green,1.0,1.0,6.0,6.0,
matched_pair,2026,Barcelona Grand Prix,Race,race,Ferrari,HAM,LEC,26.0,31.0,83.331,82.853,-0.47800000000000864,HARD,2.0,2.0,15,dry,green,2.0,2.0,4.0,4.0,
matched_pair,2026,Barcelona Grand Prix,Race,race,Ferrari,HAM,LEC,56.0,54.0,81.083,82.01,0.9270000000000067,HARD,4.0,3.0,15,dry,green,1.0,1.0,6.0,6.0,
matched_pair,2026,Barcelona Grand Prix,Race,race,Ferrari,HAM,LEC,57.0,55.0,81.413,82.015,0.6020000000000039,HARD,4.0,3.0,16,dry,green,1.0,1.0,6.0,6.0,
matched_pair,2026,Barcelona Grand Prix,Race,race,Ferrari,HAM,LEC,58.0,33.0,81.502,83.328,1.8260000000000076,HARD,4.0,2.0,17,dry,green,1.0,1.0,5.0,5.0,
matched_pair,2026,Barcelona Grand Prix,Race,race,Ferrari,HAM,LEC,59.0,34.0,81.111,82.962,1.850999999999999,HARD,4.0,2.0,18,dry,green,1.0,1.0,5.0,5.0,
matched_pair,2026,Barcelona Grand Prix,Race,race,Ferrari,HAM,LEC,60.0,35.0,81.17,83.04,1.8700000000000045,HARD,4.0,2.0,19,dry,green,1.0,1.0,5.0,5.0,
matched_pair,2026,Barcelona Grand Prix,Race,race,Ferrari,HAM,LEC,61.0,36.0,81.406,82.768,1.3619999999999948,HARD,4.0,2.0,20,dry,green,1.0,1.0,5.0,4.0,
matched_pair,2026,Barcelona Grand Prix,Race,race,Ferrari,HAM,LEC,62.0,37.0,81.374,83.024,1.6500000000000057,HARD,4.0,2.0,21,dry,green,1.0,1.0,4.0,3.0,
matched_pair,2026,Barcelona Grand Prix,Race,race,Ferrari,HAM,LEC,29.0,2.0,80.633,82.883,2.25,MEDIUM,3.0,1.0,2,dry,green,7.0,6.0,7.0,7.0,
matched_pair,2026,Barcelona Grand Prix,Race,race,Ferrari,HAM,LEC,30.0,3.0,80.91,82.65,1.740000000000009,MEDIUM,3.0,1.0,3,dry,green,6.0,5.0,7.0,7.0,
matched_pair,2026,Barcelona Grand Prix,Race,race,Ferrari,HAM,LEC,31.0,4.0,80.725,82.914,2.189000000000007,MEDIUM,3.0,1.0,4,dry,green,5.0,5.0,7.0,7.0,
matched_pair,2026,Barcelona Grand Prix,Race,race,Ferrari,HAM,LEC,32.0,5.0,80.855,83.063,2.2079999999999984,MEDIUM,3.0,1.0,5,dry,green,5.0,4.0,7.0,7.0,
matched_pair,2026,Barcelona Grand Prix,Race,race,Ferrari,HAM,LEC,33.0,6.0,81.077,83.835,2.7579999999999956,MEDIUM,3.0,1.0,6,dry,green,4.0,4.0,7.0,7.0,
matched_pair,2026,Barcelona Grand Prix,Race,race,Ferrari,HAM,LEC,34.0,7.0,80.954,83.102,2.1480000000000103,MEDIUM,3.0,1.0,7,dry,green,4.0,4.0,7.0,7.0,
matched_pair,2026,Barcelona Grand Prix,Race,race,Ferrari,HAM,LEC,35.0,8.0,81.151,83.402,2.2510000000000048,MEDIUM,3.0,1.0,8,dry,green,4.0,3.0,7.0,6.0,
matched_pair,2026,Barcelona Grand Prix,Race,race,Ferrari,HAM,LEC,36.0,9.0,81.227,83.561,2.334000000000003,MEDIUM,3.0,1.0,9,dry,green,3.0,3.0,6.0,6.0,
matched_pair,2026,Barcelona Grand Prix,Race,race,Ferrari,HAM,LEC,37.0,10.0,80.979,83.8,2.820999999999998,MEDIUM,3.0,1.0,10,dry,green,3.0,2.0,6.0,6.0,
matched_pair,2026,Barcelona Grand Prix,Race,race,Ferrari,HAM,LEC,38.0,11.0,81.36,84.178,2.817999999999998,MEDIUM,3.0,1.0,11,dry,green,2.0,1.0,6.0,6.0,
matched_pair,2026,Barcelona Grand Prix,Race,race,Haas F1 Team,BEA,OCO,20.0,15.0,85.204,84.131,-1.0729999999999933,HARD,2.0,2.0,2,dry,green,20.0,18.0,18.0,18.0,
matched_pair,2026,Barcelona Grand Prix,Race,race,Haas F1 Team,BEA,OCO,21.0,16.0,83.939,84.675,0.7360000000000042,HARD,2.0,2.0,3,dry,green,18.0,18.0,18.0,16.0,
matched_pair,2026,Barcelona Grand Prix,Race,race,Haas F1 Team,BEA,OCO,22.0,17.0,84.285,84.219,-0.0660000000000025,HARD,2.0,2.0,4,dry,green,18.0,18.0,16.0,16.0,
matched_pair,2026,Barcelona Grand Prix,Race,race,Haas F1 Team,BEA,OCO,23.0,18.0,83.746,84.304,0.5580000000000069,HARD,2.0,2.0,5,dry,green,18.0,17.0,16.0,16.0,
matched_pair,2026,Barcelona Grand Prix,Race,race,Haas F1 Team,BEA,OCO,24.0,19.0,84.052,84.508,0.45599999999998886,HARD,2.0,2.0,6,dry,green,17.0,17.0,16.0,15.0,
matched_pair,2026,Barcelona Grand Prix,Race,race,Haas F1 Team,BEA,OCO,25.0,20.0,85.907,84.786,-1.1209999999999951,HARD,2.0,2.0,7,dry,green,17.0,17.0,15.0,15.0,
matched_pair,2026,Barcelona Grand Prix,Race,race,Haas F1 Team,BEA,OCO,27.0,22.0,85.807,84.981,-0.8260000000000076,HARD,2.0,2.0,9,dry,green,17.0,17.0,15.0,15.0,
matched_pair,2026,Barcelona Grand Prix,Race,race,Haas F1 Team,BEA,OCO,28.0,23.0,84.161,85.125,0.9639999999999986,HARD,2.0,2.0,10,dry,green,17.0,17.0,15.0,14.0,
matched_pair,2026,Barcelona Grand Prix,Race,race,Haas F1 Team,BEA,OCO,29.0,24.0,84.35,86.361,2.01100000000001,HARD,2.0,2.0,11,dry,green,17.0,17.0,14.0,15.0,
matched_pair,2026,Barcelona Grand Prix,Race,race,Haas F1 Team,BEA,OCO,30.0,25.0,83.789,85.332,1.5429999999999922,HARD,2.0,2.0,12,dry,green,17.0,15.0,15.0,15.0,
matched_pair,2026,Barcelona Grand Prix,Race,race,Haas F1 Team,BEA,OCO,31.0,26.0,84.356,86.423,2.0670000000000073,HARD,2.0,2.0,13,dry,green,15.0,14.0,15.0,16.0,
matched_pair,2026,Barcelona Grand Prix,Race,race,Haas F1 Team,BEA,OCO,32.0,27.0,85.245,86.674,1.429000000000002,HARD,2.0,2.0,14,dry,green,14.0,14.0,16.0,16.0,
matched_pair,2026,Barcelona Grand Prix,Race,race,Haas F1 Team,BEA,OCO,34.0,29.0,84.255,86.676,2.4210000000000065,HARD,2.0,2.0,16,dry,green,13.0,13.0,16.0,16.0,
matched_pair,2026,Barcelona Grand Prix,Race,race,Haas F1 Team,BEA,OCO,36.0,31.0,85.902,86.811,0.909000000000006,HARD,2.0,2.0,18,dry,green,13.0,13.0,16.0,15.0,
matched_pair,2026,Barcelona Grand Prix,Race,race,Haas F1 Team,BEA,OCO,2.0,36.0,85.184,83.109,-2.075000000000003,MEDIUM,1.0,3.0,2,dry,green,15.0,16.0,16.0,16.0,
matched_pair,2026,Barcelona Grand Prix,Race,race,Haas F1 Team,BEA,OCO,3.0,37.0,84.941,83.252,-1.6890000000000072,MEDIUM,1.0,3.0,3,dry,green,16.0,16.0,16.0,16.0,
matched_pair,2026,Barcelona Grand Prix,Race,race,Haas F1 Team,BEA,OCO,7.0,41.0,86.101,83.215,-2.8859999999999957,MEDIUM,1.0,3.0,7,dry,green,16.0,16.0,16.0,16.0,
matched_pair,2026,Barcelona Grand Prix,Race,race,Haas F1 Team,BEA,OCO,8.0,42.0,86.127,83.222,-2.905000000000001,MEDIUM,1.0,3.0,8,dry,green,16.0,16.0,16.0,16.0,
matched_pair,2026,Barcelona Grand Prix,Race,race,Haas F1 Team,BEA,OCO,9.0,43.0,86.321,83.055,-3.265999999999991,MEDIUM,1.0,3.0,9,dry,green,16.0,16.0,16.0,16.0,
matched_pair,2026,Barcelona Grand Prix,Race,race,Haas F1 Team,BEA,OCO,10.0,44.0,86.505,83.657,-2.847999999999999,MEDIUM,1.0,3.0,10,dry,green,16.0,16.0,16.0,16.0,
matched_pair,2026,Barcelona Grand Prix,Race,race,Haas F1 Team,BEA,OCO,11.0,45.0,86.654,83.665,-2.98899999999999,MEDIUM,1.0,3.0,11,dry,green,16.0,16.0,16.0,16.0,
matched_pair,2026,Barcelona Grand Prix,Race,race,Haas F1 Team,BEA,OCO,12.0,46.0,86.607,85.35,-1.257000000000005,MEDIUM,1.0,3.0,12,dry,green,16.0,15.0,16.0,16.0,
matched_pair,2026,Barcelona Grand Prix,Race,race,Haas F1 Team,BEA,OCO,13.0,47.0,86.753,83.921,-2.8319999999999936,MEDIUM,1.0,3.0,13,dry,green,15.0,13.0,16.0,16.0,
matched_pair,2026,Barcelona Grand Prix,Race,race,Haas F1 Team,BEA,OCO,14.0,48.0,85.933,83.923,-2.010000000000005,MEDIUM,1.0,3.0,14,dry,green,13.0,12.0,16.0,16.0,
matched_pair,2026,Barcelona Grand Prix,Race,race,Haas F1 Team,BEA,OCO,15.0,49.0,85.544,83.819,-1.7249999999999943,MEDIUM,1.0,3.0,15,dry,green,12.0,10.0,16.0,16.0,
matched_pair,2026,Barcelona Grand Prix,Race,race,Haas F1 Team,BEA,OCO,16.0,50.0,86.485,84.442,-2.0430000000000064,MEDIUM,1.0,3.0,16,dry,green,10.0,9.0,16.0,16.0,
matched_pair,2026,Barcelona Grand Prix,Race,race,Haas F1 Team,BEA,OCO,17.0,51.0,86.707,84.641,-2.0659999999999883,MEDIUM,1.0,3.0,17,dry,green,9.0,10.0,16.0,16.0,
matched_pair,2026,Barcelona Grand Prix,Race,race,Haas F1 Team,BEA,OCO,41.0,2.0,82.484,84.454,1.9699999999999989,SOFT,3.0,1.0,2,dry,green,15.0,15.0,16.0,15.0,
matched_pair,2026,Barcelona Grand Prix,Race,race,Haas F1 Team,BEA,OCO,42.0,3.0,82.657,84.984,2.326999999999998,SOFT,3.0,1.0,3,dry,green,15.0,15.0,15.0,15.0,
matched_pair,2026,Barcelona Grand Prix,Race,race,Haas F1 Team,BEA,OCO,43.0,4.0,82.419,84.865,2.445999999999998,SOFT,3.0,1.0,4,dry,green,15.0,15.0,15.0,15.0,
matched_pair,2026,Barcelona Grand Prix,Race,race,Haas F1 Team,BEA,OCO,44.0,5.0,82.833,85.153,2.3200000000000074,SOFT,3.0,1.0,5,dry,green,15.0,15.0,15.0,15.0,
matched_pair,2026,Barcelona Grand Prix,Race,race,Haas F1 Team,BEA,OCO,45.0,6.0,82.897,85.635,2.7379999999999995,SOFT,3.0,1.0,6,dry,green,15.0,15.0,15.0,15.0,
matched_pair,2026,Barcelona Grand Prix,Race,race,Haas F1 Team,BEA,OCO,46.0,7.0,83.241,85.854,2.6129999999999995,SOFT,3.0,1.0,7,dry,green,15.0,15.0,15.0,15.0,
matched_pair,2026,Barcelona Grand Prix,Race,race,Haas F1 Team,BEA,OCO,47.0,8.0,83.829,85.775,1.9460000000000122,SOFT,3.0,1.0,8,dry,green,15.0,15.0,15.0,15.0,
matched_pair,2026,Barcelona Grand Prix,Race,race,Haas F1 Team,BEA,OCO,48.0,9.0,84.192,86.339,2.1470000000000056,SOFT,3.0,1.0,9,dry,green,15.0,14.0,15.0,15.0,
matched_pair,2026,Barcelona Grand Prix,Race,race,Haas F1 Team,BEA,OCO,49.0,10.0,83.926,86.661,2.7349999999999994,SOFT,3.0,1.0,10,dry,green,14.0,14.0,15.0,15.0,
matched_pair,2026,Barcelona Grand Prix,Race,race,Haas F1 Team,BEA,OCO,50.0,11.0,84.194,86.644,2.450000000000003,SOFT,3.0,1.0,11,dry,green,14.0,14.0,15.0,15.0,
matched_pair,2026,Barcelona Grand Prix,Race,race,Haas F1 Team,BEA,OCO,51.0,12.0,83.951,86.773,2.8220000000000027,SOFT,3.0,1.0,12,dry,green,14.0,14.0,15.0,14.0,
matched_pair,2026,Barcelona Grand Prix,Race,race,McLaren,NOR,PIA,15.0,16.0,82.07,82.541,0.47100000000000364,HARD,2.0,2.0,2,dry,green,6.0,5.0,8.0,7.0,
matched_pair,2026,Barcelona Grand Prix,Race,race,McLaren,NOR,PIA,37.0,38.0,80.232,82.113,1.8810000000000002,HARD,3.0,3.0,2,dry,green,5.0,5.0,7.0,7.0,
matched_pair,2026,Barcelona Grand Prix,Race,race,McLaren,NOR,PIA,16.0,17.0,82.193,82.229,0.036000000000001364,HARD,2.0,2.0,3,dry,green,5.0,5.0,7.0,7.0,
matched_pair,2026,Barcelona Grand Prix,Race,race,McLaren,NOR,PIA,38.0,39.0,81.112,82.073,0.9609999999999985,HARD,3.0,3.0,3,dry,green,5.0,5.0,7.0,7.0,
matched_pair,2026,Barcelona Grand Prix,Race,race,McLaren,NOR,PIA,17.0,18.0,81.944,82.269,0.32500000000000284,HARD,2.0,2.0,4,dry,green,5.0,4.0,7.0,7.0,
matched_pair,2026,Barcelona Grand Prix,Race,race,McLaren,NOR,PIA,18.0,19.0,81.981,82.262,0.2810000000000059,HARD,2.0,2.0,5,dry,green,4.0,4.0,7.0,7.0,
matched_pair,2026,Barcelona Grand Prix,Race,race,McLaren,NOR,PIA,19.0,20.0,82.354,82.449,0.09499999999999886,HARD,2.0,2.0,6,dry,green,4.0,4.0,7.0,7.0,
matched_pair,2026,Barcelona Grand Prix,Race,race,McLaren,NOR,PIA,20.0,21.0,82.243,82.858,0.6150000000000091,HARD,2.0,2.0,7,dry,green,4.0,4.0,7.0,7.0,
matched_pair,2026,Barcelona Grand Prix,Race,race,McLaren,NOR,PIA,21.0,22.0,82.375,82.937,0.5619999999999976,HARD,2.0,2.0,8,dry,green,4.0,4.0,7.0,7.0,
matched_pair,2026,Barcelona Grand Prix,Race,race,McLaren,NOR,PIA,43.0,44.0,80.931,81.203,0.27200000000000557,HARD,3.0,3.0,8,dry,green,4.0,4.0,7.0,7.0,
matched_pair,2026,Barcelona Grand Prix,Race,race,McLaren,NOR,PIA,22.0,23.0,82.022,82.898,0.8759999999999906,HARD,2.0,2.0,9,dry,green,4.0,4.0,7.0,7.0,
matched_pair,2026,Barcelona Grand Prix,Race,race,McLaren,NOR,PIA,44.0,45.0,80.806,80.939,0.13299999999999557,HARD,3.0,3.0,9,dry,green,4.0,4.0,7.0,7.0,
matched_pair,2026,Barcelona Grand Prix,Race,race,McLaren,NOR,PIA,23.0,24.0,82.279,82.907,0.6280000000000001,HARD,2.0,2.0,10,dry,green,4.0,4.0,7.0,7.0,
matched_pair,2026,Barcelona Grand Prix,Race,race,McLaren,NOR,PIA,45.0,46.0,80.928,80.835,-0.09300000000000352,HARD,3.0,3.0,10,dry,green,4.0,4.0,7.0,7.0,
matched_pair,2026,Barcelona Grand Prix,Race,race,McLaren,NOR,PIA,24.0,25.0,82.444,83.038,0.5939999999999941,HARD,2.0,2.0,11,dry,green,4.0,4.0,7.0,7.0,
matched_pair,2026,Barcelona Grand Prix,Race,race,McLaren,NOR,PIA,46.0,47.0,80.83,80.994,0.16400000000000148,HARD,3.0,3.0,11,dry,green,4.0,4.0,7.0,7.0,
matched_pair,2026,Barcelona Grand Prix,Race,race,McLaren,NOR,PIA,25.0,26.0,82.463,82.771,0.30800000000000693,HARD,2.0,2.0,12,dry,green,4.0,4.0,7.0,7.0,
matched_pair,2026,Barcelona Grand Prix,Race,race,McLaren,NOR,PIA,47.0,48.0,80.948,81.299,0.3510000000000133,HARD,3.0,3.0,12,dry,green,4.0,4.0,7.0,7.0,
matched_pair,2026,Barcelona Grand Prix,Race,race,McLaren,NOR,PIA,26.0,27.0,82.664,82.851,0.1869999999999976,HARD,2.0,2.0,13,dry,green,4.0,4.0,7.0,7.0,
matched_pair,2026,Barcelona Grand Prix,Race,race,McLaren,NOR,PIA,48.0,49.0,81.2,81.147,-0.05299999999999727,HARD,3.0,3.0,13,dry,green,4.0,4.0,7.0,7.0,
matched_pair,2026,Barcelona Grand Prix,Race,race,McLaren,NOR,PIA,27.0,28.0,82.909,83.283,0.3739999999999952,HARD,2.0,2.0,14,dry,green,4.0,3.0,7.0,6.0,
matched_pair,2026,Barcelona Grand Prix,Race,race,McLaren,NOR,PIA,49.0,50.0,81.262,82.849,1.5870000000000033,HARD,3.0,3.0,14,dry,green,4.0,4.0,7.0,7.0,
matched_pair,2026,Barcelona Grand Prix,Race,race,McLaren,NOR,PIA,28.0,51.0,82.66,81.904,-0.7560000000000002,HARD,2.0,3.0,15,dry,green,3.0,3.0,7.0,7.0,
matched_pair,2026,Barcelona Grand Prix,Race,race,McLaren,NOR,PIA,51.0,30.0,81.253,83.608,2.355000000000004,HARD,3.0,2.0,16,dry,green,4.0,4.0,7.0,6.0,
matched_pair,2026,Barcelona Grand Prix,Race,race,McLaren,NOR,PIA,52.0,31.0,81.606,83.345,1.7390000000000043,HARD,3.0,2.0,17,dry,green,4.0,4.0,6.0,6.0,
matched_pair,2026,Barcelona Grand Prix,Race,race,McLaren,NOR,PIA,31.0,54.0,82.947,82.292,-0.6550000000000011,HARD,2.0,3.0,18,dry,green,3.0,3.0,7.0,7.0,
matched_pair,2026,Barcelona Grand Prix,Race,race,McLaren,NOR,PIA,54.0,33.0,81.809,83.0,1.1910000000000025,HARD,3.0,2.0,19,dry,green,4.0,4.0,6.0,6.0,
matched_pair,2026,Barcelona Grand Prix,Race,race,McLaren,NOR,PIA,33.0,34.0,82.849,83.037,0.1880000000000024,HARD,2.0,2.0,20,dry,green,3.0,3.0,6.0,6.0,
matched_pair,2026,Barcelona Grand Prix,Race,race,McLaren,NOR,PIA,55.0,56.0,81.964,82.139,0.17499999999999716,HARD,3.0,3.0,20,dry,green,4.0,4.0,7.0,7.0,
matched_pair,2026,Barcelona Grand Prix,Race,race,McLaren,NOR,PIA,34.0,35.0,83.115,83.444,0.32900000000000773,HARD,2.0,2.0,21,dry,green,3.0,3.0,6.0,6.0,
matched_pair,2026,Barcelona Grand Prix,Race,race,McLaren,NOR,PIA,56.0,57.0,82.127,82.169,0.04200000000000159,HARD,3.0,3.0,21,dry,green,4.0,4.0,7.0,7.0,
matched_pair,2026,Barcelona Grand Prix,Race,race,McLaren,NOR,PIA,57.0,58.0,82.223,82.723,0.5,HARD,3.0,3.0,22,dry,green,4.0,4.0,7.0,7.0,
matched_pair,2026,Barcelona Grand Prix,Race,race,McLaren,NOR,PIA,58.0,59.0,82.252,83.228,0.9759999999999991,HARD,3.0,3.0,23,dry,green,4.0,4.0,7.0,7.0,
matched_pair,2026,Barcelona Grand Prix,Race,race,McLaren,NOR,PIA,2.0,2.0,82.251,82.673,0.42199999999999704,MEDIUM,1.0,1.0,2,dry,green,4.0,4.0,6.0,6.0,
matched_pair,2026,Barcelona Grand Prix,Race,race,McLaren,NOR,PIA,3.0,3.0,82.422,82.94,0.5180000000000007,MEDIUM,1.0,1.0,3,dry,green,4.0,4.0,6.0,6.0,
matched_pair,2026,Barcelona Grand Prix,Race,race,McLaren,NOR,PIA,4.0,4.0,82.773,83.054,0.2810000000000059,MEDIUM,1.0,1.0,4,dry,green,4.0,4.0,6.0,6.0,
matched_pair,2026,Barcelona Grand Prix,Race,race,McLaren,NOR,PIA,5.0,5.0,83.287,83.242,-0.045000000000001705,MEDIUM,1.0,1.0,5,dry,green,4.0,4.0,6.0,6.0,
matched_pair,2026,Barcelona Grand Prix,Race,race,McLaren,NOR,PIA,6.0,6.0,83.226,83.298,0.07200000000000273,MEDIUM,1.0,1.0,6,dry,green,4.0,4.0,6.0,6.0,
matched_pair,2026,Barcelona Grand Prix,Race,race,McLaren,NOR,PIA,7.0,7.0,83.357,83.569,0.2120000000000033,MEDIUM,1.0,1.0,7,dry,green,4.0,4.0,6.0,6.0,
matched_pair,2026,Barcelona Grand Prix,Race,race,McLaren,NOR,PIA,9.0,9.0,83.501,84.548,1.046999999999997,MEDIUM,1.0,1.0,9,dry,green,4.0,4.0,7.0,7.0,
matched_pair,2026,Barcelona Grand Prix,Race,race,McLaren,NOR,PIA,10.0,10.0,83.319,84.401,1.0819999999999936,MEDIUM,1.0,1.0,10,dry,green,4.0,4.0,7.0,7.0,
matched_pair,2026,Barcelona Grand Prix,Race,race,McLaren,NOR,PIA,11.0,11.0,83.401,84.097,0.695999999999998,MEDIUM,1.0,1.0,11,dry,green,4.0,3.0,7.0,7.0,
matched_pair,2026,Barcelona Grand Prix,Race,race,McLaren,NOR,PIA,12.0,12.0,83.618,84.117,0.49900000000000944,MEDIUM,1.0,1.0,12,dry,green,3.0,3.0,7.0,5.0,
matched_pair,2026,Barcelona Grand Prix,Race,race,Mercedes,ANT,RUS,16.0,14.0,82.003,81.79,-0.21299999999999386,HARD,2.0,2.0,2,dry,green,4.0,4.0,5.0,3.0,
matched_pair,2026,Barcelona Grand Prix,Race,race,Mercedes,ANT,RUS,39.0,38.0,80.899,80.709,-0.18999999999999773,HARD,3.0,3.0,2,dry,green,4.0,3.0,4.0,3.0,
matched_pair,2026,Barcelona Grand Prix,Race,race,Mercedes,ANT,RUS,17.0,15.0,81.905,81.972,0.06699999999999307,HARD,2.0,2.0,3,dry,green,4.0,3.0,3.0,2.0,
matched_pair,2026,Barcelona Grand Prix,Race,race,Mercedes,ANT,RUS,18.0,16.0,81.632,82.161,0.5289999999999964,HARD,2.0,2.0,4,dry,green,3.0,3.0,2.0,1.0,
matched_pair,2026,Barcelona Grand Prix,Race,race,Mercedes,ANT,RUS,19.0,17.0,81.921,81.766,-0.15500000000000114,HARD,2.0,2.0,5,dry,green,3.0,3.0,1.0,1.0,
matched_pair,2026,Barcelona Grand Prix,Race,race,Mercedes,ANT,RUS,20.0,18.0,82.049,82.103,0.053999999999987836,HARD,2.0,2.0,6,dry,green,3.0,3.0,1.0,1.0,
matched_pair,2026,Barcelona Grand Prix,Race,race,Mercedes,ANT,RUS,21.0,19.0,82.196,82.446,0.25,HARD,2.0,2.0,7,dry,green,3.0,3.0,1.0,1.0,
matched_pair,2026,Barcelona Grand Prix,Race,race,Mercedes,ANT,RUS,44.0,43.0,80.917,80.64,-0.277000000000001,HARD,3.0,3.0,7,dry,green,3.0,3.0,2.0,2.0,
matched_pair,2026,Barcelona Grand Prix,Race,race,Mercedes,ANT,RUS,22.0,20.0,82.161,82.513,0.35200000000000387,HARD,2.0,2.0,8,dry,green,3.0,3.0,1.0,1.0,
matched_pair,2026,Barcelona Grand Prix,Race,race,Mercedes,ANT,RUS,45.0,44.0,80.717,80.821,0.1039999999999992,HARD,3.0,3.0,8,dry,green,3.0,3.0,2.0,2.0,
matched_pair,2026,Barcelona Grand Prix,Race,race,Mercedes,ANT,RUS,23.0,21.0,82.45,82.556,0.10599999999999454,HARD,2.0,2.0,9,dry,green,3.0,3.0,1.0,1.0,
matched_pair,2026,Barcelona Grand Prix,Race,race,Mercedes,ANT,RUS,46.0,45.0,80.704,80.74,0.036000000000001364,HARD,3.0,3.0,9,dry,green,3.0,3.0,2.0,2.0,
matched_pair,2026,Barcelona Grand Prix,Race,race,Mercedes,ANT,RUS,24.0,22.0,82.843,82.725,-0.11800000000000921,HARD,2.0,2.0,10,dry,green,3.0,3.0,1.0,1.0,
matched_pair,2026,Barcelona Grand Prix,Race,race,Mercedes,ANT,RUS,47.0,46.0,80.867,80.739,-0.1280000000000001,HARD,3.0,3.0,10,dry,green,3.0,3.0,2.0,2.0,
matched_pair,2026,Barcelona Grand Prix,Race,race,Mercedes,ANT,RUS,25.0,23.0,82.677,83.254,0.5769999999999982,HARD,2.0,2.0,11,dry,green,3.0,3.0,1.0,1.0,
matched_pair,2026,Barcelona Grand Prix,Race,race,Mercedes,ANT,RUS,48.0,47.0,81.328,80.933,-0.394999999999996,HARD,3.0,3.0,11,dry,green,3.0,3.0,2.0,2.0,
matched_pair,2026,Barcelona Grand Prix,Race,race,Mercedes,ANT,RUS,26.0,24.0,82.614,82.803,0.18899999999999295,HARD,2.0,2.0,12,dry,green,3.0,3.0,1.0,1.0,
matched_pair,2026,Barcelona Grand Prix,Race,race,Mercedes,ANT,RUS,49.0,48.0,81.229,81.267,0.0379999999999967,HARD,3.0,3.0,12,dry,green,3.0,3.0,2.0,2.0,
matched_pair,2026,Barcelona Grand Prix,Race,race,Mercedes,ANT,RUS,27.0,25.0,82.76,83.026,0.26599999999999113,HARD,2.0,2.0,13,dry,green,3.0,2.0,1.0,1.0,
matched_pair,2026,Barcelona Grand Prix,Race,race,Mercedes,ANT,RUS,50.0,49.0,81.361,81.322,-0.03900000000000148,HARD,3.0,3.0,13,dry,green,3.0,3.0,2.0,2.0,
matched_pair,2026,Barcelona Grand Prix,Race,race,Mercedes,ANT,RUS,28.0,26.0,82.055,82.908,0.8529999999999944,HARD,2.0,2.0,14,dry,green,2.0,2.0,1.0,1.0,
matched_pair,2026,Barcelona Grand Prix,Race,race,Mercedes,ANT,RUS,51.0,50.0,81.358,81.522,0.16400000000000148,HARD,3.0,3.0,14,dry,green,3.0,3.0,2.0,2.0,
matched_pair,2026,Barcelona Grand Prix,Race,race,Mercedes,ANT,RUS,29.0,27.0,82.623,83.144,0.5210000000000008,HARD,2.0,2.0,15,dry,green,2.0,2.0,1.0,1.0,
matched_pair,2026,Barcelona Grand Prix,Race,race,Mercedes,ANT,RUS,52.0,51.0,81.45,81.628,0.17799999999999727,HARD,3.0,3.0,15,dry,green,3.0,3.0,2.0,2.0,
matched_pair,2026,Barcelona Grand Prix,Race,race,Mercedes,ANT,RUS,30.0,28.0,82.502,83.176,0.6740000000000066,HARD,2.0,2.0,16,dry,green,2.0,2.0,1.0,1.0,
matched_pair,2026,Barcelona Grand Prix,Race,race,Mercedes,ANT,RUS,53.0,52.0,81.909,81.652,-0.257000000000005,HARD,3.0,3.0,16,dry,green,3.0,3.0,2.0,2.0,
matched_pair,2026,Barcelona Grand Prix,Race,race,Mercedes,ANT,RUS,31.0,29.0,82.839,83.208,0.3689999999999998,HARD,2.0,2.0,17,dry,green,2.0,2.0,1.0,1.0,
matched_pair,2026,Barcelona Grand Prix,Race,race,Mercedes,ANT,RUS,54.0,53.0,81.736,81.864,0.1280000000000001,HARD,3.0,3.0,17,dry,green,3.0,3.0,2.0,2.0,
matched_pair,2026,Barcelona Grand Prix,Race,race,Mercedes,ANT,RUS,32.0,54.0,82.688,81.459,-1.2289999999999992,HARD,2.0,3.0,18,dry,green,2.0,2.0,2.0,2.0,
matched_pair,2026,Barcelona Grand Prix,Race,race,Mercedes,ANT,RUS,56.0,31.0,81.768,83.325,1.5570000000000022,HARD,3.0,2.0,19,dry,green,3.0,3.0,1.0,1.0,
matched_pair,2026,Barcelona Grand Prix,Race,race,Mercedes,ANT,RUS,34.0,32.0,82.717,82.884,0.1670000000000016,HARD,2.0,2.0,20,dry,green,2.0,2.0,1.0,1.0,
matched_pair,2026,Barcelona Grand Prix,Race,race,Mercedes,ANT,RUS,57.0,56.0,81.927,82.07,0.14299999999998647,HARD,3.0,3.0,20,dry,green,3.0,3.0,2.0,2.0,
matched_pair,2026,Barcelona Grand Prix,Race,race,Mercedes,ANT,RUS,35.0,33.0,82.661,83.437,0.7759999999999962,HARD,2.0,2.0,21,dry,green,2.0,2.0,1.0,1.0,
matched_pair,2026,Barcelona Grand Prix,Race,race,Mercedes,ANT,RUS,58.0,57.0,81.87,82.072,0.20199999999999818,HARD,3.0,3.0,21,dry,green,3.0,3.0,2.0,2.0,
matched_pair,2026,Barcelona Grand Prix,Race,race,Mercedes,ANT,RUS,59.0,34.0,82.091,82.649,0.5580000000000069,HARD,3.0,2.0,22,dry,green,3.0,3.0,1.0,1.0,
matched_pair,2026,Barcelona Grand Prix,Race,race,Mercedes,ANT,RUS,60.0,35.0,81.803,82.921,1.1180000000000092,HARD,3.0,2.0,23,dry,green,3.0,3.0,1.0,1.0,
matched_pair,2026,Barcelona Grand Prix,Race,race,Mercedes,ANT,RUS,2.0,2.0,82.042,81.513,-0.5289999999999964,MEDIUM,1.0,1.0,2,dry,green,3.0,3.0,1.0,1.0,
matched_pair,2026,Barcelona Grand Prix,Race,race,Mercedes,ANT,RUS,3.0,3.0,82.12,81.479,-0.6410000000000053,MEDIUM,1.0,1.0,3,dry,green,3.0,3.0,1.0,1.0,
matched_pair,2026,Barcelona Grand Prix,Race,race,Mercedes,ANT,RUS,4.0,4.0,82.271,82.044,-0.22700000000000387,MEDIUM,1.0,1.0,4,dry,green,3.0,3.0,1.0,1.0,
matched_pair,2026,Barcelona Grand Prix,Race,race,Mercedes,ANT,RUS,5.0,5.0,82.448,82.427,-0.020999999999986585,MEDIUM,1.0,1.0,5,dry,green,3.0,3.0,1.0,1.0,
matched_pair,2026,Barcelona Grand Prix,Race,race,Mercedes,ANT,RUS,6.0,6.0,82.992,82.473,-0.5190000000000055,MEDIUM,1.0,1.0,6,dry,green,3.0,3.0,1.0,1.0,
matched_pair,2026,Barcelona Grand Prix,Race,race,Mercedes,ANT,RUS,7.0,7.0,83.088,82.687,-0.40099999999999625,MEDIUM,1.0,1.0,7,dry,green,3.0,3.0,1.0,1.0,
matched_pair,2026,Barcelona Grand Prix,Race,race,Mercedes,ANT,RUS,8.0,8.0,83.757,83.253,-0.5040000000000049,MEDIUM,1.0,1.0,8,dry,green,3.0,3.0,1.0,1.0,
matched_pair,2026,Barcelona Grand Prix,Race,race,Mercedes,ANT,RUS,9.0,9.0,83.56,83.198,-0.362000000000009,MEDIUM,1.0,1.0,9,dry,green,3.0,3.0,1.0,1.0,
matched_pair,2026,Barcelona Grand Prix,Race,race,Mercedes,ANT,RUS,10.0,10.0,83.882,83.51,-0.3719999999999999,MEDIUM,1.0,1.0,10,dry,green,3.0,3.0,1.0,1.0,
matched_pair,2026,Barcelona Grand Prix,Race,race,Mercedes,ANT,RUS,11.0,11.0,83.586,83.701,0.11499999999999488,MEDIUM,1.0,1.0,11,dry,green,3.0,2.0,1.0,1.0,
matched_pair,2026,Barcelona Grand Prix,Race,race,Racing Bulls,LAW,LIN,13.0,24.0,84.085,83.442,-0.6430000000000007,HARD,2.0,2.0,2,dry,green,18.0,17.0,16.0,16.0,
matched_pair,2026,Barcelona Grand Prix,Race,race,Racing Bulls,LAW,LIN,38.0,25.0,83.223,84.875,1.652000000000001,HARD,3.0,2.0,3,dry,green,12.0,11.0,16.0,16.0,
matched_pair,2026,Barcelona Grand Prix,Race,race,Racing Bulls,LAW,LIN,16.0,27.0,84.406,83.707,-0.6990000000000123,HARD,2.0,2.0,5,dry,green,11.0,10.0,15.0,15.0,
matched_pair,2026,Barcelona Grand Prix,Race,race,Racing Bulls,LAW,LIN,17.0,28.0,85.193,84.491,-0.7019999999999982,HARD,2.0,2.0,6,dry,green,10.0,11.0,15.0,15.0,
matched_pair,2026,Barcelona Grand Prix,Race,race,Racing Bulls,LAW,LIN,18.0,44.0,85.328,82.665,-2.6629999999999967,HARD,2.0,3.0,7,dry,green,11.0,10.0,13.0,13.0,
matched_pair,2026,Barcelona Grand Prix,Race,race,Racing Bulls,LAW,LIN,19.0,30.0,84.025,84.523,0.49799999999999045,HARD,2.0,2.0,8,dry,green,10.0,10.0,15.0,13.0,
matched_pair,2026,Barcelona Grand Prix,Race,race,Racing Bulls,LAW,LIN,43.0,45.0,82.829,81.914,-0.914999999999992,HARD,3.0,3.0,8,dry,green,11.0,11.0,13.0,12.0,
matched_pair,2026,Barcelona Grand Prix,Race,race,Racing Bulls,LAW,LIN,20.0,31.0,84.07,84.347,0.277000000000001,HARD,2.0,2.0,9,dry,green,10.0,10.0,13.0,12.0,
matched_pair,2026,Barcelona Grand Prix,Race,race,Racing Bulls,LAW,LIN,44.0,46.0,82.886,82.299,-0.5869999999999891,HARD,3.0,3.0,9,dry,green,11.0,11.0,12.0,12.0,
matched_pair,2026,Barcelona Grand Prix,Race,race,Racing Bulls,LAW,LIN,21.0,32.0,84.077,85.958,1.8810000000000002,HARD,2.0,2.0,10,dry,green,10.0,10.0,12.0,12.0,
matched_pair,2026,Barcelona Grand Prix,Race,race,Racing Bulls,LAW,LIN,45.0,47.0,82.691,82.528,-0.1629999999999967,HARD,3.0,3.0,10,dry,green,11.0,11.0,12.0,12.0,
matched_pair,2026,Barcelona Grand Prix,Race,race,Racing Bulls,LAW,LIN,22.0,33.0,84.326,84.264,-0.06199999999999761,HARD,2.0,2.0,11,dry,green,10.0,9.0,12.0,12.0,
matched_pair,2026,Barcelona Grand Prix,Race,race,Racing Bulls,LAW,LIN,46.0,48.0,82.708,82.441,-0.2669999999999959,HARD,3.0,3.0,11,dry,green,11.0,11.0,12.0,12.0,
matched_pair,2026,Barcelona Grand Prix,Race,race,Racing Bulls,LAW,LIN,23.0,34.0,84.449,85.835,1.3859999999999957,HARD,2.0,2.0,12,dry,green,9.0,9.0,12.0,12.0,
matched_pair,2026,Barcelona Grand Prix,Race,race,Racing Bulls,LAW,LIN,24.0,35.0,85.03,84.255,-0.7750000000000057,HARD,2.0,2.0,13,dry,green,9.0,9.0,12.0,11.0,
matched_pair,2026,Barcelona Grand Prix,Race,race,Racing Bulls,LAW,LIN,48.0,50.0,83.166,83.068,-0.09799999999999898,HARD,3.0,3.0,13,dry,green,11.0,11.0,12.0,12.0,
matched_pair,2026,Barcelona Grand Prix,Race,race,Racing Bulls,LAW,LIN,25.0,36.0,84.495,83.839,-0.6560000000000059,HARD,2.0,2.0,14,dry,green,9.0,9.0,11.0,10.0,
matched_pair,2026,Barcelona Grand Prix,Race,race,Racing Bulls,LAW,LIN,49.0,51.0,83.428,83.112,-0.3160000000000025,HARD,3.0,3.0,14,dry,green,11.0,11.0,12.0,12.0,
matched_pair,2026,Barcelona Grand Prix,Race,race,Racing Bulls,LAW,LIN,26.0,52.0,84.941,82.969,-1.9720000000000084,HARD,2.0,3.0,15,dry,green,9.0,9.0,12.0,12.0,
matched_pair,2026,Barcelona Grand Prix,Race,race,Racing Bulls,LAW,LIN,27.0,53.0,84.682,82.941,-1.7409999999999997,HARD,2.0,3.0,16,dry,green,9.0,9.0,12.0,12.0,
matched_pair,2026,Barcelona Grand Prix,Race,race,Racing Bulls,LAW,LIN,28.0,54.0,84.888,83.173,-1.7150000000000034,HARD,2.0,3.0,17,dry,green,9.0,9.0,12.0,12.0,
matched_pair,2026,Barcelona Grand Prix,Race,race,Racing Bulls,LAW,LIN,29.0,55.0,84.901,83.922,-0.9789999999999992,HARD,2.0,3.0,18,dry,green,9.0,9.0,12.0,12.0,
matched_pair,2026,Barcelona Grand Prix,Race,race,Racing Bulls,LAW,LIN,30.0,56.0,85.033,83.861,-1.171999999999997,HARD,2.0,3.0,19,dry,green,9.0,9.0,12.0,12.0,
matched_pair,2026,Barcelona Grand Prix,Race,race,Racing Bulls,LAW,LIN,31.0,57.0,85.103,83.615,-1.4879999999999995,HARD,2.0,3.0,20,dry,green,9.0,9.0,12.0,12.0,
matched_pair,2026,Barcelona Grand Prix,Race,race,Racing Bulls,LAW,LIN,32.0,58.0,85.134,83.555,-1.5789999999999935,HARD,2.0,3.0,21,dry,green,9.0,9.0,12.0,12.0,
matched_pair,2026,Barcelona Grand Prix,Race,race,Racing Bulls,LAW,LIN,33.0,59.0,85.27,83.687,-1.5829999999999984,HARD,2.0,3.0,22,dry,green,9.0,9.0,12.0,12.0,
matched_pair,2026,Barcelona Grand Prix,Race,race,Racing Bulls,LAW,LIN,34.0,60.0,85.306,83.913,-1.3930000000000007,HARD,2.0,3.0,23,dry,green,9.0,9.0,12.0,12.0,
matched_pair,2026,Barcelona Grand Prix,Race,race,Racing Bulls,LAW,LIN,2.0,2.0,83.785,84.617,0.8320000000000078,MEDIUM,1.0,1.0,2,dry,green,8.0,8.0,9.0,10.0,
matched_pair,2026,Barcelona Grand Prix,Race,race,Racing Bulls,LAW,LIN,3.0,3.0,83.74,84.071,0.33100000000000307,MEDIUM,1.0,1.0,3,dry,green,8.0,8.0,10.0,10.0,
matched_pair,2026,Barcelona Grand Prix,Race,race,Racing Bulls,LAW,LIN,4.0,4.0,83.868,84.305,0.4370000000000118,MEDIUM,1.0,1.0,4,dry,green,8.0,8.0,10.0,10.0,
matched_pair,2026,Barcelona Grand Prix,Race,race,Racing Bulls,LAW,LIN,5.0,5.0,84.374,84.576,0.20199999999999818,MEDIUM,1.0,1.0,5,dry,green,8.0,8.0,10.0,10.0,
matched_pair,2026,Barcelona Grand Prix,Race,race,Racing Bulls,LAW,LIN,6.0,6.0,85.203,85.414,0.21099999999999852,MEDIUM,1.0,1.0,6,dry,green,8.0,8.0,10.0,10.0,
matched_pair,2026,Barcelona Grand Prix,Race,race,Racing Bulls,LAW,LIN,7.0,7.0,84.783,85.526,0.742999999999995,MEDIUM,1.0,1.0,7,dry,green,8.0,8.0,10.0,10.0,
matched_pair,2026,Barcelona Grand Prix,Race,race,Racing Bulls,LAW,LIN,8.0,8.0,85.309,85.468,0.15900000000000603,MEDIUM,1.0,1.0,8,dry,green,8.0,8.0,10.0,10.0,
matched_pair,2026,Barcelona Grand Prix,Race,race,Racing Bulls,LAW,LIN,9.0,9.0,85.185,85.793,0.6080000000000041,MEDIUM,1.0,1.0,9,dry,green,8.0,8.0,10.0,10.0,
matched_pair,2026,Barcelona Grand Prix,Race,race,Racing Bulls,LAW,LIN,10.0,10.0,85.289,86.713,1.4239999999999924,MEDIUM,1.0,1.0,10,dry,green,8.0,8.0,10.0,11.0,
matched_pair,2026,Barcelona Grand Prix,Race,race,Red Bull Racing,HAD,VER,17.0,31.0,82.786,81.222,-1.5640000000000072,HARD,2.0,3.0,2,dry,green,11.0,9.0,7.0,7.0,
matched_pair,2026,Barcelona Grand Prix,Race,race,Red Bull Racing,HAD,VER,18.0,32.0,81.835,81.72,-0.11499999999999488,HARD,2.0,3.0,3,dry,green,9.0,9.0,7.0,7.0,
matched_pair,2026,Barcelona Grand Prix,Race,race,Red Bull Racing,HAD,VER,19.0,33.0,82.223,81.545,-0.6779999999999973,HARD,2.0,3.0,4,dry,green,9.0,9.0,7.0,7.0,
matched_pair,2026,Barcelona Grand Prix,Race,race,Red Bull Racing,HAD,VER,20.0,34.0,83.578,81.829,-1.7490000000000094,HARD,2.0,3.0,5,dry,green,9.0,9.0,7.0,7.0,
matched_pair,2026,Barcelona Grand Prix,Race,race,Red Bull Racing,HAD,VER,21.0,35.0,82.92,81.774,-1.1460000000000008,HARD,2.0,3.0,6,dry,green,9.0,8.0,7.0,7.0,
matched_pair,2026,Barcelona Grand Prix,Race,race,Red Bull Racing,HAD,VER,22.0,36.0,82.778,82.121,-0.6570000000000107,HARD,2.0,3.0,7,dry,green,8.0,8.0,7.0,7.0,
matched_pair,2026,Barcelona Grand Prix,Race,race,Red Bull Racing,HAD,VER,23.0,37.0,82.951,81.884,-1.066999999999993,HARD,2.0,3.0,8,dry,green,8.0,8.0,7.0,6.0,
matched_pair,2026,Barcelona Grand Prix,Race,race,Red Bull Racing,HAD,VER,24.0,38.0,82.994,81.92,-1.073999999999998,HARD,2.0,3.0,9,dry,green,8.0,8.0,6.0,6.0,
matched_pair,2026,Barcelona Grand Prix,Race,race,Red Bull Racing,HAD,VER,25.0,39.0,83.272,82.098,-1.1740000000000066,HARD,2.0,3.0,10,dry,green,8.0,8.0,6.0,6.0,
matched_pair,2026,Barcelona Grand Prix,Race,race,Red Bull Racing,HAD,VER,2.0,14.0,84.536,81.904,-2.632000000000005,MEDIUM,1.0,2.0,2,dry,green,14.0,14.0,8.0,7.0,
matched_pair,2026,Barcelona Grand Prix,Race,race,Red Bull Racing,HAD,VER,3.0,15.0,83.843,81.917,-1.926000000000002,MEDIUM,1.0,2.0,3,dry,green,14.0,13.0,7.0,6.0,
matched_pair,2026,Barcelona Grand Prix,Race,race,Red Bull Racing,HAD,VER,4.0,16.0,84.407,82.198,-2.209000000000003,MEDIUM,1.0,2.0,4,dry,green,13.0,13.0,6.0,6.0,
matched_pair,2026,Barcelona Grand Prix,Race,race,Red Bull Racing,HAD,VER,5.0,17.0,84.798,82.32,-2.4780000000000086,MEDIUM,1.0,2.0,5,dry,green,13.0,13.0,6.0,5.0,
matched_pair,2026,Barcelona Grand Prix,Race,race,Red Bull Racing,HAD,VER,6.0,18.0,84.499,82.487,-2.0120000000000005,MEDIUM,1.0,2.0,6,dry,green,13.0,12.0,5.0,5.0,
matched_pair,2026,Barcelona Grand Prix,Race,race,Red Bull Racing,HAD,VER,7.0,19.0,84.577,82.523,-2.054000000000002,MEDIUM,1.0,2.0,7,dry,green,12.0,11.0,5.0,5.0,
matched_pair,2026,Barcelona Grand Prix,Race,race,Red Bull Racing,HAD,VER,10.0,22.0,84.509,82.821,-1.6880000000000024,MEDIUM,1.0,2.0,10,dry,green,11.0,10.0,5.0,5.0,
matched_pair,2026,Barcelona Grand Prix,Race,race,Red Bull Racing,HAD,VER,11.0,23.0,84.531,82.807,-1.7240000000000038,MEDIUM,1.0,2.0,11,dry,green,10.0,9.0,5.0,5.0,
matched_pair,2026,Barcelona Grand Prix,Race,race,Red Bull Racing,HAD,VER,12.0,24.0,85.087,82.811,-2.2759999999999962,MEDIUM,1.0,2.0,12,dry,green,9.0,9.0,5.0,5.0,
matched_pair,2026,Barcelona Grand Prix,Race,race,Red Bull Racing,HAD,VER,13.0,25.0,85.071,83.054,-2.016999999999996,MEDIUM,1.0,2.0,13,dry,green,9.0,7.0,5.0,5.0,
matched_pair,2026,Barcelona Grand Prix,Race,race,Red Bull Racing,HAD,VER,14.0,26.0,85.294,83.212,-2.0819999999999936,MEDIUM,1.0,2.0,14,dry,green,7.0,8.0,5.0,5.0,
matched_pair,2026,Barcelona Grand Prix,Race,race,Red Bull Racing,HAD,VER,60.0,2.0,80.15,82.628,2.4779999999999944,SOFT,4.0,1.0,2,dry,green,8.0,8.0,5.0,5.0,
matched_pair,2026,Barcelona Grand Prix,Race,race,Williams,ALB,SAI,15.0,16.0,84.482,84.098,-0.38400000000000034,HARD,2.0,2.0,2,dry,green,20.0,19.0,17.0,15.0,
matched_pair,2026,Barcelona Grand Prix,Race,race,Williams,ALB,SAI,31.0,32.0,84.343,83.619,-0.7240000000000038,HARD,3.0,3.0,2,dry,green,18.0,18.0,16.0,16.0,
matched_pair,2026,Barcelona Grand Prix,Race,race,Williams,ALB,SAI,16.0,17.0,84.973,84.437,-0.5360000000000014,HARD,2.0,2.0,3,dry,green,19.0,18.0,15.0,15.0,
matched_pair,2026,Barcelona Grand Prix,Race,race,Williams,ALB,SAI,32.0,33.0,83.803,83.969,0.16599999999999682,HARD,3.0,3.0,3,dry,green,18.0,17.0,16.0,16.0,
matched_pair,2026,Barcelona Grand Prix,Race,race,Williams,ALB,SAI,17.0,18.0,85.538,84.198,-1.3400000000000034,HARD,2.0,2.0,4,dry,green,18.0,19.0,15.0,15.0,
matched_pair,2026,Barcelona Grand Prix,Race,race,Williams,ALB,SAI,33.0,34.0,84.379,84.493,0.11399999999999011,HARD,3.0,3.0,4,dry,green,17.0,17.0,16.0,14.0,
matched_pair,2026,Barcelona Grand Prix,Race,race,Williams,ALB,SAI,18.0,19.0,84.969,84.261,-0.7079999999999984,HARD,2.0,2.0,5,dry,green,19.0,19.0,15.0,14.0,
matched_pair,2026,Barcelona Grand Prix,Race,race,Williams,ALB,SAI,19.0,20.0,85.022,84.41,-0.612000000000009,HARD,2.0,2.0,6,dry,green,19.0,17.0,14.0,14.0,
matched_pair,2026,Barcelona Grand Prix,Race,race,Williams,ALB,SAI,20.0,21.0,85.443,84.599,-0.8439999999999941,HARD,2.0,2.0,7,dry,green,17.0,17.0,14.0,14.0,
matched_pair,2026,Barcelona Grand Prix,Race,race,Williams,ALB,SAI,21.0,22.0,85.217,84.847,-0.37000000000000455,HARD,2.0,2.0,8,dry,green,17.0,17.0,14.0,14.0,
matched_pair,2026,Barcelona Grand Prix,Race,race,Williams,ALB,SAI,22.0,23.0,85.301,84.723,-0.578000000000003,HARD,2.0,2.0,9,dry,green,17.0,17.0,14.0,13.0,
matched_pair,2026,Barcelona Grand Prix,Race,race,Williams,ALB,SAI,23.0,24.0,85.909,85.043,-0.8659999999999997,HARD,2.0,2.0,10,dry,green,17.0,18.0,13.0,13.0,
matched_pair,2026,Barcelona Grand Prix,Race,race,Williams,ALB,SAI,26.0,27.0,85.213,85.102,-0.11099999999999,HARD,2.0,2.0,13,dry,green,18.0,18.0,13.0,13.0,
matched_pair,2026,Barcelona Grand Prix,Race,race,Williams,ALB,SAI,27.0,44.0,85.467,84.72,-0.7469999999999999,HARD,2.0,3.0,14,dry,green,18.0,18.0,12.0,12.0,
matched_pair,2026,Barcelona Grand Prix,Race,race,Williams,ALB,SAI,2.0,57.0,85.305,82.28,-3.0250000000000057,MEDIUM,1.0,4.0,2,dry,green,18.0,18.0,16.0,15.0,
matched_pair,2026,Barcelona Grand Prix,Race,race,Williams,ALB,SAI,3.0,58.0,85.324,82.061,-3.262999999999991,MEDIUM,1.0,4.0,3,dry,green,18.0,18.0,15.0,15.0,
matched_pair,2026,Barcelona Grand Prix,Race,race,Williams,ALB,SAI,4.0,59.0,85.32,82.255,-3.0649999999999977,MEDIUM,1.0,4.0,4,dry,green,18.0,18.0,15.0,15.0,
matched_pair,2026,Barcelona Grand Prix,Race,race,Williams,ALB,SAI,36.0,2.0,83.151,84.786,1.6350000000000051,SOFT,4.0,1.0,2,dry,green,19.0,19.0,13.0,13.0,
matched_pair,2026,Barcelona Grand Prix,Race,race,Williams,ALB,SAI,37.0,3.0,83.195,85.319,2.1240000000000094,SOFT,4.0,1.0,3,dry,green,19.0,19.0,13.0,14.0,
matched_pair,2026,Barcelona Grand Prix,Race,race,Williams,ALB,SAI,38.0,4.0,83.194,84.723,1.5289999999999964,SOFT,4.0,1.0,4,dry,green,19.0,18.0,14.0,14.0,
matched_pair,2026,Barcelona Grand Prix,Race,race,Williams,ALB,SAI,39.0,5.0,83.287,84.999,1.711999999999989,SOFT,4.0,1.0,5,dry,green,18.0,18.0,14.0,14.0,
matched_pair,2026,Barcelona Grand Prix,Race,race,Williams,ALB,SAI,40.0,6.0,83.573,85.278,1.7050000000000125,SOFT,4.0,1.0,6,dry,green,18.0,18.0,14.0,14.0,
matched_pair,2026,Barcelona Grand Prix,Race,race,Williams,ALB,SAI,41.0,7.0,83.41,85.568,2.1580000000000013,SOFT,4.0,1.0,7,dry,green,18.0,18.0,14.0,14.0,
matched_pair,2026,Barcelona Grand Prix,Race,race,Williams,ALB,SAI,42.0,8.0,83.602,85.756,2.1539999999999964,SOFT,4.0,1.0,8,dry,green,18.0,18.0,14.0,14.0,
matched_pair,2026,Barcelona Grand Prix,Race,race,Williams,ALB,SAI,44.0,10.0,83.69,86.141,2.4510000000000076,SOFT,4.0,1.0,10,dry,green,18.0,18.0,14.0,14.0,
matched_pair,2026,Barcelona Grand Prix,Race,race,Williams,ALB,SAI,45.0,11.0,83.638,86.396,2.7579999999999956,SOFT,4.0,1.0,11,dry,green,18.0,18.0,14.0,14.0,
matched_pair,2026,Barcelona Grand Prix,Race,race,Williams,ALB,SAI,47.0,13.0,84.152,86.28,2.128,SOFT,4.0,1.0,13,dry,green,18.0,18.0,13.0,12.0,
matched_pair,2026,Barcelona Grand Prix,Qualifying,qualifying,Alpine,COL,GAS,8.0,8.0,77.376,77.626,0.25,SOFT,3.0,3.0,2,dry,green,,,,,
matched_pair,2026,Barcelona Grand Prix,Qualifying,qualifying,Alpine,COL,GAS,11.0,11.0,76.191,76.261,0.06999999999999318,SOFT,4.0,4.0,2,dry,green,,,,,
matched_pair,2026,Barcelona Grand Prix,Qualifying,qualifying,Alpine,COL,GAS,2.0,2.0,77.225,77.08,-0.14499999999999602,SOFT,1.0,1.0,2,dry,green,,,,,
matched_pair,2026,Barcelona Grand Prix,Qualifying,qualifying,Alpine,COL,GAS,5.0,5.0,76.59,76.599,0.009000000000000341,SOFT,2.0,2.0,2,dry,green,,,,,
skipped_pair,2026,Barcelona Grand Prix,Qualifying,qualifying,Aston Martin,ALO,STR,,,,,,,,,,,,,,,,insufficient_matched_pairs
matched_pair,2026,Barcelona Grand Prix,Qualifying,qualifying,Audi,BOR,HUL,5.0,8.0,76.66,76.922,0.26200000000000045,SOFT,2.0,3.0,2,dry,green,,,,,
matched_pair,2026,Barcelona Grand Prix,Qualifying,qualifying,Audi,BOR,HUL,8.0,11.0,76.001,75.768,-0.2330000000000041,SOFT,3.0,4.0,2,dry,green,,,,,
matched_pair,2026,Barcelona Grand Prix,Qualifying,qualifying,Audi,BOR,HUL,2.0,2.0,76.616,76.954,0.33799999999999386,SOFT,1.0,1.0,2,dry,green,,,,,
skipped_pair,2026,Barcelona Grand Prix,Qualifying,qualifying,Cadillac,BOT,PER,,,,,,,,,,,,,,,,insufficient_matched_pairs
skipped_pair,2026,Barcelona Grand Prix,Qualifying,qualifying,Ferrari,HAM,LEC,,,,,,,,,,,,,,,,insufficient_matched_pairs
matched_pair,2026,Barcelona Grand Prix,Qualifying,qualifying,Haas F1 Team,BEA,OCO,2.0,2.0,78.216,78.171,-0.044999999999987494,MEDIUM,1.0,1.0,2,dry,green,,,,,
matched_pair,2026,Barcelona Grand Prix,Qualifying,qualifying,Haas F1 Team,BEA,OCO,5.0,5.0,77.444,78.136,0.6919999999999931,SOFT,2.0,2.0,2,dry,green,,,,,
matched_pair,2026,Barcelona Grand Prix,Qualifying,qualifying,Haas F1 Team,BEA,OCO,8.0,8.0,76.571,77.073,0.5019999999999953,SOFT,3.0,3.0,2,dry,green,,,,,
matched_pair,2026,Barcelona Grand Prix,Qualifying,qualifying,McLaren,NOR,PIA,13.0,14.0,75.001,75.09,0.08899999999999864,SOFT,5.0,5.0,2,dry,green,,,,,
matched_pair,2026,Barcelona Grand Prix,Qualifying,qualifying,McLaren,NOR,PIA,5.0,5.0,76.021,76.352,0.33100000000000307,SOFT,2.0,2.0,2,dry,green,,,,,
matched_pair,2026,Barcelona Grand Prix,Qualifying,qualifying,McLaren,NOR,PIA,8.0,8.0,75.361,75.518,0.15699999999999648,SOFT,3.0,3.0,2,dry,green,,,,,
matched_pair,2026,Barcelona Grand Prix,Qualifying,qualifying,Mercedes,ANT,RUS,10.0,9.0,75.414,75.145,-0.26900000000000546,SOFT,4.0,4.0,2,dry,green,,,,,
matched_pair,2026,Barcelona Grand Prix,Qualifying,qualifying,Mercedes,ANT,RUS,13.0,12.0,74.998,74.679,-0.3190000000000026,SOFT,5.0,5.0,2,dry,green,,,,,
matched_pair,2026,Barcelona Grand Prix,Qualifying,qualifying,Mercedes,ANT,RUS,5.0,5.0,75.295,75.228,-0.06700000000000728,SOFT,2.0,2.0,2,dry,green,,,,,
skipped_pair,2026,Barcelona Grand Prix,Qualifying,qualifying,Racing Bulls,LAW,LIN,,,,,,,,,,,,,,,,insufficient_matched_pairs
matched_pair,2026,Barcelona Grand Prix,Qualifying,qualifying,Red Bull Racing,HAD,VER,10.0,11.0,75.65,75.021,-0.6290000000000049,SOFT,4.0,4.0,2,dry,green,,,,,
matched_pair,2026,Barcelona Grand Prix,Qualifying,qualifying,Red Bull Racing,HAD,VER,5.0,5.0,75.754,75.484,-0.27000000000001023,SOFT,2.0,2.0,2,dry,green,,,,,
matched_pair,2026,Barcelona Grand Prix,Qualifying,qualifying,Red Bull Racing,HAD,VER,2.0,2.0,76.427,76.352,-0.07500000000000284,SOFT,1.0,1.0,2,dry,green,,,,,
matched_pair,2026,Barcelona Grand Prix,Qualifying,qualifying,Williams,ALB,SAI,2.0,2.0,78.252,78.107,-0.14499999999999602,SOFT,1.0,1.0,2,dry,green,,,,,
matched_pair,2026,Barcelona Grand Prix,Qualifying,qualifying,Williams,ALB,SAI,5.0,5.0,80.269,78.173,-2.0960000000000036,SOFT,2.0,2.0,2,dry,green,,,,,
matched_pair,2026,Barcelona Grand Prix,Qualifying,qualifying,Williams,ALB,SAI,8.0,8.0,77.424,76.881,-0.5430000000000064,SOFT,3.0,3.0,2,dry,green,,,,,
matched_pair,2026,Austrian Grand Prix,Race,race,Alpine,COL,GAS,22.0,15.0,73.301,72.983,-0.31799999999999784,HARD,2.0,2.0,2,dry,green,20.0,19.0,20.0,19.0,
matched_pair,2026,Austrian Grand Prix,Race,race,Alpine,COL,GAS,27.0,20.0,72.963,72.916,-0.046999999999997044,HARD,2.0,2.0,7,dry,green,17.0,17.0,15.0,14.0,
matched_pair,2026,Austrian Grand Prix,Race,race,Alpine,COL,GAS,28.0,21.0,72.673,72.772,0.09900000000000375,HARD,2.0,2.0,8,dry,green,17.0,17.0,14.0,14.0,
matched_pair,2026,Austrian Grand Prix,Race,race,Alpine,COL,GAS,29.0,22.0,73.104,72.985,-0.11899999999999977,HARD,2.0,2.0,9,dry,green,17.0,17.0,14.0,13.0,
matched_pair,2026,Austrian Grand Prix,Race,race,Alpine,COL,GAS,34.0,27.0,73.108,73.061,-0.046999999999997044,HARD,2.0,2.0,14,dry,green,15.0,15.0,12.0,12.0,
matched_pair,2026,Austrian Grand Prix,Race,race,Alpine,COL,GAS,35.0,28.0,73.265,72.923,-0.34199999999999875,HARD,2.0,2.0,15,dry,green,15.0,15.0,12.0,12.0,
matched_pair,2026,Austrian Grand Prix,Race,race,Alpine,COL,GAS,36.0,29.0,73.574,73.094,-0.480000000000004,HARD,2.0,2.0,16,dry,green,15.0,15.0,12.0,12.0,
matched_pair,2026,Austrian Grand Prix,Race,race,Alpine,COL,GAS,38.0,31.0,73.642,73.156,-0.48599999999999,HARD,2.0,2.0,18,dry,green,15.0,15.0,12.0,12.0,
matched_pair,2026,Austrian Grand Prix,Race,race,Alpine,COL,GAS,39.0,32.0,74.048,73.184,-0.8640000000000043,HARD,2.0,2.0,19,dry,green,15.0,15.0,12.0,12.0,
matched_pair,2026,Austrian Grand Prix,Race,race,Alpine,COL,GAS,40.0,33.0,73.611,73.464,-0.14700000000000557,HARD,2.0,2.0,20,dry,green,15.0,15.0,12.0,12.0,
matched_pair,2026,Austrian Grand Prix,Race,race,Alpine,COL,GAS,2.0,2.0,74.754,74.455,-0.2990000000000066,MEDIUM,1.0,1.0,2,dry,green,20.0,19.0,13.0,13.0,
matched_pair,2026,Austrian Grand Prix,Race,race,Alpine,COL,GAS,48.0,40.0,72.326,72.259,-0.06699999999999307,MEDIUM,3.0,3.0,2,dry,green,17.0,17.0,14.0,14.0,
matched_pair,2026,Austrian Grand Prix,Race,race,Alpine,COL,GAS,3.0,3.0,74.423,73.713,-0.710000000000008,MEDIUM,1.0,1.0,3,dry,green,19.0,19.0,13.0,13.0,
matched_pair,2026,Austrian Grand Prix,Race,race,Alpine,COL,GAS,49.0,41.0,71.795,72.291,0.4959999999999951,MEDIUM,3.0,3.0,3,dry,green,17.0,16.0,14.0,14.0,
matched_pair,2026,Austrian Grand Prix,Race,race,Alpine,COL,GAS,4.0,4.0,73.852,74.015,0.1629999999999967,MEDIUM,1.0,1.0,4,dry,green,19.0,18.0,13.0,13.0,
matched_pair,2026,Austrian Grand Prix,Race,race,Alpine,COL,GAS,50.0,42.0,72.494,72.583,0.08899999999999864,MEDIUM,3.0,3.0,4,dry,green,16.0,16.0,14.0,14.0,
matched_pair,2026,Austrian Grand Prix,Race,race,Alpine,COL,GAS,5.0,5.0,75.1,74.023,-1.0769999999999982,MEDIUM,1.0,1.0,5,dry,green,18.0,18.0,13.0,13.0,
matched_pair,2026,Austrian Grand Prix,Race,race,Alpine,COL,GAS,6.0,6.0,74.183,74.065,-0.11800000000000921,MEDIUM,1.0,1.0,6,dry,green,18.0,18.0,13.0,13.0,
matched_pair,2026,Austrian Grand Prix,Race,race,Alpine,COL,GAS,52.0,44.0,72.496,72.371,-0.125,MEDIUM,3.0,3.0,6,dry,green,16.0,16.0,13.0,13.0,
matched_pair,2026,Austrian Grand Prix,Race,race,Alpine,COL,GAS,7.0,7.0,74.111,74.705,0.5939999999999941,MEDIUM,1.0,1.0,7,dry,green,18.0,18.0,13.0,13.0,
matched_pair,2026,Austrian Grand Prix,Race,race,Alpine,COL,GAS,8.0,8.0,74.651,74.513,-0.13799999999999102,MEDIUM,1.0,1.0,8,dry,green,18.0,18.0,13.0,13.0,
matched_pair,2026,Austrian Grand Prix,Race,race,Alpine,COL,GAS,54.0,46.0,72.385,72.366,-0.019000000000005457,MEDIUM,3.0,3.0,8,dry,green,16.0,15.0,13.0,12.0,
matched_pair,2026,Austrian Grand Prix,Race,race,Alpine,COL,GAS,9.0,9.0,75.262,74.864,-0.39799999999999613,MEDIUM,1.0,1.0,9,dry,green,18.0,18.0,13.0,13.0,
matched_pair,2026,Austrian Grand Prix,Race,race,Alpine,COL,GAS,55.0,47.0,72.361,72.967,0.6059999999999945,MEDIUM,3.0,3.0,9,dry,green,15.0,15.0,12.0,12.0,
matched_pair,2026,Austrian Grand Prix,Race,race,Alpine,COL,GAS,10.0,10.0,75.314,75.154,-0.1599999999999966,MEDIUM,1.0,1.0,10,dry,green,18.0,18.0,13.0,13.0,
matched_pair,2026,Austrian Grand Prix,Race,race,Alpine,COL,GAS,57.0,49.0,72.287,72.557,0.269999999999996,MEDIUM,3.0,3.0,11,dry,green,15.0,15.0,12.0,12.0,
matched_pair,2026,Austrian Grand Prix,Race,race,Alpine,COL,GAS,12.0,12.0,75.488,74.943,-0.5450000000000017,MEDIUM,1.0,1.0,12,dry,green,18.0,18.0,13.0,13.0,
matched_pair,2026,Austrian Grand Prix,Race,race,Alpine,COL,GAS,58.0,50.0,72.149,72.686,0.5370000000000061,MEDIUM,3.0,3.0,12,dry,green,15.0,15.0,12.0,12.0,
matched_pair,2026,Austrian Grand Prix,Race,race,Aston Martin,ALO,STR,2.0,2.0,75.948,76.042,0.0940000000000083,MEDIUM,1.0,1.0,2,dry,green,19.0,20.0,22.0,21.0,
matched_pair,2026,Austrian Grand Prix,Race,race,Aston Martin,ALO,STR,3.0,3.0,74.905,75.015,0.10999999999999943,MEDIUM,1.0,1.0,3,dry,green,20.0,20.0,21.0,21.0,
matched_pair,2026,Austrian Grand Prix,Race,race,Aston Martin,ALO,STR,4.0,4.0,75.429,75.217,-0.2120000000000033,MEDIUM,1.0,1.0,4,dry,green,20.0,19.0,21.0,20.0,
matched_pair,2026,Austrian Grand Prix,Race,race,Aston Martin,ALO,STR,5.0,5.0,74.923,74.987,0.06399999999999295,MEDIUM,1.0,1.0,5,dry,green,19.0,19.0,20.0,20.0,
matched_pair,2026,Austrian Grand Prix,Race,race,Aston Martin,ALO,STR,6.0,6.0,75.018,74.995,-0.022999999999996135,MEDIUM,1.0,1.0,6,dry,green,19.0,19.0,20.0,20.0,
matched_pair,2026,Austrian Grand Prix,Race,race,Aston Martin,ALO,STR,7.0,7.0,75.227,75.59,0.36299999999999955,MEDIUM,1.0,1.0,7,dry,green,19.0,19.0,20.0,20.0,
matched_pair,2026,Austrian Grand Prix,Race,race,Aston Martin,ALO,STR,8.0,8.0,75.257,75.485,0.22799999999999443,MEDIUM,1.0,1.0,8,dry,green,19.0,19.0,20.0,20.0,
matched_pair,2026,Austrian Grand Prix,Race,race,Aston Martin,ALO,STR,9.0,9.0,75.554,75.455,-0.09900000000000375,MEDIUM,1.0,1.0,9,dry,green,19.0,19.0,20.0,20.0,
matched_pair,2026,Austrian Grand Prix,Race,race,Aston Martin,ALO,STR,10.0,10.0,75.756,75.64,-0.11599999999999966,MEDIUM,1.0,1.0,10,dry,green,19.0,19.0,20.0,20.0,
matched_pair,2026,Austrian Grand Prix,Race,race,Aston Martin,ALO,STR,11.0,11.0,75.881,75.956,0.07500000000000284,MEDIUM,1.0,1.0,11,dry,green,19.0,19.0,20.0,20.0,
matched_pair,2026,Austrian Grand Prix,Race,race,Aston Martin,ALO,STR,12.0,12.0,75.723,75.835,0.11199999999999477,MEDIUM,1.0,1.0,12,dry,green,19.0,19.0,20.0,20.0,
matched_pair,2026,Austrian Grand Prix,Race,race,Aston Martin,ALO,STR,13.0,13.0,75.941,75.717,-0.22400000000000375,MEDIUM,1.0,1.0,13,dry,green,19.0,19.0,20.0,20.0,
matched_pair,2026,Austrian Grand Prix,Race,race,Aston Martin,ALO,STR,14.0,14.0,75.946,75.964,0.018000000000000682,MEDIUM,1.0,1.0,14,dry,green,19.0,18.0,20.0,19.0,
matched_pair,2026,Austrian Grand Prix,Race,race,Aston Martin,ALO,STR,15.0,15.0,75.804,75.826,0.02199999999999136,MEDIUM,1.0,1.0,15,dry,green,18.0,17.0,19.0,18.0,
matched_pair,2026,Austrian Grand Prix,Race,race,Aston Martin,ALO,STR,16.0,16.0,75.789,76.64,0.8509999999999991,MEDIUM,1.0,1.0,16,dry,green,17.0,17.0,18.0,19.0,
matched_pair,2026,Austrian Grand Prix,Race,race,Aston Martin,ALO,STR,17.0,17.0,76.338,75.683,-0.6549999999999869,MEDIUM,1.0,1.0,17,dry,green,17.0,18.0,19.0,19.0,
matched_pair,2026,Austrian Grand Prix,Race,race,Aston Martin,ALO,STR,18.0,18.0,75.715,75.879,0.16400000000000148,MEDIUM,1.0,1.0,18,dry,green,18.0,18.0,19.0,19.0,
matched_pair,2026,Austrian Grand Prix,Race,race,Aston Martin,ALO,STR,19.0,19.0,75.875,76.515,0.6400000000000006,MEDIUM,1.0,1.0,19,dry,green,18.0,16.0,19.0,18.0,
matched_pair,2026,Austrian Grand Prix,Race,race,Aston Martin,ALO,STR,20.0,20.0,76.185,76.451,0.26599999999999113,MEDIUM,1.0,1.0,20,dry,green,16.0,17.0,18.0,19.0,
matched_pair,2026,Austrian Grand Prix,Race,race,Aston Martin,ALO,STR,26.0,26.0,74.944,74.671,-0.27299999999999613,SOFT,2.0,2.0,2,dry,green,18.0,18.0,19.0,19.0,
matched_pair,2026,Austrian Grand Prix,Race,race,Aston Martin,ALO,STR,28.0,28.0,75.591,74.161,-1.4299999999999926,SOFT,2.0,2.0,4,dry,green,18.0,18.0,19.0,19.0,
matched_pair,2026,Austrian Grand Prix,Race,race,Aston Martin,ALO,STR,29.0,29.0,75.61,75.246,-0.3640000000000043,SOFT,2.0,2.0,5,dry,green,18.0,18.0,19.0,19.0,
matched_pair,2026,Austrian Grand Prix,Race,race,Aston Martin,ALO,STR,30.0,30.0,73.997,73.796,-0.2009999999999934,SOFT,2.0,2.0,6,dry,green,18.0,18.0,19.0,19.0,
matched_pair,2026,Austrian Grand Prix,Race,race,Aston Martin,ALO,STR,31.0,31.0,75.128,74.006,-1.1219999999999999,SOFT,2.0,2.0,7,dry,green,18.0,18.0,19.0,19.0,
matched_pair,2026,Austrian Grand Prix,Race,race,Aston Martin,ALO,STR,32.0,32.0,74.869,74.101,-0.7680000000000007,SOFT,2.0,2.0,8,dry,green,18.0,18.0,19.0,19.0,
matched_pair,2026,Austrian Grand Prix,Race,race,Aston Martin,ALO,STR,33.0,33.0,75.24,74.416,-0.8239999999999981,SOFT,2.0,2.0,9,dry,green,18.0,18.0,19.0,19.0,
matched_pair,2026,Austrian Grand Prix,Race,race,Aston Martin,ALO,STR,34.0,34.0,75.439,74.224,-1.2149999999999892,SOFT,2.0,2.0,10,dry,green,18.0,18.0,19.0,19.0,
matched_pair,2026,Austrian Grand Prix,Race,race,Aston Martin,ALO,STR,35.0,35.0,75.632,74.355,-1.277000000000001,SOFT,2.0,2.0,11,dry,green,18.0,18.0,19.0,19.0,
matched_pair,2026,Austrian Grand Prix,Race,race,Aston Martin,ALO,STR,36.0,36.0,75.213,74.615,-0.597999999999999,SOFT,2.0,2.0,12,dry,green,18.0,18.0,19.0,19.0,
matched_pair,2026,Austrian Grand Prix,Race,race,Aston Martin,ALO,STR,62.0,37.0,73.519,74.863,1.343999999999994,SOFT,3.0,2.0,13,dry,green,18.0,18.0,19.0,18.0,
matched_pair,2026,Austrian Grand Prix,Race,race,Aston Martin,ALO,STR,39.0,39.0,74.707,74.619,-0.08799999999999386,SOFT,2.0,2.0,15,dry,green,19.0,19.0,18.0,18.0,
matched_pair,2026,Austrian Grand Prix,Race,race,Aston Martin,ALO,STR,40.0,40.0,75.383,74.584,-0.7989999999999924,SOFT,2.0,2.0,16,dry,green,19.0,19.0,18.0,18.0,
matched_pair,2026,Austrian Grand Prix,Race,race,Aston Martin,ALO,STR,42.0,42.0,74.917,74.654,-0.26300000000000523,SOFT,2.0,2.0,18,dry,green,19.0,19.0,18.0,18.0,
matched_pair,2026,Austrian Grand Prix,Race,race,Aston Martin,ALO,STR,43.0,43.0,74.576,74.641,0.06500000000001194,SOFT,2.0,2.0,19,dry,green,19.0,19.0,18.0,18.0,
matched_pair,2026,Austrian Grand Prix,Race,race,Aston Martin,ALO,STR,44.0,44.0,74.541,74.53,-0.01099999999999568,SOFT,2.0,2.0,20,dry,green,19.0,19.0,18.0,18.0,
matched_pair,2026,Austrian Grand Prix,Race,race,Audi,BOR,HUL,46.0,47.0,72.136,72.534,0.39800000000001035,HARD,3.0,3.0,2,dry,green,12.0,11.0,13.0,13.0,
matched_pair,2026,Austrian Grand Prix,Race,race,Audi,BOR,HUL,47.0,48.0,72.131,72.446,0.3149999999999977,HARD,3.0,3.0,3,dry,green,11.0,11.0,13.0,13.0,
matched_pair,2026,Austrian Grand Prix,Race,race,Audi,BOR,HUL,48.0,49.0,72.313,72.255,-0.058000000000006935,HARD,3.0,3.0,4,dry,green,11.0,11.0,13.0,13.0,
matched_pair,2026,Austrian Grand Prix,Race,race,Audi,BOR,HUL,49.0,50.0,72.125,73.623,1.4980000000000047,HARD,3.0,3.0,5,dry,green,11.0,11.0,13.0,13.0,
matched_pair,2026,Austrian Grand Prix,Race,race,Audi,BOR,HUL,53.0,54.0,72.1,71.722,-0.3780000000000001,HARD,3.0,3.0,9,dry,green,11.0,11.0,12.0,12.0,
matched_pair,2026,Austrian Grand Prix,Race,race,Audi,BOR,HUL,54.0,55.0,72.171,71.634,-0.5370000000000061,HARD,3.0,3.0,10,dry,green,11.0,11.0,12.0,12.0,
matched_pair,2026,Austrian Grand Prix,Race,race,Audi,BOR,HUL,55.0,56.0,72.229,71.772,-0.45699999999999363,HARD,3.0,3.0,11,dry,green,11.0,11.0,12.0,12.0,
matched_pair,2026,Austrian Grand Prix,Race,race,Audi,BOR,HUL,57.0,58.0,72.132,72.082,-0.05000000000001137,HARD,3.0,3.0,13,dry,green,11.0,11.0,12.0,12.0,
matched_pair,2026,Austrian Grand Prix,Race,race,Audi,BOR,HUL,58.0,59.0,73.493,72.413,-1.0799999999999983,HARD,3.0,3.0,14,dry,green,11.0,11.0,12.0,12.0,
matched_pair,2026,Austrian Grand Prix,Race,race,Audi,BOR,HUL,59.0,60.0,71.866,72.796,0.9300000000000068,HARD,3.0,3.0,15,dry,green,11.0,11.0,12.0,12.0,
matched_pair,2026,Austrian Grand Prix,Race,race,Audi,BOR,HUL,61.0,62.0,72.314,72.449,0.13500000000000512,HARD,3.0,3.0,17,dry,green,11.0,11.0,12.0,12.0,
matched_pair,2026,Austrian Grand Prix,Race,race,Audi,BOR,HUL,62.0,63.0,72.451,73.081,0.6300000000000097,HARD,3.0,3.0,18,dry,green,11.0,11.0,12.0,12.0,
matched_pair,2026,Austrian Grand Prix,Race,race,Audi,BOR,HUL,64.0,65.0,72.393,72.344,-0.049000000000006594,HARD,3.0,3.0,20,dry,green,11.0,11.0,12.0,12.0,
matched_pair,2026,Austrian Grand Prix,Race,race,Audi,BOR,HUL,65.0,66.0,72.488,72.492,0.0040000000000048885,HARD,3.0,3.0,21,dry,green,11.0,11.0,12.0,12.0,
matched_pair,2026,Austrian Grand Prix,Race,race,Audi,BOR,HUL,66.0,67.0,72.929,72.301,-0.6280000000000001,HARD,3.0,3.0,22,dry,green,11.0,11.0,12.0,12.0,
matched_pair,2026,Austrian Grand Prix,Race,race,Audi,BOR,HUL,68.0,69.0,72.818,73.022,0.20400000000000773,HARD,3.0,3.0,24,dry,green,11.0,11.0,12.0,12.0,
matched_pair,2026,Austrian Grand Prix,Race,race,Audi,BOR,HUL,19.0,2.0,73.064,74.302,1.2380000000000138,MEDIUM,2.0,1.0,2,dry,green,15.0,14.0,14.0,14.0,
matched_pair,2026,Austrian Grand Prix,Race,race,Audi,BOR,HUL,20.0,3.0,72.538,73.988,1.4500000000000028,MEDIUM,2.0,1.0,3,dry,green,14.0,13.0,14.0,14.0,
matched_pair,2026,Austrian Grand Prix,Race,race,Audi,BOR,HUL,21.0,4.0,73.017,73.905,0.8880000000000052,MEDIUM,2.0,1.0,4,dry,green,13.0,11.0,14.0,14.0,
matched_pair,2026,Austrian Grand Prix,Race,race,Audi,BOR,HUL,22.0,5.0,72.981,74.026,1.0450000000000017,MEDIUM,2.0,1.0,5,dry,green,11.0,11.0,14.0,14.0,
matched_pair,2026,Austrian Grand Prix,Race,race,Audi,BOR,HUL,23.0,6.0,72.431,74.391,1.960000000000008,MEDIUM,2.0,1.0,6,dry,green,11.0,11.0,14.0,14.0,
matched_pair,2026,Austrian Grand Prix,Race,race,Audi,BOR,HUL,27.0,31.0,72.556,72.629,0.0730000000000075,MEDIUM,2.0,2.0,10,dry,green,11.0,11.0,13.0,13.0,
matched_pair,2026,Austrian Grand Prix,Race,race,Audi,BOR,HUL,28.0,32.0,72.458,72.47,0.012000000000000455,MEDIUM,2.0,2.0,11,dry,green,11.0,11.0,13.0,13.0,
matched_pair,2026,Austrian Grand Prix,Race,race,Audi,BOR,HUL,29.0,12.0,72.496,75.137,2.6410000000000053,MEDIUM,2.0,1.0,12,dry,green,11.0,11.0,14.0,14.0,
matched_pair,2026,Austrian Grand Prix,Race,race,Audi,BOR,HUL,30.0,13.0,72.771,75.169,2.397999999999996,MEDIUM,2.0,1.0,13,dry,green,11.0,11.0,14.0,13.0,
matched_pair,2026,Austrian Grand Prix,Race,race,Audi,BOR,HUL,31.0,14.0,72.88,74.773,1.8930000000000007,MEDIUM,2.0,1.0,14,dry,green,11.0,11.0,13.0,13.0,
matched_pair,2026,Austrian Grand Prix,Race,race,Audi,BOR,HUL,32.0,15.0,72.898,74.945,2.046999999999997,MEDIUM,2.0,1.0,15,dry,green,11.0,11.0,13.0,13.0,
matched_pair,2026,Austrian Grand Prix,Race,race,Audi,BOR,HUL,33.0,16.0,73.034,74.474,1.4399999999999977,MEDIUM,2.0,1.0,16,dry,green,11.0,11.0,13.0,12.0,
matched_pair,2026,Austrian Grand Prix,Race,race,Audi,BOR,HUL,34.0,38.0,73.192,72.959,-0.23299999999998988,MEDIUM,2.0,2.0,17,dry,green,11.0,11.0,13.0,12.0,
matched_pair,2026,Austrian Grand Prix,Race,race,Audi,BOR,HUL,35.0,18.0,73.366,74.765,1.399000000000001,MEDIUM,2.0,1.0,18,dry,green,11.0,11.0,12.0,11.0,
matched_pair,2026,Austrian Grand Prix,Race,race,Audi,BOR,HUL,36.0,19.0,73.252,74.434,1.1820000000000022,MEDIUM,2.0,1.0,19,dry,green,11.0,11.0,11.0,10.0,
matched_pair,2026,Austrian Grand Prix,Race,race,Audi,BOR,HUL,37.0,20.0,73.535,74.408,0.8730000000000047,MEDIUM,2.0,1.0,20,dry,green,11.0,11.0,10.0,9.0,
matched_pair,2026,Austrian Grand Prix,Race,race,Audi,BOR,HUL,38.0,42.0,73.537,72.891,-0.6460000000000008,MEDIUM,2.0,2.0,21,dry,green,11.0,11.0,12.0,12.0,
matched_pair,2026,Austrian Grand Prix,Race,race,Audi,BOR,HUL,39.0,43.0,73.355,73.058,-0.29699999999999704,MEDIUM,2.0,2.0,22,dry,green,11.0,11.0,12.0,12.0,
skipped_pair,2026,Austrian Grand Prix,Race,race,Cadillac,BOT,PER,,,,,,,,,,,,,,,,teammate_dnf_no_matched_laps
matched_pair,2026,Austrian Grand Prix,Race,race,Ferrari,HAM,LEC,14.0,39.0,72.317,71.611,-0.7059999999999889,HARD,2.0,3.0,2,dry,green,11.0,9.0,8.0,8.0,
matched_pair,2026,Austrian Grand Prix,Race,race,Ferrari,HAM,LEC,15.0,16.0,72.784,72.567,-0.21700000000001296,HARD,2.0,2.0,3,dry,green,9.0,9.0,11.0,11.0,
matched_pair,2026,Austrian Grand Prix,Race,race,Ferrari,HAM,LEC,45.0,40.0,70.946,71.701,0.7549999999999955,HARD,4.0,3.0,3,dry,green,7.0,7.0,8.0,8.0,
matched_pair,2026,Austrian Grand Prix,Race,race,Ferrari,HAM,LEC,16.0,41.0,72.318,71.055,-1.262999999999991,HARD,2.0,3.0,4,dry,green,9.0,8.0,8.0,7.0,
matched_pair,2026,Austrian Grand Prix,Race,race,Ferrari,HAM,LEC,17.0,18.0,72.491,72.591,0.09999999999999432,HARD,2.0,2.0,5,dry,green,8.0,8.0,10.0,9.0,
matched_pair,2026,Austrian Grand Prix,Race,race,Ferrari,HAM,LEC,47.0,42.0,71.292,70.916,-0.3760000000000048,HARD,4.0,3.0,5,dry,green,7.0,7.0,7.0,7.0,
matched_pair,2026,Austrian Grand Prix,Race,race,Ferrari,HAM,LEC,18.0,19.0,72.303,72.245,-0.057999999999992724,HARD,2.0,2.0,6,dry,green,8.0,7.0,9.0,7.0,
matched_pair,2026,Austrian Grand Prix,Race,race,Ferrari,HAM,LEC,48.0,43.0,71.263,71.184,-0.07900000000000773,HARD,4.0,3.0,6,dry,green,7.0,6.0,7.0,5.0,
matched_pair,2026,Austrian Grand Prix,Race,race,Ferrari,HAM,LEC,19.0,20.0,72.252,72.066,-0.18599999999999284,HARD,2.0,2.0,7,dry,green,7.0,5.0,7.0,6.0,
matched_pair,2026,Austrian Grand Prix,Race,race,Ferrari,HAM,LEC,49.0,44.0,70.999,71.165,0.16600000000001103,HARD,4.0,3.0,7,dry,green,6.0,6.0,5.0,5.0,
matched_pair,2026,Austrian Grand Prix,Race,race,Ferrari,HAM,LEC,20.0,21.0,71.887,71.661,-0.2259999999999991,HARD,2.0,2.0,8,dry,green,5.0,4.0,6.0,6.0,
matched_pair,2026,Austrian Grand Prix,Race,race,Ferrari,HAM,LEC,50.0,45.0,70.983,71.251,0.2680000000000007,HARD,4.0,3.0,8,dry,green,6.0,6.0,5.0,5.0,
matched_pair,2026,Austrian Grand Prix,Race,race,Ferrari,HAM,LEC,21.0,22.0,71.927,71.932,0.0049999999999954525,HARD,2.0,2.0,9,dry,green,4.0,3.0,6.0,5.0,
matched_pair,2026,Austrian Grand Prix,Race,race,Ferrari,HAM,LEC,51.0,46.0,71.513,71.718,0.2049999999999983,HARD,4.0,3.0,9,dry,green,6.0,6.0,5.0,5.0,
matched_pair,2026,Austrian Grand Prix,Race,race,Ferrari,HAM,LEC,23.0,48.0,72.323,72.597,0.2740000000000009,HARD,2.0,3.0,11,dry,green,4.0,4.0,5.0,5.0,
matched_pair,2026,Austrian Grand Prix,Race,race,Ferrari,HAM,LEC,54.0,49.0,71.692,71.607,-0.08499999999999375,HARD,4.0,3.0,12,dry,green,5.0,5.0,5.0,5.0,
matched_pair,2026,Austrian Grand Prix,Race,race,Ferrari,HAM,LEC,55.0,50.0,71.579,71.537,-0.04199999999998738,HARD,4.0,3.0,13,dry,green,5.0,5.0,5.0,5.0,
matched_pair,2026,Austrian Grand Prix,Race,race,Ferrari,HAM,LEC,56.0,27.0,71.317,71.905,0.5880000000000081,HARD,4.0,2.0,14,dry,green,5.0,5.0,3.0,3.0,
matched_pair,2026,Austrian Grand Prix,Race,race,Ferrari,HAM,LEC,57.0,28.0,71.231,71.737,0.5060000000000002,HARD,4.0,2.0,15,dry,green,5.0,5.0,3.0,3.0,
matched_pair,2026,Austrian Grand Prix,Race,race,Ferrari,HAM,LEC,58.0,29.0,71.306,71.995,0.6890000000000072,HARD,4.0,2.0,16,dry,green,5.0,5.0,3.0,3.0,
matched_pair,2026,Austrian Grand Prix,Race,race,Ferrari,HAM,LEC,59.0,30.0,71.384,72.682,1.2980000000000018,HARD,4.0,2.0,17,dry,green,5.0,5.0,3.0,4.0,
matched_pair,2026,Austrian Grand Prix,Race,race,Ferrari,HAM,LEC,60.0,31.0,71.398,71.859,0.4609999999999985,HARD,4.0,2.0,18,dry,green,5.0,5.0,4.0,4.0,
matched_pair,2026,Austrian Grand Prix,Race,race,Ferrari,HAM,LEC,61.0,32.0,71.469,72.044,0.5750000000000028,HARD,4.0,2.0,19,dry,green,5.0,5.0,4.0,4.0,
matched_pair,2026,Austrian Grand Prix,Race,race,Ferrari,HAM,LEC,62.0,33.0,71.8,72.345,0.5450000000000017,HARD,4.0,2.0,20,dry,green,5.0,5.0,4.0,4.0,
matched_pair,2026,Austrian Grand Prix,Race,race,Ferrari,HAM,LEC,63.0,34.0,71.505,72.316,0.811000000000007,HARD,4.0,2.0,21,dry,green,5.0,5.0,4.0,4.0,
matched_pair,2026,Austrian Grand Prix,Race,race,Ferrari,HAM,LEC,64.0,35.0,71.493,72.19,0.6970000000000027,HARD,4.0,2.0,22,dry,green,5.0,5.0,4.0,4.0,
matched_pair,2026,Austrian Grand Prix,Race,race,Ferrari,HAM,LEC,65.0,36.0,71.658,72.588,0.9299999999999926,HARD,4.0,2.0,23,dry,green,5.0,5.0,4.0,4.0,
matched_pair,2026,Austrian Grand Prix,Race,race,Ferrari,HAM,LEC,3.0,3.0,71.974,72.446,0.4719999999999942,MEDIUM,1.0,1.0,3,dry,green,2.0,2.0,4.0,4.0,
matched_pair,2026,Austrian Grand Prix,Race,race,Ferrari,HAM,LEC,4.0,4.0,71.937,71.971,0.034000000000006025,MEDIUM,1.0,1.0,4,dry,green,2.0,2.0,4.0,4.0,
matched_pair,2026,Austrian Grand Prix,Race,race,Ferrari,HAM,LEC,5.0,5.0,71.881,72.252,0.3709999999999951,MEDIUM,1.0,1.0,5,dry,green,2.0,2.0,4.0,4.0,
matched_pair,2026,Austrian Grand Prix,Race,race,Ferrari,HAM,LEC,6.0,6.0,72.446,72.216,-0.23000000000000398,MEDIUM,1.0,1.0,6,dry,green,2.0,2.0,4.0,4.0,
matched_pair,2026,Austrian Grand Prix,Race,race,Ferrari,HAM,LEC,8.0,8.0,72.541,72.717,0.17600000000000193,MEDIUM,1.0,1.0,8,dry,green,2.0,2.0,5.0,5.0,
matched_pair,2026,Austrian Grand Prix,Race,race,Ferrari,HAM,LEC,9.0,9.0,72.645,72.895,0.25,MEDIUM,1.0,1.0,9,dry,green,2.0,2.0,5.0,5.0,
matched_pair,2026,Austrian Grand Prix,Race,race,Ferrari,HAM,LEC,10.0,10.0,72.836,73.061,0.22500000000000853,MEDIUM,1.0,1.0,10,dry,green,2.0,2.0,5.0,5.0,
matched_pair,2026,Austrian Grand Prix,Race,race,Ferrari,HAM,LEC,27.0,61.0,71.284,70.87,-0.4140000000000015,SOFT,3.0,4.0,2,dry,green,7.0,7.0,8.0,8.0,
matched_pair,2026,Austrian Grand Prix,Race,race,Ferrari,HAM,LEC,29.0,63.0,71.397,70.936,-0.4609999999999985,SOFT,3.0,4.0,4,dry,green,7.0,7.0,8.0,8.0,
matched_pair,2026,Austrian Grand Prix,Race,race,Ferrari,HAM,LEC,30.0,64.0,71.85,70.878,-0.9719999999999942,SOFT,3.0,4.0,5,dry,green,7.0,6.0,8.0,8.0,
matched_pair,2026,Austrian Grand Prix,Race,race,Ferrari,HAM,LEC,31.0,65.0,71.704,71.021,-0.6829999999999927,SOFT,3.0,4.0,6,dry,green,6.0,6.0,8.0,8.0,
matched_pair,2026,Austrian Grand Prix,Race,race,Ferrari,HAM,LEC,32.0,66.0,71.59,70.684,-0.9060000000000059,SOFT,3.0,4.0,7,dry,green,6.0,6.0,8.0,8.0,
matched_pair,2026,Austrian Grand Prix,Race,race,Ferrari,HAM,LEC,33.0,67.0,71.749,70.606,-1.1430000000000007,SOFT,3.0,4.0,8,dry,green,6.0,6.0,8.0,8.0,
matched_pair,2026,Austrian Grand Prix,Race,race,Ferrari,HAM,LEC,34.0,68.0,71.496,70.713,-0.7830000000000013,SOFT,3.0,4.0,9,dry,green,6.0,6.0,8.0,8.0,
matched_pair,2026,Austrian Grand Prix,Race,race,Ferrari,HAM,LEC,35.0,69.0,71.727,70.803,-0.9240000000000066,SOFT,3.0,4.0,10,dry,green,6.0,6.0,8.0,8.0,
matched_pair,2026,Austrian Grand Prix,Race,race,Ferrari,HAM,LEC,36.0,70.0,72.13,70.998,-1.1319999999999908,SOFT,3.0,4.0,11,dry,green,6.0,6.0,8.0,8.0,
matched_pair,2026,Austrian Grand Prix,Race,race,Haas F1 Team,BEA,OCO,27.0,36.0,73.101,73.17,0.06900000000000261,HARD,2.0,3.0,3,dry,green,14.0,14.0,17.0,17.0,
matched_pair,2026,Austrian Grand Prix,Race,race,Haas F1 Team,BEA,OCO,28.0,37.0,73.102,72.979,-0.12300000000000466,HARD,2.0,3.0,4,dry,green,14.0,14.0,17.0,17.0,
matched_pair,2026,Austrian Grand Prix,Race,race,Haas F1 Team,BEA,OCO,29.0,38.0,73.025,73.275,0.25,HARD,2.0,3.0,5,dry,green,14.0,14.0,17.0,16.0,
matched_pair,2026,Austrian Grand Prix,Race,race,Haas F1 Team,BEA,OCO,30.0,39.0,73.063,73.094,0.0309999999999917,HARD,2.0,3.0,6,dry,green,14.0,14.0,16.0,16.0,
matched_pair,2026,Austrian Grand Prix,Race,race,Haas F1 Team,BEA,OCO,31.0,40.0,73.147,73.149,0.001999999999995339,HARD,2.0,3.0,7,dry,green,14.0,14.0,16.0,16.0,
matched_pair,2026,Austrian Grand Prix,Race,race,Haas F1 Team,BEA,OCO,32.0,41.0,73.075,73.565,0.4899999999999949,HARD,2.0,3.0,8,dry,green,14.0,14.0,16.0,16.0,
matched_pair,2026,Austrian Grand Prix,Race,race,Haas F1 Team,BEA,OCO,33.0,42.0,73.27,74.782,1.5120000000000005,HARD,2.0,3.0,9,dry,green,14.0,14.0,16.0,16.0,
matched_pair,2026,Austrian Grand Prix,Race,race,Haas F1 Team,BEA,OCO,35.0,44.0,73.161,73.412,0.2510000000000048,HARD,2.0,3.0,11,dry,green,14.0,14.0,16.0,16.0,
matched_pair,2026,Austrian Grand Prix,Race,race,Haas F1 Team,BEA,OCO,36.0,45.0,73.403,73.662,0.25900000000000034,HARD,2.0,3.0,12,dry,green,14.0,14.0,16.0,16.0,
matched_pair,2026,Austrian Grand Prix,Race,race,Haas F1 Team,BEA,OCO,38.0,47.0,74.08,74.927,0.8470000000000084,HARD,2.0,3.0,14,dry,green,14.0,14.0,16.0,15.0,
matched_pair,2026,Austrian Grand Prix,Race,race,Haas F1 Team,BEA,OCO,39.0,48.0,74.004,73.239,-0.7650000000000006,HARD,2.0,3.0,15,dry,green,14.0,13.0,15.0,15.0,
matched_pair,2026,Austrian Grand Prix,Race,race,Haas F1 Team,BEA,OCO,41.0,50.0,73.839,73.463,-0.3760000000000048,HARD,2.0,3.0,17,dry,green,13.0,13.0,15.0,15.0,
matched_pair,2026,Austrian Grand Prix,Race,race,Haas F1 Team,BEA,OCO,44.0,53.0,73.877,73.217,-0.6599999999999966,HARD,2.0,3.0,20,dry,green,14.0,14.0,15.0,15.0,
matched_pair,2026,Austrian Grand Prix,Race,race,Haas F1 Team,BEA,OCO,2.0,2.0,74.398,73.849,-0.5489999999999924,MEDIUM,1.0,1.0,2,dry,green,15.0,15.0,12.0,11.0,
matched_pair,2026,Austrian Grand Prix,Race,race,Haas F1 Team,BEA,OCO,3.0,3.0,74.107,73.645,-0.4620000000000033,MEDIUM,1.0,1.0,3,dry,green,15.0,15.0,11.0,11.0,
matched_pair,2026,Austrian Grand Prix,Race,race,Haas F1 Team,BEA,OCO,4.0,4.0,74.103,74.103,0.0,MEDIUM,1.0,1.0,4,dry,green,15.0,15.0,11.0,11.0,
matched_pair,2026,Austrian Grand Prix,Race,race,Haas F1 Team,BEA,OCO,49.0,22.0,73.475,73.867,0.3920000000000101,MEDIUM,3.0,2.0,4,dry,green,14.0,14.0,17.0,16.0,
matched_pair,2026,Austrian Grand Prix,Race,race,Haas F1 Team,BEA,OCO,5.0,5.0,74.17,73.793,-0.37699999999999534,MEDIUM,1.0,1.0,5,dry,green,15.0,15.0,11.0,11.0,
matched_pair,2026,Austrian Grand Prix,Race,race,Haas F1 Team,BEA,OCO,50.0,23.0,72.579,73.699,1.1200000000000045,MEDIUM,3.0,2.0,5,dry,green,14.0,14.0,16.0,16.0,
matched_pair,2026,Austrian Grand Prix,Race,race,Haas F1 Team,BEA,OCO,6.0,6.0,74.329,74.125,-0.20399999999999352,MEDIUM,1.0,1.0,6,dry,green,15.0,15.0,11.0,11.0,
matched_pair,2026,Austrian Grand Prix,Race,race,Haas F1 Team,BEA,OCO,7.0,7.0,74.492,75.075,0.5829999999999984,MEDIUM,1.0,1.0,7,dry,green,15.0,15.0,11.0,12.0,
matched_pair,2026,Austrian Grand Prix,Race,race,Haas F1 Team,BEA,OCO,8.0,8.0,74.79,74.546,-0.24399999999999977,MEDIUM,1.0,1.0,8,dry,green,15.0,15.0,12.0,12.0,
matched_pair,2026,Austrian Grand Prix,Race,race,Haas F1 Team,BEA,OCO,9.0,9.0,74.971,74.897,-0.07399999999999807,MEDIUM,1.0,1.0,9,dry,green,15.0,15.0,12.0,12.0,
matched_pair,2026,Austrian Grand Prix,Race,race,Haas F1 Team,BEA,OCO,54.0,27.0,72.207,73.308,1.1010000000000133,MEDIUM,3.0,2.0,9,dry,green,14.0,14.0,15.0,15.0,
matched_pair,2026,Austrian Grand Prix,Race,race,Haas F1 Team,BEA,OCO,55.0,10.0,72.506,75.155,2.649000000000001,MEDIUM,3.0,1.0,10,dry,green,14.0,14.0,12.0,12.0,
matched_pair,2026,Austrian Grand Prix,Race,race,Haas F1 Team,BEA,OCO,11.0,11.0,75.198,75.543,0.3450000000000131,MEDIUM,1.0,1.0,11,dry,green,15.0,15.0,12.0,12.0,
matched_pair,2026,Austrian Grand Prix,Race,race,Haas F1 Team,BEA,OCO,56.0,29.0,72.764,73.117,0.35300000000000864,MEDIUM,3.0,2.0,11,dry,green,14.0,14.0,15.0,15.0,
matched_pair,2026,Austrian Grand Prix,Race,race,Haas F1 Team,BEA,OCO,12.0,12.0,75.35,74.927,-0.4229999999999876,MEDIUM,1.0,1.0,12,dry,green,15.0,15.0,12.0,12.0,
matched_pair,2026,Austrian Grand Prix,Race,race,Haas F1 Team,BEA,OCO,57.0,30.0,72.952,73.428,0.4759999999999991,MEDIUM,3.0,2.0,12,dry,green,14.0,14.0,15.0,15.0,
matched_pair,2026,Austrian Grand Prix,Race,race,Haas F1 Team,BEA,OCO,13.0,13.0,75.003,75.144,0.14100000000000534,MEDIUM,1.0,1.0,13,dry,green,15.0,14.0,12.0,12.0,
matched_pair,2026,Austrian Grand Prix,Race,race,Haas F1 Team,BEA,OCO,58.0,31.0,72.989,73.201,0.21199999999998909,MEDIUM,3.0,2.0,13,dry,green,14.0,14.0,15.0,15.0,
matched_pair,2026,Austrian Grand Prix,Race,race,Haas F1 Team,BEA,OCO,14.0,14.0,75.366,75.494,0.1280000000000001,MEDIUM,1.0,1.0,14,dry,green,14.0,14.0,12.0,12.0,
matched_pair,2026,Austrian Grand Prix,Race,race,Haas F1 Team,BEA,OCO,59.0,32.0,73.054,73.406,0.35200000000000387,MEDIUM,3.0,2.0,14,dry,green,14.0,14.0,15.0,15.0,
matched_pair,2026,Austrian Grand Prix,Race,race,Haas F1 Team,BEA,OCO,15.0,15.0,75.041,75.154,0.11299999999999955,MEDIUM,1.0,1.0,15,dry,green,14.0,14.0,12.0,12.0,
matched_pair,2026,Austrian Grand Prix,Race,race,Haas F1 Team,BEA,OCO,16.0,16.0,74.751,75.691,0.9399999999999977,MEDIUM,1.0,1.0,16,dry,green,14.0,14.0,12.0,13.0,
matched_pair,2026,Austrian Grand Prix,Race,race,Haas F1 Team,BEA,OCO,17.0,17.0,74.709,75.477,0.7680000000000007,MEDIUM,1.0,1.0,17,dry,green,14.0,14.0,13.0,13.0,
matched_pair,2026,Austrian Grand Prix,Race,race,McLaren,NOR,PIA,23.0,21.0,72.148,71.464,-0.6839999999999975,HARD,2.0,2.0,2,dry,green,8.0,8.0,7.0,7.0,
matched_pair,2026,Austrian Grand Prix,Race,race,McLaren,NOR,PIA,49.0,44.0,70.994,70.753,-0.24099999999999966,HARD,3.0,3.0,2,dry,green,8.0,8.0,6.0,6.0,
matched_pair,2026,Austrian Grand Prix,Race,race,McLaren,NOR,PIA,50.0,22.0,70.865,71.578,0.7130000000000081,HARD,3.0,2.0,3,dry,green,8.0,8.0,7.0,6.0,
matched_pair,2026,Austrian Grand Prix,Race,race,McLaren,NOR,PIA,51.0,23.0,71.17,71.427,0.257000000000005,HARD,3.0,2.0,4,dry,green,8.0,8.0,6.0,6.0,
matched_pair,2026,Austrian Grand Prix,Race,race,McLaren,NOR,PIA,27.0,48.0,71.773,71.389,-0.38400000000000034,HARD,2.0,3.0,6,dry,green,8.0,8.0,6.0,4.0,
matched_pair,2026,Austrian Grand Prix,Race,race,McLaren,NOR,PIA,28.0,49.0,71.568,71.275,-0.29299999999999216,HARD,2.0,3.0,7,dry,green,8.0,8.0,4.0,4.0,
matched_pair,2026,Austrian Grand Prix,Race,race,McLaren,NOR,PIA,29.0,27.0,71.843,71.658,-0.18500000000000227,HARD,2.0,2.0,8,dry,green,8.0,8.0,5.0,5.0,
matched_pair,2026,Austrian Grand Prix,Race,race,McLaren,NOR,PIA,55.0,50.0,70.652,71.247,0.5949999999999989,HARD,3.0,3.0,8,dry,green,8.0,8.0,4.0,4.0,
matched_pair,2026,Austrian Grand Prix,Race,race,McLaren,NOR,PIA,30.0,28.0,71.797,71.227,-0.5699999999999932,HARD,2.0,2.0,9,dry,green,8.0,8.0,5.0,5.0,
matched_pair,2026,Austrian Grand Prix,Race,race,McLaren,NOR,PIA,56.0,51.0,70.907,71.101,0.19400000000000261,HARD,3.0,3.0,9,dry,green,8.0,8.0,4.0,4.0,
matched_pair,2026,Austrian Grand Prix,Race,race,McLaren,NOR,PIA,31.0,29.0,71.666,71.918,0.25200000000000955,HARD,2.0,2.0,10,dry,green,8.0,8.0,5.0,5.0,
matched_pair,2026,Austrian Grand Prix,Race,race,McLaren,NOR,PIA,32.0,30.0,71.593,71.149,-0.4440000000000026,HARD,2.0,2.0,11,dry,green,8.0,8.0,5.0,5.0,
matched_pair,2026,Austrian Grand Prix,Race,race,McLaren,NOR,PIA,33.0,31.0,71.542,71.768,0.2259999999999991,HARD,2.0,2.0,12,dry,green,8.0,8.0,5.0,5.0,
matched_pair,2026,Austrian Grand Prix,Race,race,McLaren,NOR,PIA,59.0,54.0,71.584,70.999,-0.585000000000008,HARD,3.0,3.0,12,dry,green,8.0,7.0,4.0,4.0,
matched_pair,2026,Austrian Grand Prix,Race,race,McLaren,NOR,PIA,34.0,32.0,71.916,71.854,-0.06199999999999761,HARD,2.0,2.0,13,dry,green,8.0,8.0,5.0,5.0,
matched_pair,2026,Austrian Grand Prix,Race,race,McLaren,NOR,PIA,60.0,55.0,71.216,71.056,-0.1599999999999966,HARD,3.0,3.0,13,dry,green,7.0,7.0,4.0,4.0,
matched_pair,2026,Austrian Grand Prix,Race,race,McLaren,NOR,PIA,35.0,33.0,71.547,71.78,0.2330000000000041,HARD,2.0,2.0,14,dry,green,8.0,8.0,5.0,5.0,
matched_pair,2026,Austrian Grand Prix,Race,race,McLaren,NOR,PIA,61.0,56.0,71.205,71.067,-0.13800000000000523,HARD,3.0,3.0,14,dry,green,7.0,7.0,4.0,4.0,
matched_pair,2026,Austrian Grand Prix,Race,race,McLaren,NOR,PIA,36.0,34.0,71.824,72.048,0.22400000000000375,HARD,2.0,2.0,15,dry,green,8.0,8.0,5.0,5.0,
matched_pair,2026,Austrian Grand Prix,Race,race,McLaren,NOR,PIA,62.0,57.0,71.586,71.335,-0.2510000000000048,HARD,3.0,3.0,15,dry,green,7.0,7.0,4.0,4.0,
matched_pair,2026,Austrian Grand Prix,Race,race,McLaren,NOR,PIA,63.0,35.0,71.385,71.941,0.5559999999999974,HARD,3.0,2.0,16,dry,green,7.0,7.0,5.0,5.0,
matched_pair,2026,Austrian Grand Prix,Race,race,McLaren,NOR,PIA,38.0,36.0,71.788,72.318,0.5300000000000011,HARD,2.0,2.0,17,dry,green,8.0,7.0,5.0,5.0,
matched_pair,2026,Austrian Grand Prix,Race,race,McLaren,NOR,PIA,64.0,59.0,71.318,71.332,0.013999999999995794,HARD,3.0,3.0,17,dry,green,7.0,7.0,4.0,4.0,
matched_pair,2026,Austrian Grand Prix,Race,race,McLaren,NOR,PIA,39.0,60.0,72.229,71.132,-1.0969999999999942,HARD,2.0,3.0,18,dry,green,7.0,7.0,4.0,4.0,
matched_pair,2026,Austrian Grand Prix,Race,race,McLaren,NOR,PIA,40.0,38.0,72.078,72.385,0.30700000000000216,HARD,2.0,2.0,19,dry,green,7.0,6.0,4.0,4.0,
matched_pair,2026,Austrian Grand Prix,Race,race,McLaren,NOR,PIA,66.0,61.0,71.497,71.363,-0.13400000000000034,HARD,3.0,3.0,19,dry,green,7.0,7.0,4.0,4.0,
matched_pair,2026,Austrian Grand Prix,Race,race,McLaren,NOR,PIA,41.0,39.0,72.134,72.024,-0.10999999999999943,HARD,2.0,2.0,20,dry,green,6.0,6.0,4.0,4.0,
matched_pair,2026,Austrian Grand Prix,Race,race,McLaren,NOR,PIA,42.0,40.0,71.746,72.017,0.2710000000000008,HARD,2.0,2.0,21,dry,green,6.0,6.0,4.0,4.0,
matched_pair,2026,Austrian Grand Prix,Race,race,McLaren,NOR,PIA,68.0,63.0,71.939,71.883,-0.055999999999997385,HARD,3.0,3.0,21,dry,green,7.0,7.0,4.0,4.0,
matched_pair,2026,Austrian Grand Prix,Race,race,McLaren,NOR,PIA,43.0,41.0,72.194,72.116,-0.07800000000000296,HARD,2.0,2.0,22,dry,green,6.0,4.0,4.0,4.0,
matched_pair,2026,Austrian Grand Prix,Race,race,McLaren,NOR,PIA,69.0,64.0,71.821,71.318,-0.5030000000000001,HARD,3.0,3.0,22,dry,green,7.0,7.0,4.0,4.0,
matched_pair,2026,Austrian Grand Prix,Race,race,McLaren,NOR,PIA,45.0,66.0,72.274,72.133,-0.14100000000000534,HARD,2.0,3.0,24,dry,green,4.0,4.0,4.0,4.0,
matched_pair,2026,Austrian Grand Prix,Race,race,McLaren,NOR,PIA,2.0,2.0,73.406,73.5,0.09399999999999409,MEDIUM,1.0,1.0,2,dry,green,7.0,7.0,6.0,6.0,
matched_pair,2026,Austrian Grand Prix,Race,race,McLaren,NOR,PIA,3.0,3.0,73.015,72.701,-0.31400000000000716,MEDIUM,1.0,1.0,3,dry,green,7.0,7.0,6.0,6.0,
matched_pair,2026,Austrian Grand Prix,Race,race,McLaren,NOR,PIA,4.0,4.0,72.63,72.36,-0.269999999999996,MEDIUM,1.0,1.0,4,dry,green,7.0,7.0,6.0,6.0,
matched_pair,2026,Austrian Grand Prix,Race,race,McLaren,NOR,PIA,5.0,5.0,72.439,72.234,-0.2049999999999983,MEDIUM,1.0,1.0,5,dry,green,7.0,7.0,6.0,6.0,
matched_pair,2026,Austrian Grand Prix,Race,race,McLaren,NOR,PIA,6.0,6.0,72.493,72.39,-0.10299999999999443,MEDIUM,1.0,1.0,6,dry,green,7.0,7.0,6.0,6.0,
matched_pair,2026,Austrian Grand Prix,Race,race,McLaren,NOR,PIA,7.0,7.0,73.459,72.773,-0.686000000000007,MEDIUM,1.0,1.0,7,dry,green,7.0,7.0,6.0,6.0,
matched_pair,2026,Austrian Grand Prix,Race,race,McLaren,NOR,PIA,8.0,8.0,73.025,73.221,0.19599999999999795,MEDIUM,1.0,1.0,8,dry,green,7.0,7.0,6.0,6.0,
matched_pair,2026,Austrian Grand Prix,Race,race,McLaren,NOR,PIA,9.0,9.0,73.013,73.118,0.10499999999998977,MEDIUM,1.0,1.0,9,dry,green,7.0,7.0,6.0,6.0,
matched_pair,2026,Austrian Grand Prix,Race,race,McLaren,NOR,PIA,10.0,10.0,73.197,73.22,0.022999999999996135,MEDIUM,1.0,1.0,10,dry,green,7.0,7.0,6.0,6.0,
matched_pair,2026,Austrian Grand Prix,Race,race,McLaren,NOR,PIA,11.0,11.0,73.335,73.384,0.049000000000006594,MEDIUM,1.0,1.0,11,dry,green,7.0,7.0,6.0,6.0,
matched_pair,2026,Austrian Grand Prix,Race,race,McLaren,NOR,PIA,12.0,12.0,73.25,73.426,0.17600000000000193,MEDIUM,1.0,1.0,12,dry,green,7.0,7.0,6.0,6.0,
matched_pair,2026,Austrian Grand Prix,Race,race,McLaren,NOR,PIA,13.0,13.0,73.591,73.675,0.08400000000000318,MEDIUM,1.0,1.0,13,dry,green,7.0,5.0,6.0,4.0,
matched_pair,2026,Austrian Grand Prix,Race,race,McLaren,NOR,PIA,14.0,14.0,73.423,73.418,-0.0049999999999954525,MEDIUM,1.0,1.0,14,dry,green,5.0,5.0,4.0,4.0,
matched_pair,2026,Austrian Grand Prix,Race,race,McLaren,NOR,PIA,15.0,15.0,73.419,73.235,-0.1839999999999975,MEDIUM,1.0,1.0,15,dry,green,5.0,5.0,4.0,4.0,
matched_pair,2026,Austrian Grand Prix,Race,race,McLaren,NOR,PIA,16.0,16.0,73.323,73.179,-0.14399999999999125,MEDIUM,1.0,1.0,16,dry,green,5.0,5.0,4.0,4.0,
matched_pair,2026,Austrian Grand Prix,Race,race,McLaren,NOR,PIA,17.0,17.0,73.157,73.101,-0.055999999999997385,MEDIUM,1.0,1.0,17,dry,green,5.0,5.0,4.0,4.0,
matched_pair,2026,Austrian Grand Prix,Race,race,McLaren,NOR,PIA,18.0,18.0,73.381,73.451,0.06999999999999318,MEDIUM,1.0,1.0,18,dry,green,5.0,5.0,4.0,4.0,
matched_pair,2026,Austrian Grand Prix,Race,race,Mercedes,ANT,RUS,27.0,22.0,71.342,71.458,0.11599999999999966,HARD,2.0,2.0,3,dry,green,4.0,4.0,2.0,2.0,
matched_pair,2026,Austrian Grand Prix,Race,race,Mercedes,ANT,RUS,54.0,46.0,70.424,71.045,0.6209999999999951,HARD,3.0,3.0,3,dry,green,3.0,3.0,3.0,3.0,
matched_pair,2026,Austrian Grand Prix,Race,race,Mercedes,ANT,RUS,28.0,23.0,71.395,71.226,-0.16899999999999693,HARD,2.0,2.0,4,dry,green,4.0,4.0,2.0,2.0,
matched_pair,2026,Austrian Grand Prix,Race,race,Mercedes,ANT,RUS,55.0,47.0,70.444,70.904,0.45999999999999375,HARD,3.0,3.0,4,dry,green,3.0,3.0,3.0,3.0,
matched_pair,2026,Austrian Grand Prix,Race,race,Mercedes,ANT,RUS,29.0,48.0,72.092,71.215,-0.8769999999999953,HARD,2.0,3.0,5,dry,green,4.0,4.0,3.0,3.0,
matched_pair,2026,Austrian Grand Prix,Race,race,Mercedes,ANT,RUS,30.0,49.0,71.297,70.683,-0.6139999999999901,HARD,2.0,3.0,6,dry,green,4.0,3.0,3.0,3.0,
matched_pair,2026,Austrian Grand Prix,Race,race,Mercedes,ANT,RUS,31.0,50.0,71.43,70.952,-0.47800000000000864,HARD,2.0,3.0,7,dry,green,3.0,3.0,3.0,2.0,
matched_pair,2026,Austrian Grand Prix,Race,race,Mercedes,ANT,RUS,32.0,27.0,71.23,71.926,0.695999999999998,HARD,2.0,2.0,8,dry,green,3.0,3.0,1.0,1.0,
matched_pair,2026,Austrian Grand Prix,Race,race,Mercedes,ANT,RUS,59.0,51.0,70.374,71.171,0.7970000000000113,HARD,3.0,3.0,8,dry,green,3.0,3.0,2.0,2.0,
matched_pair,2026,Austrian Grand Prix,Race,race,Mercedes,ANT,RUS,33.0,28.0,71.368,71.263,-0.10499999999998977,HARD,2.0,2.0,9,dry,green,3.0,3.0,1.0,1.0,
matched_pair,2026,Austrian Grand Prix,Race,race,Mercedes,ANT,RUS,34.0,29.0,71.356,71.253,-0.10299999999999443,HARD,2.0,2.0,10,dry,green,3.0,3.0,1.0,1.0,
matched_pair,2026,Austrian Grand Prix,Race,race,Mercedes,ANT,RUS,35.0,30.0,71.363,71.274,-0.08899999999999864,HARD,2.0,2.0,11,dry,green,3.0,3.0,1.0,1.0,
matched_pair,2026,Austrian Grand Prix,Race,race,Mercedes,ANT,RUS,62.0,54.0,70.892,70.937,0.045000000000001705,HARD,3.0,3.0,11,dry,green,3.0,3.0,1.0,1.0,
matched_pair,2026,Austrian Grand Prix,Race,race,Mercedes,ANT,RUS,36.0,31.0,71.26,71.554,0.29399999999999693,HARD,2.0,2.0,12,dry,green,3.0,3.0,1.0,1.0,
matched_pair,2026,Austrian Grand Prix,Race,race,Mercedes,ANT,RUS,37.0,32.0,71.327,71.706,0.3790000000000049,HARD,2.0,2.0,13,dry,green,3.0,3.0,1.0,1.0,
matched_pair,2026,Austrian Grand Prix,Race,race,Mercedes,ANT,RUS,64.0,56.0,70.895,70.78,-0.11499999999999488,HARD,3.0,3.0,13,dry,green,3.0,3.0,1.0,1.0,
matched_pair,2026,Austrian Grand Prix,Race,race,Mercedes,ANT,RUS,38.0,33.0,71.595,71.546,-0.04899999999999238,HARD,2.0,2.0,14,dry,green,3.0,3.0,1.0,1.0,
matched_pair,2026,Austrian Grand Prix,Race,race,Mercedes,ANT,RUS,65.0,57.0,70.64,71.503,0.8629999999999995,HARD,3.0,3.0,14,dry,green,3.0,3.0,1.0,1.0,
matched_pair,2026,Austrian Grand Prix,Race,race,Mercedes,ANT,RUS,39.0,34.0,71.644,72.066,0.42199999999999704,HARD,2.0,2.0,15,dry,green,3.0,3.0,1.0,1.0,
matched_pair,2026,Austrian Grand Prix,Race,race,Mercedes,ANT,RUS,66.0,58.0,70.732,71.01,0.2780000000000058,HARD,3.0,3.0,15,dry,green,3.0,3.0,1.0,1.0,
matched_pair,2026,Austrian Grand Prix,Race,race,Mercedes,ANT,RUS,41.0,60.0,72.131,71.361,-0.769999999999996,HARD,2.0,3.0,17,dry,green,3.0,3.0,1.0,1.0,
matched_pair,2026,Austrian Grand Prix,Race,race,Mercedes,ANT,RUS,42.0,37.0,71.507,72.143,0.6359999999999957,HARD,2.0,2.0,18,dry,green,3.0,3.0,1.0,1.0,
matched_pair,2026,Austrian Grand Prix,Race,race,Mercedes,ANT,RUS,69.0,61.0,70.407,71.113,0.7060000000000031,HARD,3.0,3.0,18,dry,green,3.0,3.0,1.0,1.0,
matched_pair,2026,Austrian Grand Prix,Race,race,Mercedes,ANT,RUS,43.0,38.0,71.691,72.365,0.6739999999999924,HARD,2.0,2.0,19,dry,green,3.0,3.0,1.0,1.0,
matched_pair,2026,Austrian Grand Prix,Race,race,Mercedes,ANT,RUS,70.0,62.0,70.675,71.162,0.487000000000009,HARD,3.0,3.0,19,dry,green,3.0,3.0,1.0,1.0,
matched_pair,2026,Austrian Grand Prix,Race,race,Mercedes,ANT,RUS,44.0,63.0,71.723,71.068,-0.6550000000000011,HARD,2.0,3.0,20,dry,green,3.0,2.0,1.0,1.0,
matched_pair,2026,Austrian Grand Prix,Race,race,Mercedes,ANT,RUS,45.0,40.0,71.825,72.234,0.4089999999999918,HARD,2.0,2.0,21,dry,green,2.0,2.0,1.0,1.0,
matched_pair,2026,Austrian Grand Prix,Race,race,Mercedes,ANT,RUS,46.0,41.0,71.748,71.935,0.1869999999999976,HARD,2.0,2.0,22,dry,green,2.0,2.0,1.0,1.0,
matched_pair,2026,Austrian Grand Prix,Race,race,Mercedes,ANT,RUS,47.0,42.0,71.785,72.225,0.4399999999999977,HARD,2.0,2.0,23,dry,green,2.0,2.0,1.0,1.0,
matched_pair,2026,Austrian Grand Prix,Race,race,Mercedes,ANT,RUS,48.0,67.0,71.746,71.557,-0.18899999999999295,HARD,2.0,3.0,24,dry,green,2.0,2.0,1.0,1.0,
matched_pair,2026,Austrian Grand Prix,Race,race,Mercedes,ANT,RUS,50.0,69.0,72.121,71.425,-0.695999999999998,HARD,2.0,3.0,26,dry,green,1.0,1.0,1.0,1.0,
matched_pair,2026,Austrian Grand Prix,Race,race,Mercedes,ANT,RUS,3.0,3.0,72.568,71.818,-0.75,MEDIUM,1.0,1.0,3,dry,green,5.0,5.0,1.0,1.0,
matched_pair,2026,Austrian Grand Prix,Race,race,Mercedes,ANT,RUS,4.0,4.0,72.114,71.779,-0.33500000000000796,MEDIUM,1.0,1.0,4,dry,green,5.0,5.0,1.0,1.0,
matched_pair,2026,Austrian Grand Prix,Race,race,Mercedes,ANT,RUS,5.0,5.0,72.168,71.686,-0.4819999999999993,MEDIUM,1.0,1.0,5,dry,green,5.0,5.0,1.0,1.0,
matched_pair,2026,Austrian Grand Prix,Race,race,Mercedes,ANT,RUS,6.0,6.0,72.285,71.947,-0.33799999999999386,MEDIUM,1.0,1.0,6,dry,green,5.0,5.0,1.0,1.0,
matched_pair,2026,Austrian Grand Prix,Race,race,Mercedes,ANT,RUS,7.0,7.0,72.607,71.975,-0.632000000000005,MEDIUM,1.0,1.0,7,dry,green,5.0,4.0,1.0,1.0,
matched_pair,2026,Austrian Grand Prix,Race,race,Mercedes,ANT,RUS,8.0,8.0,72.163,72.069,-0.09399999999999409,MEDIUM,1.0,1.0,8,dry,green,4.0,4.0,1.0,1.0,
matched_pair,2026,Austrian Grand Prix,Race,race,Mercedes,ANT,RUS,9.0,9.0,72.268,72.403,0.13500000000000512,MEDIUM,1.0,1.0,9,dry,green,4.0,4.0,1.0,1.0,
matched_pair,2026,Austrian Grand Prix,Race,race,Mercedes,ANT,RUS,10.0,10.0,72.586,72.516,-0.06999999999999318,MEDIUM,1.0,1.0,10,dry,green,4.0,4.0,1.0,1.0,
matched_pair,2026,Austrian Grand Prix,Race,race,Mercedes,ANT,RUS,11.0,11.0,73.147,72.652,-0.49500000000000455,MEDIUM,1.0,1.0,11,dry,green,4.0,4.0,1.0,1.0,
matched_pair,2026,Austrian Grand Prix,Race,race,Mercedes,ANT,RUS,12.0,12.0,73.221,72.912,-0.3089999999999975,MEDIUM,1.0,1.0,12,dry,green,4.0,3.0,1.0,1.0,
matched_pair,2026,Austrian Grand Prix,Race,race,Mercedes,ANT,RUS,13.0,13.0,72.782,73.164,0.382000000000005,MEDIUM,1.0,1.0,13,dry,green,3.0,3.0,1.0,1.0,
matched_pair,2026,Austrian Grand Prix,Race,race,Mercedes,ANT,RUS,14.0,14.0,72.696,72.965,0.26900000000000546,MEDIUM,1.0,1.0,14,dry,green,3.0,3.0,1.0,1.0,
matched_pair,2026,Austrian Grand Prix,Race,race,Mercedes,ANT,RUS,15.0,15.0,72.993,72.786,-0.20699999999999363,MEDIUM,1.0,1.0,15,dry,green,3.0,3.0,1.0,1.0,
matched_pair,2026,Austrian Grand Prix,Race,race,Mercedes,ANT,RUS,16.0,16.0,72.883,72.78,-0.10299999999999443,MEDIUM,1.0,1.0,16,dry,green,3.0,3.0,1.0,1.0,
matched_pair,2026,Austrian Grand Prix,Race,race,Mercedes,ANT,RUS,17.0,17.0,72.474,72.911,0.4369999999999976,MEDIUM,1.0,1.0,17,dry,green,3.0,3.0,1.0,1.0,
matched_pair,2026,Austrian Grand Prix,Race,race,Mercedes,ANT,RUS,18.0,18.0,72.816,72.904,0.08799999999999386,MEDIUM,1.0,1.0,18,dry,green,3.0,2.0,1.0,1.0,
matched_pair,2026,Austrian Grand Prix,Race,race,Racing Bulls,LAW,LIN,21.0,20.0,73.679,73.512,-0.1670000000000016,HARD,2.0,2.0,2,dry,green,10.0,10.0,12.0,11.0,
matched_pair,2026,Austrian Grand Prix,Race,race,Racing Bulls,LAW,LIN,22.0,21.0,73.088,72.455,-0.6329999999999956,HARD,2.0,2.0,3,dry,green,10.0,10.0,11.0,9.0,
matched_pair,2026,Austrian Grand Prix,Race,race,Racing Bulls,LAW,LIN,23.0,22.0,72.637,72.72,0.08299999999999841,HARD,2.0,2.0,4,dry,green,10.0,10.0,9.0,9.0,
matched_pair,2026,Austrian Grand Prix,Race,race,Racing Bulls,LAW,LIN,28.0,27.0,72.416,72.707,0.2909999999999968,HARD,2.0,2.0,9,dry,green,10.0,10.0,9.0,9.0,
matched_pair,2026,Austrian Grand Prix,Race,race,Racing Bulls,LAW,LIN,29.0,28.0,72.214,72.367,0.1530000000000058,HARD,2.0,2.0,10,dry,green,10.0,10.0,9.0,9.0,
matched_pair,2026,Austrian Grand Prix,Race,race,Racing Bulls,LAW,LIN,30.0,29.0,72.544,72.227,-0.31699999999999307,HARD,2.0,2.0,11,dry,green,10.0,10.0,9.0,9.0,
matched_pair,2026,Austrian Grand Prix,Race,race,Racing Bulls,LAW,LIN,31.0,30.0,72.577,72.746,0.16899999999999693,HARD,2.0,2.0,12,dry,green,10.0,10.0,9.0,9.0,
matched_pair,2026,Austrian Grand Prix,Race,race,Racing Bulls,LAW,LIN,32.0,31.0,72.468,72.593,0.125,HARD,2.0,2.0,13,dry,green,10.0,10.0,9.0,9.0,
matched_pair,2026,Austrian Grand Prix,Race,race,Racing Bulls,LAW,LIN,33.0,32.0,72.671,72.525,-0.1460000000000008,HARD,2.0,2.0,14,dry,green,10.0,10.0,9.0,9.0,
matched_pair,2026,Austrian Grand Prix,Race,race,Racing Bulls,LAW,LIN,34.0,33.0,72.784,72.78,-0.0040000000000048885,HARD,2.0,2.0,15,dry,green,10.0,10.0,9.0,9.0,
matched_pair,2026,Austrian Grand Prix,Race,race,Racing Bulls,LAW,LIN,35.0,34.0,73.035,72.81,-0.22499999999999432,HARD,2.0,2.0,16,dry,green,10.0,10.0,9.0,9.0,
matched_pair,2026,Austrian Grand Prix,Race,race,Racing Bulls,LAW,LIN,36.0,35.0,72.96,72.963,0.0030000000000001137,HARD,2.0,2.0,17,dry,green,10.0,10.0,9.0,9.0,
matched_pair,2026,Austrian Grand Prix,Race,race,Racing Bulls,LAW,LIN,37.0,36.0,73.211,72.861,-0.3499999999999943,HARD,2.0,2.0,18,dry,green,10.0,10.0,9.0,9.0,
matched_pair,2026,Austrian Grand Prix,Race,race,Racing Bulls,LAW,LIN,40.0,39.0,73.118,73.357,0.23900000000000432,HARD,2.0,2.0,21,dry,green,10.0,10.0,9.0,9.0,
matched_pair,2026,Austrian Grand Prix,Race,race,Racing Bulls,LAW,LIN,41.0,40.0,73.068,73.197,0.1290000000000049,HARD,2.0,2.0,22,dry,green,10.0,10.0,9.0,9.0,
matched_pair,2026,Austrian Grand Prix,Race,race,Racing Bulls,LAW,LIN,42.0,41.0,73.279,73.377,0.09799999999999898,HARD,2.0,2.0,23,dry,green,10.0,10.0,9.0,9.0,
matched_pair,2026,Austrian Grand Prix,Race,race,Racing Bulls,LAW,LIN,43.0,42.0,73.635,73.601,-0.034000000000006025,HARD,2.0,2.0,24,dry,green,10.0,10.0,9.0,9.0,
matched_pair,2026,Austrian Grand Prix,Race,race,Racing Bulls,LAW,LIN,2.0,2.0,73.546,73.697,0.15099999999999625,MEDIUM,1.0,1.0,2,dry,green,8.0,8.0,10.0,10.0,
matched_pair,2026,Austrian Grand Prix,Race,race,Racing Bulls,LAW,LIN,47.0,48.0,72.099,72.142,0.042999999999992156,MEDIUM,3.0,3.0,2,dry,green,10.0,9.0,10.0,10.0,
matched_pair,2026,Austrian Grand Prix,Race,race,Racing Bulls,LAW,LIN,3.0,3.0,73.61,73.483,-0.12699999999999534,MEDIUM,1.0,1.0,3,dry,green,8.0,8.0,10.0,10.0,
matched_pair,2026,Austrian Grand Prix,Race,race,Racing Bulls,LAW,LIN,48.0,49.0,72.149,71.994,-0.15500000000000114,MEDIUM,3.0,3.0,3,dry,green,9.0,9.0,10.0,10.0,
matched_pair,2026,Austrian Grand Prix,Race,race,Racing Bulls,LAW,LIN,49.0,4.0,72.133,73.913,1.7800000000000011,MEDIUM,3.0,1.0,4,dry,green,9.0,9.0,10.0,10.0,
matched_pair,2026,Austrian Grand Prix,Race,race,Racing Bulls,LAW,LIN,5.0,5.0,73.224,73.52,0.29599999999999227,MEDIUM,1.0,1.0,5,dry,green,9.0,9.0,10.0,10.0,
matched_pair,2026,Austrian Grand Prix,Race,race,Racing Bulls,LAW,LIN,6.0,6.0,73.108,73.177,0.06900000000000261,MEDIUM,1.0,1.0,6,dry,green,9.0,9.0,10.0,10.0,
matched_pair,2026,Austrian Grand Prix,Race,race,Racing Bulls,LAW,LIN,7.0,7.0,73.265,73.614,0.34900000000000375,MEDIUM,1.0,1.0,7,dry,green,9.0,9.0,10.0,10.0,
matched_pair,2026,Austrian Grand Prix,Race,race,Racing Bulls,LAW,LIN,8.0,8.0,73.244,74.051,0.8070000000000022,MEDIUM,1.0,1.0,8,dry,green,9.0,9.0,10.0,10.0,
matched_pair,2026,Austrian Grand Prix,Race,race,Racing Bulls,LAW,LIN,53.0,54.0,71.774,71.661,-0.11299999999999955,MEDIUM,3.0,3.0,8,dry,green,9.0,9.0,10.0,10.0,
matched_pair,2026,Austrian Grand Prix,Race,race,Racing Bulls,LAW,LIN,9.0,9.0,73.428,73.564,0.13599999999999568,MEDIUM,1.0,1.0,9,dry,green,9.0,9.0,10.0,10.0,
matched_pair,2026,Austrian Grand Prix,Race,race,Racing Bulls,LAW,LIN,10.0,10.0,73.576,73.686,0.11000000000001364,MEDIUM,1.0,1.0,10,dry,green,9.0,9.0,10.0,10.0,
matched_pair,2026,Austrian Grand Prix,Race,race,Racing Bulls,LAW,LIN,55.0,56.0,71.547,71.587,0.04000000000000625,MEDIUM,3.0,3.0,10,dry,green,9.0,9.0,10.0,10.0,
matched_pair,2026,Austrian Grand Prix,Race,race,Racing Bulls,LAW,LIN,11.0,11.0,73.714,73.999,0.2849999999999966,MEDIUM,1.0,1.0,11,dry,green,9.0,9.0,10.0,10.0,
matched_pair,2026,Austrian Grand Prix,Race,race,Racing Bulls,LAW,LIN,56.0,57.0,71.809,71.919,0.10999999999999943,MEDIUM,3.0,3.0,11,dry,green,9.0,9.0,10.0,10.0,
matched_pair,2026,Austrian Grand Prix,Race,race,Racing Bulls,LAW,LIN,12.0,12.0,73.624,73.698,0.07399999999999807,MEDIUM,1.0,1.0,12,dry,green,9.0,9.0,10.0,10.0,
matched_pair,2026,Austrian Grand Prix,Race,race,Racing Bulls,LAW,LIN,13.0,13.0,73.823,73.839,0.016000000000005343,MEDIUM,1.0,1.0,13,dry,green,9.0,8.0,10.0,9.0,
matched_pair,2026,Austrian Grand Prix,Race,race,Racing Bulls,LAW,LIN,58.0,59.0,71.944,71.918,-0.02599999999999625,MEDIUM,3.0,3.0,13,dry,green,9.0,9.0,10.0,10.0,
matched_pair,2026,Austrian Grand Prix,Race,race,Racing Bulls,LAW,LIN,14.0,14.0,73.824,73.975,0.15099999999999625,MEDIUM,1.0,1.0,14,dry,green,8.0,7.0,9.0,8.0,
matched_pair,2026,Austrian Grand Prix,Race,race,Racing Bulls,LAW,LIN,15.0,61.0,73.988,72.065,-1.9230000000000018,MEDIUM,1.0,3.0,15,dry,green,7.0,7.0,10.0,10.0,
matched_pair,2026,Austrian Grand Prix,Race,race,Racing Bulls,LAW,LIN,17.0,17.0,74.092,74.016,-0.0759999999999934,MEDIUM,1.0,1.0,17,dry,green,7.0,7.0,9.0,9.0,
matched_pair,2026,Austrian Grand Prix,Race,race,Racing Bulls,LAW,LIN,64.0,65.0,72.046,72.609,0.5629999999999882,MEDIUM,3.0,3.0,19,dry,green,9.0,9.0,10.0,10.0,
matched_pair,2026,Austrian Grand Prix,Race,race,Racing Bulls,LAW,LIN,65.0,66.0,72.274,72.861,0.5870000000000033,MEDIUM,3.0,3.0,20,dry,green,9.0,9.0,10.0,10.0,
matched_pair,2026,Austrian Grand Prix,Race,race,Racing Bulls,LAW,LIN,66.0,67.0,72.701,72.869,0.16800000000000637,MEDIUM,3.0,3.0,21,dry,green,9.0,9.0,10.0,10.0,
matched_pair,2026,Austrian Grand Prix,Race,race,Racing Bulls,LAW,LIN,67.0,68.0,72.619,72.804,0.18500000000000227,MEDIUM,3.0,3.0,22,dry,green,9.0,9.0,10.0,10.0,
matched_pair,2026,Austrian Grand Prix,Race,race,Racing Bulls,LAW,LIN,68.0,69.0,72.352,72.781,0.42900000000000205,MEDIUM,3.0,3.0,23,dry,green,9.0,9.0,10.0,10.0,
matched_pair,2026,Austrian Grand Prix,Race,race,Red Bull Racing,HAD,VER,42.0,20.0,70.947,71.48,0.5330000000000013,HARD,3.0,2.0,2,dry,green,8.0,8.0,6.0,5.0,
matched_pair,2026,Austrian Grand Prix,Race,race,Red Bull Racing,HAD,VER,43.0,21.0,71.227,71.484,0.2569999999999908,HARD,3.0,2.0,3,dry,green,8.0,8.0,5.0,4.0,
matched_pair,2026,Austrian Grand Prix,Race,race,Red Bull Racing,HAD,VER,45.0,23.0,71.002,71.787,0.7850000000000108,HARD,3.0,2.0,5,dry,green,8.0,8.0,3.0,3.0,
matched_pair,2026,Austrian Grand Prix,Race,race,Red Bull Racing,HAD,VER,46.0,55.0,71.295,70.599,-0.695999999999998,HARD,3.0,3.0,6,dry,green,8.0,8.0,2.0,2.0,
matched_pair,2026,Austrian Grand Prix,Race,race,Red Bull Racing,HAD,VER,47.0,56.0,71.498,70.633,-0.8650000000000091,HARD,3.0,3.0,7,dry,green,8.0,8.0,2.0,2.0,
matched_pair,2026,Austrian Grand Prix,Race,race,Red Bull Racing,HAD,VER,48.0,57.0,71.364,70.483,-0.8810000000000002,HARD,3.0,3.0,8,dry,green,8.0,7.0,2.0,2.0,
matched_pair,2026,Austrian Grand Prix,Race,race,Red Bull Racing,HAD,VER,49.0,27.0,71.383,71.307,-0.0759999999999934,HARD,3.0,2.0,9,dry,green,7.0,7.0,2.0,2.0,
matched_pair,2026,Austrian Grand Prix,Race,race,Red Bull Racing,HAD,VER,50.0,28.0,71.663,71.072,-0.590999999999994,HARD,3.0,2.0,10,dry,green,7.0,7.0,2.0,2.0,
matched_pair,2026,Austrian Grand Prix,Race,race,Red Bull Racing,HAD,VER,51.0,29.0,71.462,71.209,-0.2530000000000001,HARD,3.0,2.0,11,dry,green,7.0,7.0,2.0,2.0,
matched_pair,2026,Austrian Grand Prix,Race,race,Red Bull Racing,HAD,VER,54.0,32.0,71.285,71.492,0.20700000000000784,HARD,3.0,2.0,14,dry,green,7.0,7.0,2.0,2.0,
matched_pair,2026,Austrian Grand Prix,Race,race,Red Bull Racing,HAD,VER,55.0,33.0,71.464,71.442,-0.02200000000000557,HARD,3.0,2.0,15,dry,green,7.0,7.0,2.0,2.0,
matched_pair,2026,Austrian Grand Prix,Race,race,Red Bull Racing,HAD,VER,57.0,35.0,71.518,71.606,0.08799999999999386,HARD,3.0,2.0,17,dry,green,6.0,6.0,2.0,2.0,
matched_pair,2026,Austrian Grand Prix,Race,race,Red Bull Racing,HAD,VER,58.0,36.0,71.647,71.931,0.2839999999999918,HARD,3.0,2.0,18,dry,green,6.0,6.0,2.0,2.0,
matched_pair,2026,Austrian Grand Prix,Race,race,Red Bull Racing,HAD,VER,59.0,37.0,71.559,71.809,0.25,HARD,3.0,2.0,19,dry,green,6.0,6.0,2.0,2.0,
matched_pair,2026,Austrian Grand Prix,Race,race,Red Bull Racing,HAD,VER,60.0,38.0,71.567,72.159,0.592000000000013,HARD,3.0,2.0,20,dry,green,6.0,6.0,2.0,2.0,
matched_pair,2026,Austrian Grand Prix,Race,race,Red Bull Racing,HAD,VER,61.0,39.0,71.835,72.245,0.4100000000000108,HARD,3.0,2.0,21,dry,green,6.0,6.0,2.0,2.0,
matched_pair,2026,Austrian Grand Prix,Race,race,Red Bull Racing,HAD,VER,62.0,40.0,71.455,72.132,0.6770000000000067,HARD,3.0,2.0,22,dry,green,6.0,6.0,2.0,2.0,
matched_pair,2026,Austrian Grand Prix,Race,race,Red Bull Racing,HAD,VER,63.0,41.0,71.492,71.892,0.3999999999999915,HARD,3.0,2.0,23,dry,green,6.0,6.0,2.0,2.0,
matched_pair,2026,Austrian Grand Prix,Race,race,Red Bull Racing,HAD,VER,64.0,42.0,71.641,72.168,0.527000000000001,HARD,3.0,2.0,24,dry,green,6.0,6.0,2.0,2.0,
matched_pair,2026,Austrian Grand Prix,Race,race,Red Bull Racing,HAD,VER,65.0,43.0,71.799,72.087,0.2879999999999967,HARD,3.0,2.0,25,dry,green,6.0,6.0,2.0,1.0,
matched_pair,2026,Austrian Grand Prix,Race,race,Red Bull Racing,HAD,VER,66.0,44.0,71.728,72.414,0.686000000000007,HARD,3.0,2.0,26,dry,green,6.0,6.0,1.0,1.0,
matched_pair,2026,Austrian Grand Prix,Race,race,Red Bull Racing,HAD,VER,67.0,45.0,71.861,72.356,0.49499999999999034,HARD,3.0,2.0,27,dry,green,6.0,6.0,1.0,1.0,
matched_pair,2026,Austrian Grand Prix,Race,race,Red Bull Racing,HAD,VER,68.0,46.0,71.91,72.38,0.46999999999999886,HARD,3.0,2.0,28,dry,green,6.0,6.0,1.0,1.0,
matched_pair,2026,Austrian Grand Prix,Race,race,Red Bull Racing,HAD,VER,2.0,2.0,73.413,72.102,-1.3109999999999928,MEDIUM,1.0,1.0,2,dry,green,9.0,9.0,5.0,3.0,
matched_pair,2026,Austrian Grand Prix,Race,race,Red Bull Racing,HAD,VER,3.0,3.0,73.499,72.084,-1.414999999999992,MEDIUM,1.0,1.0,3,dry,green,9.0,9.0,3.0,3.0,
matched_pair,2026,Austrian Grand Prix,Race,race,Red Bull Racing,HAD,VER,4.0,4.0,73.029,71.733,-1.2959999999999923,MEDIUM,1.0,1.0,4,dry,green,9.0,8.0,3.0,3.0,
matched_pair,2026,Austrian Grand Prix,Race,race,Red Bull Racing,HAD,VER,5.0,5.0,72.593,71.846,-0.7469999999999999,MEDIUM,1.0,1.0,5,dry,green,8.0,8.0,3.0,3.0,
matched_pair,2026,Austrian Grand Prix,Race,race,Red Bull Racing,HAD,VER,6.0,6.0,72.357,71.845,-0.5120000000000005,MEDIUM,1.0,1.0,6,dry,green,8.0,8.0,3.0,3.0,
matched_pair,2026,Austrian Grand Prix,Race,race,Red Bull Racing,HAD,VER,7.0,7.0,72.706,72.072,-0.6340000000000003,MEDIUM,1.0,1.0,7,dry,green,8.0,8.0,3.0,3.0,
matched_pair,2026,Austrian Grand Prix,Race,race,Red Bull Racing,HAD,VER,8.0,8.0,72.917,72.396,-0.5210000000000008,MEDIUM,1.0,1.0,8,dry,green,8.0,8.0,3.0,3.0,
matched_pair,2026,Austrian Grand Prix,Race,race,Red Bull Racing,HAD,VER,9.0,9.0,72.857,72.558,-0.2989999999999924,MEDIUM,1.0,1.0,9,dry,green,8.0,8.0,3.0,3.0,
matched_pair,2026,Austrian Grand Prix,Race,race,Red Bull Racing,HAD,VER,10.0,10.0,73.262,72.875,-0.38700000000000045,MEDIUM,1.0,1.0,10,dry,green,8.0,8.0,3.0,3.0,
matched_pair,2026,Austrian Grand Prix,Race,race,Red Bull Racing,HAD,VER,12.0,12.0,73.467,73.34,-0.12699999999999534,MEDIUM,1.0,1.0,12,dry,green,8.0,8.0,3.0,2.0,
matched_pair,2026,Austrian Grand Prix,Race,race,Red Bull Racing,HAD,VER,13.0,13.0,73.556,72.789,-0.7669999999999959,MEDIUM,1.0,1.0,13,dry,green,8.0,6.0,2.0,2.0,
matched_pair,2026,Austrian Grand Prix,Race,race,Red Bull Racing,HAD,VER,14.0,14.0,73.885,72.607,-1.2780000000000058,MEDIUM,1.0,1.0,14,dry,green,6.0,6.0,2.0,2.0,
matched_pair,2026,Austrian Grand Prix,Race,race,Red Bull Racing,HAD,VER,15.0,15.0,73.518,72.765,-0.7530000000000001,MEDIUM,1.0,1.0,15,dry,green,6.0,6.0,2.0,2.0,
matched_pair,2026,Austrian Grand Prix,Race,race,Red Bull Racing,HAD,VER,16.0,16.0,73.745,72.626,-1.1189999999999998,MEDIUM,1.0,1.0,16,dry,green,6.0,6.0,2.0,2.0,
matched_pair,2026,Austrian Grand Prix,Race,race,Red Bull Racing,HAD,VER,17.0,17.0,73.478,72.733,-0.7449999999999903,MEDIUM,1.0,1.0,17,dry,green,6.0,6.0,2.0,2.0,
skipped_pair,2026,Austrian Grand Prix,Race,race,Williams,ALB,SAI,,,,,,,,,,,,,,,,insufficient_matched_pairs
matched_pair,2026,Austrian Grand Prix,Qualifying,qualifying,Alpine,COL,GAS,8.0,8.0,68.171,67.562,-0.6090000000000089,SOFT,3.0,3.0,2,dry,green,,,,,
matched_pair,2026,Austrian Grand Prix,Qualifying,qualifying,Alpine,COL,GAS,2.0,2.0,68.343,68.038,-0.3050000000000068,SOFT,1.0,1.0,2,dry,green,,,,,
matched_pair,2026,Austrian Grand Prix,Qualifying,qualifying,Alpine,COL,GAS,5.0,5.0,67.894,68.139,0.24499999999999034,SOFT,2.0,2.0,2,dry,green,,,,,
skipped_pair,2026,Austrian Grand Prix,Qualifying,qualifying,Aston Martin,ALO,STR,,,,,,,,,,,,,,,,insufficient_matched_pairs
matched_pair,2026,Austrian Grand Prix,Qualifying,qualifying,Audi,BOR,HUL,8.0,11.0,67.982,68.384,0.402000000000001,SOFT,3.0,4.0,2,dry,green,,,,,
matched_pair,2026,Austrian Grand Prix,Qualifying,qualifying,Audi,BOR,HUL,11.0,14.0,67.293,67.611,0.31799999999999784,SOFT,4.0,5.0,2,dry,green,,,,,
matched_pair,2026,Austrian Grand Prix,Qualifying,qualifying,Audi,BOR,HUL,2.0,2.0,68.363,68.509,0.1460000000000008,SOFT,1.0,1.0,2,dry,green,,,,,
matched_pair,2026,Austrian Grand Prix,Qualifying,qualifying,Audi,BOR,HUL,5.0,5.0,68.035,68.564,0.5289999999999964,SOFT,2.0,2.0,2,dry,green,,,,,
matched_pair,2026,Austrian Grand Prix,Qualifying,qualifying,Cadillac,BOT,PER,2.0,2.0,70.228,69.512,-0.715999999999994,SOFT,1.0,1.0,2,dry,green,,,,,
matched_pair,2026,Austrian Grand Prix,Qualifying,qualifying,Cadillac,BOT,PER,5.0,5.0,69.03,68.945,-0.08500000000000796,SOFT,2.0,2.0,2,dry,green,,,,,
matched_pair,2026,Austrian Grand Prix,Qualifying,qualifying,Cadillac,BOT,PER,8.0,8.0,69.188,69.104,-0.08400000000000318,SOFT,3.0,3.0,2,dry,green,,,,,
matched_pair,2026,Austrian Grand Prix,Qualifying,qualifying,Ferrari,HAM,LEC,13.0,11.0,66.408,66.756,0.347999999999999,SOFT,5.0,4.0,2,dry,green,,,,,
matched_pair,2026,Austrian Grand Prix,Qualifying,qualifying,Ferrari,HAM,LEC,5.0,5.0,67.039,67.03,-0.009000000000000341,SOFT,2.0,2.0,2,dry,green,,,,,
matched_pair,2026,Austrian Grand Prix,Qualifying,qualifying,Ferrari,HAM,LEC,8.0,8.0,66.994,67.303,0.3089999999999975,SOFT,3.0,3.0,2,dry,green,,,,,
matched_pair,2026,Austrian Grand Prix,Qualifying,qualifying,Haas F1 Team,BEA,OCO,8.0,11.0,68.376,68.724,0.347999999999999,SOFT,3.0,4.0,2,dry,green,,,,,
matched_pair,2026,Austrian Grand Prix,Qualifying,qualifying,Haas F1 Team,BEA,OCO,11.0,14.0,67.523,67.817,0.29399999999999693,SOFT,4.0,5.0,2,dry,green,,,,,
matched_pair,2026,Austrian Grand Prix,Qualifying,qualifying,Haas F1 Team,BEA,OCO,2.0,2.0,68.061,69.083,1.0219999999999914,SOFT,1.0,1.0,2,dry,green,,,,,
matched_pair,2026,Austrian Grand Prix,Qualifying,qualifying,Haas F1 Team,BEA,OCO,5.0,5.0,68.138,69.228,1.0899999999999892,SOFT,2.0,2.0,2,dry,green,,,,,
matched_pair,2026,Austrian Grand Prix,Qualifying,qualifying,McLaren,NOR,PIA,11.0,10.0,66.9,66.685,-0.2150000000000034,SOFT,4.0,4.0,2,dry,green,,,,,
matched_pair,2026,Austrian Grand Prix,Qualifying,qualifying,McLaren,NOR,PIA,14.0,13.0,66.502,66.511,0.009000000000000341,SOFT,5.0,5.0,2,dry,green,,,,,
matched_pair,2026,Austrian Grand Prix,Qualifying,qualifying,McLaren,NOR,PIA,5.0,7.0,67.321,66.89,-0.4309999999999974,SOFT,2.0,3.0,2,dry,green,,,,,
matched_pair,2026,Austrian Grand Prix,Qualifying,qualifying,Mercedes,ANT,RUS,13.0,16.0,66.414,66.457,0.042999999999992156,SOFT,5.0,6.0,2,dry,green,,,,,
matched_pair,2026,Austrian Grand Prix,Qualifying,qualifying,Mercedes,ANT,RUS,7.0,13.0,66.763,66.979,0.21599999999999397,SOFT,3.0,5.0,2,dry,green,,,,,
matched_pair,2026,Austrian Grand Prix,Qualifying,qualifying,Mercedes,ANT,RUS,2.0,2.0,67.083,67.811,0.7280000000000086,SOFT,1.0,1.0,2,dry,green,,,,,
matched_pair,2026,Austrian Grand Prix,Qualifying,qualifying,Racing Bulls,LAW,LIN,14.0,14.0,67.542,67.672,0.12999999999999545,SOFT,5.0,5.0,2,dry,green,,,,,
matched_pair,2026,Austrian Grand Prix,Qualifying,qualifying,Racing Bulls,LAW,LIN,17.0,17.0,66.955,67.007,0.05200000000000671,SOFT,6.0,6.0,2,dry,green,,,,,
matched_pair,2026,Austrian Grand Prix,Qualifying,qualifying,Racing Bulls,LAW,LIN,8.0,8.0,67.622,67.709,0.0870000000000033,SOFT,3.0,3.0,2,dry,green,,,,,
matched_pair,2026,Austrian Grand Prix,Qualifying,qualifying,Racing Bulls,LAW,LIN,11.0,11.0,67.136,67.155,0.019000000000005457,SOFT,4.0,4.0,2,dry,green,,,,,
matched_pair,2026,Austrian Grand Prix,Qualifying,qualifying,Red Bull Racing,HAD,VER,14.0,8.0,67.321,66.475,-0.8460000000000036,SOFT,5.0,3.0,2,dry,green,,,,,
matched_pair,2026,Austrian Grand Prix,Qualifying,qualifying,Red Bull Racing,HAD,VER,8.0,5.0,67.315,67.183,-0.1319999999999908,SOFT,3.0,2.0,2,dry,green,,,,,
matched_pair,2026,Austrian Grand Prix,Qualifying,qualifying,Red Bull Racing,HAD,VER,2.0,2.0,67.408,67.407,-0.0010000000000047748,SOFT,1.0,1.0,2,dry,green,,,,,
matched_pair,2026,Austrian Grand Prix,Qualifying,qualifying,Williams,ALB,SAI,2.0,2.0,69.155,69.214,0.0589999999999975,SOFT,1.0,1.0,2,dry,green,,,,,
matched_pair,2026,Austrian Grand Prix,Qualifying,qualifying,Williams,ALB,SAI,5.0,5.0,68.509,68.737,0.22799999999999443,SOFT,2.0,2.0,2,dry,green,,,,,
matched_pair,2026,Austrian Grand Prix,Qualifying,qualifying,Williams,ALB,SAI,8.0,8.0,68.863,68.252,-0.6110000000000042,SOFT,3.0,3.0,2,dry,green,,,,,
matched_pair,2026,British Grand Prix,Race,race,Alpine,COL,GAS,24.0,25.0,94.712,94.576,-0.1360000000000099,HARD,2.0,2.0,2,dry,green,13.0,11.0,14.0,13.0,
matched_pair,2026,British Grand Prix,Race,race,Alpine,COL,GAS,26.0,27.0,94.712,94.731,0.018999999999991246,HARD,2.0,2.0,4,dry,green,11.0,11.0,13.0,12.0,
matched_pair,2026,British Grand Prix,Race,race,Alpine,COL,GAS,27.0,28.0,94.61,94.618,0.007999999999995566,HARD,2.0,2.0,5,dry,green,11.0,11.0,12.0,12.0,
matched_pair,2026,British Grand Prix,Race,race,Alpine,COL,GAS,28.0,29.0,94.652,94.437,-0.2150000000000034,HARD,2.0,2.0,6,dry,green,11.0,11.0,12.0,12.0,
matched_pair,2026,British Grand Prix,Race,race,Alpine,COL,GAS,29.0,30.0,94.868,94.619,-0.24899999999999523,HARD,2.0,2.0,7,dry,green,11.0,11.0,12.0,12.0,
matched_pair,2026,British Grand Prix,Race,race,Alpine,COL,GAS,30.0,31.0,94.744,94.721,-0.022999999999996135,HARD,2.0,2.0,8,dry,green,11.0,11.0,12.0,12.0,
matched_pair,2026,British Grand Prix,Race,race,Alpine,COL,GAS,31.0,32.0,95.017,95.063,0.04600000000000648,HARD,2.0,2.0,9,dry,green,11.0,11.0,12.0,12.0,
matched_pair,2026,British Grand Prix,Race,race,Alpine,COL,GAS,33.0,34.0,95.319,94.996,-0.3230000000000075,HARD,2.0,2.0,11,dry,green,11.0,11.0,12.0,12.0,
matched_pair,2026,British Grand Prix,Race,race,Alpine,COL,GAS,39.0,40.0,94.609,94.455,-0.15399999999999636,HARD,2.0,2.0,17,dry,green,11.0,11.0,12.0,12.0,
matched_pair,2026,British Grand Prix,Race,race,Alpine,COL,GAS,40.0,41.0,94.765,94.312,-0.45300000000000296,HARD,2.0,2.0,18,dry,green,11.0,11.0,12.0,12.0,
matched_pair,2026,British Grand Prix,Race,race,Alpine,COL,GAS,41.0,42.0,94.718,94.303,-0.41500000000000625,HARD,2.0,2.0,19,dry,green,11.0,11.0,12.0,12.0,
matched_pair,2026,British Grand Prix,Race,race,Alpine,COL,GAS,42.0,43.0,94.624,94.387,-0.23699999999999477,HARD,2.0,2.0,20,dry,green,11.0,11.0,12.0,12.0,
matched_pair,2026,British Grand Prix,Race,race,Alpine,COL,GAS,43.0,44.0,94.785,94.179,-0.6059999999999945,HARD,2.0,2.0,21,dry,green,11.0,11.0,12.0,12.0,
matched_pair,2026,British Grand Prix,Race,race,Alpine,COL,GAS,44.0,45.0,94.432,94.51,0.07800000000000296,HARD,2.0,2.0,22,dry,green,11.0,11.0,12.0,12.0,
matched_pair,2026,British Grand Prix,Race,race,Alpine,COL,GAS,3.0,3.0,96.677,96.022,-0.6550000000000011,MEDIUM,1.0,1.0,3,dry,green,14.0,14.0,13.0,12.0,
matched_pair,2026,British Grand Prix,Race,race,Alpine,COL,GAS,4.0,4.0,96.311,96.294,-0.017000000000010118,MEDIUM,1.0,1.0,4,dry,green,14.0,14.0,12.0,12.0,
matched_pair,2026,British Grand Prix,Race,race,Alpine,COL,GAS,6.0,6.0,97.119,96.336,-0.7830000000000013,MEDIUM,1.0,1.0,6,dry,green,13.0,13.0,12.0,11.0,
matched_pair,2026,British Grand Prix,Race,race,Alpine,COL,GAS,9.0,9.0,96.548,96.887,0.33899999999999864,MEDIUM,1.0,1.0,9,dry,green,13.0,12.0,11.0,11.0,
matched_pair,2026,British Grand Prix,Race,race,Alpine,COL,GAS,11.0,11.0,96.477,96.225,-0.25200000000000955,MEDIUM,1.0,1.0,11,dry,green,12.0,12.0,11.0,11.0,
matched_pair,2026,British Grand Prix,Race,race,Alpine,COL,GAS,12.0,12.0,96.843,96.165,-0.6779999999999973,MEDIUM,1.0,1.0,12,dry,green,12.0,12.0,11.0,11.0,
matched_pair,2026,British Grand Prix,Race,race,Alpine,COL,GAS,13.0,13.0,96.073,96.45,0.37700000000000955,MEDIUM,1.0,1.0,13,dry,green,12.0,12.0,11.0,11.0,
matched_pair,2026,British Grand Prix,Race,race,Alpine,COL,GAS,14.0,14.0,95.917,96.146,0.2289999999999992,MEDIUM,1.0,1.0,14,dry,green,12.0,12.0,11.0,11.0,
matched_pair,2026,British Grand Prix,Race,race,Alpine,COL,GAS,15.0,15.0,95.857,95.989,0.132000000000005,MEDIUM,1.0,1.0,15,dry,green,12.0,12.0,11.0,11.0,
matched_pair,2026,British Grand Prix,Race,race,Alpine,COL,GAS,16.0,16.0,96.579,96.296,-0.28299999999998704,MEDIUM,1.0,1.0,16,dry,green,12.0,12.0,11.0,11.0,
matched_pair,2026,British Grand Prix,Race,race,Alpine,COL,GAS,17.0,17.0,96.239,96.175,-0.06400000000000716,MEDIUM,1.0,1.0,17,dry,green,12.0,12.0,11.0,11.0,
matched_pair,2026,British Grand Prix,Race,race,Alpine,COL,GAS,18.0,18.0,96.248,96.323,0.07499999999998863,MEDIUM,1.0,1.0,18,dry,green,12.0,12.0,11.0,11.0,
matched_pair,2026,British Grand Prix,Race,race,Alpine,COL,GAS,19.0,19.0,96.072,95.953,-0.11899999999999977,MEDIUM,1.0,1.0,19,dry,green,12.0,12.0,11.0,11.0,
matched_pair,2026,British Grand Prix,Race,race,Alpine,COL,GAS,20.0,20.0,95.78,95.675,-0.10500000000000398,MEDIUM,1.0,1.0,20,dry,green,12.0,12.0,11.0,11.0,
matched_pair,2026,British Grand Prix,Race,race,Aston Martin,ALO,STR,22.0,20.0,97.414,98.266,0.8520000000000039,HARD,2.0,2.0,2,dry,green,21.0,20.0,21.0,21.0,
matched_pair,2026,British Grand Prix,Race,race,Aston Martin,ALO,STR,25.0,23.0,98.695,98.142,-0.5529999999999973,HARD,2.0,2.0,5,dry,green,20.0,20.0,21.0,21.0,
matched_pair,2026,British Grand Prix,Race,race,Aston Martin,ALO,STR,27.0,25.0,97.736,99.245,1.5090000000000003,HARD,2.0,2.0,7,dry,green,20.0,20.0,21.0,21.0,
matched_pair,2026,British Grand Prix,Race,race,Aston Martin,ALO,STR,28.0,26.0,98.043,97.697,-0.34600000000000364,HARD,2.0,2.0,8,dry,green,20.0,20.0,21.0,21.0,
matched_pair,2026,British Grand Prix,Race,race,Aston Martin,ALO,STR,29.0,27.0,97.534,98.034,0.5,HARD,2.0,2.0,9,dry,green,20.0,20.0,21.0,21.0,
matched_pair,2026,British Grand Prix,Race,race,Aston Martin,ALO,STR,30.0,28.0,97.544,97.9,0.35600000000000875,HARD,2.0,2.0,10,dry,green,20.0,20.0,21.0,21.0,
matched_pair,2026,British Grand Prix,Race,race,Aston Martin,ALO,STR,32.0,30.0,97.845,98.796,0.9510000000000076,HARD,2.0,2.0,12,dry,green,20.0,20.0,21.0,21.0,
matched_pair,2026,British Grand Prix,Race,race,Aston Martin,ALO,STR,33.0,31.0,97.52,98.108,0.5880000000000081,HARD,2.0,2.0,13,dry,green,20.0,20.0,21.0,21.0,
matched_pair,2026,British Grand Prix,Race,race,Aston Martin,ALO,STR,34.0,32.0,97.891,97.735,-0.1560000000000059,HARD,2.0,2.0,14,dry,green,20.0,20.0,21.0,21.0,
matched_pair,2026,British Grand Prix,Race,race,Aston Martin,ALO,STR,35.0,33.0,98.76,98.557,-0.20300000000000296,HARD,2.0,2.0,15,dry,green,20.0,20.0,21.0,21.0,
matched_pair,2026,British Grand Prix,Race,race,Aston Martin,ALO,STR,40.0,38.0,97.543,97.286,-0.257000000000005,HARD,2.0,2.0,20,dry,green,19.0,19.0,20.0,20.0,
matched_pair,2026,British Grand Prix,Race,race,Aston Martin,ALO,STR,41.0,39.0,96.695,98.264,1.5690000000000026,HARD,2.0,2.0,21,dry,green,19.0,19.0,20.0,20.0,
matched_pair,2026,British Grand Prix,Race,race,Aston Martin,ALO,STR,42.0,40.0,97.102,97.36,0.25799999999999557,HARD,2.0,2.0,22,dry,green,19.0,19.0,20.0,20.0,
matched_pair,2026,British Grand Prix,Race,race,Aston Martin,ALO,STR,43.0,41.0,97.26,97.232,-0.028000000000005798,HARD,2.0,2.0,23,dry,green,19.0,19.0,20.0,20.0,
matched_pair,2026,British Grand Prix,Race,race,Aston Martin,ALO,STR,3.0,3.0,98.632,98.764,0.1319999999999908,MEDIUM,1.0,1.0,3,dry,green,20.0,20.0,18.0,18.0,
matched_pair,2026,British Grand Prix,Race,race,Aston Martin,ALO,STR,4.0,4.0,98.775,99.417,0.6419999999999959,MEDIUM,1.0,1.0,4,dry,green,20.0,20.0,18.0,19.0,
matched_pair,2026,British Grand Prix,Race,race,Aston Martin,ALO,STR,5.0,5.0,98.933,98.909,-0.02400000000000091,MEDIUM,1.0,1.0,5,dry,green,20.0,20.0,19.0,19.0,
matched_pair,2026,British Grand Prix,Race,race,Aston Martin,ALO,STR,6.0,6.0,98.79,99.129,0.33899999999999864,MEDIUM,1.0,1.0,6,dry,green,20.0,20.0,19.0,19.0,
matched_pair,2026,British Grand Prix,Race,race,Aston Martin,ALO,STR,7.0,7.0,98.384,98.907,0.5229999999999961,MEDIUM,1.0,1.0,7,dry,green,20.0,20.0,19.0,19.0,
matched_pair,2026,British Grand Prix,Race,race,Aston Martin,ALO,STR,8.0,8.0,98.792,99.493,0.7009999999999934,MEDIUM,1.0,1.0,8,dry,green,20.0,20.0,19.0,19.0,
matched_pair,2026,British Grand Prix,Race,race,Aston Martin,ALO,STR,9.0,9.0,99.472,99.331,-0.14099999999999113,MEDIUM,1.0,1.0,9,dry,green,20.0,20.0,19.0,19.0,
matched_pair,2026,British Grand Prix,Race,race,Aston Martin,ALO,STR,10.0,10.0,99.093,99.256,0.1629999999999967,MEDIUM,1.0,1.0,10,dry,green,20.0,20.0,19.0,19.0,
matched_pair,2026,British Grand Prix,Race,race,Aston Martin,ALO,STR,11.0,11.0,99.003,99.195,0.19199999999999307,MEDIUM,1.0,1.0,11,dry,green,20.0,20.0,19.0,19.0,
matched_pair,2026,British Grand Prix,Race,race,Aston Martin,ALO,STR,12.0,12.0,99.136,98.983,-0.1529999999999916,MEDIUM,1.0,1.0,12,dry,green,20.0,20.0,19.0,19.0,
matched_pair,2026,British Grand Prix,Race,race,Aston Martin,ALO,STR,13.0,13.0,98.877,99.005,0.1280000000000001,MEDIUM,1.0,1.0,13,dry,green,20.0,20.0,19.0,19.0,
matched_pair,2026,British Grand Prix,Race,race,Aston Martin,ALO,STR,14.0,14.0,99.086,99.034,-0.0519999999999925,MEDIUM,1.0,1.0,14,dry,green,20.0,20.0,19.0,19.0,
matched_pair,2026,British Grand Prix,Race,race,Aston Martin,ALO,STR,16.0,16.0,99.21,99.129,-0.08099999999998886,MEDIUM,1.0,1.0,16,dry,green,21.0,21.0,20.0,20.0,
matched_pair,2026,British Grand Prix,Race,race,Aston Martin,ALO,STR,17.0,17.0,99.342,99.335,-0.007000000000005002,MEDIUM,1.0,1.0,17,dry,green,21.0,21.0,20.0,20.0,
matched_pair,2026,British Grand Prix,Race,race,Audi,BOR,HUL,29.0,20.0,93.776,95.386,1.6099999999999994,HARD,2.0,2.0,3,dry,green,10.0,10.0,18.0,17.0,
matched_pair,2026,British Grand Prix,Race,race,Audi,BOR,HUL,31.0,22.0,94.158,95.115,0.9569999999999936,HARD,2.0,2.0,5,dry,green,10.0,10.0,17.0,15.0,
matched_pair,2026,British Grand Prix,Race,race,Audi,BOR,HUL,32.0,23.0,94.422,95.077,0.6550000000000011,HARD,2.0,2.0,6,dry,green,10.0,10.0,15.0,15.0,
matched_pair,2026,British Grand Prix,Race,race,Audi,BOR,HUL,34.0,25.0,94.485,95.04,0.5550000000000068,HARD,2.0,2.0,8,dry,green,10.0,10.0,15.0,14.0,
matched_pair,2026,British Grand Prix,Race,race,Audi,BOR,HUL,35.0,26.0,94.516,95.073,0.556999999999988,HARD,2.0,2.0,9,dry,green,10.0,10.0,14.0,14.0,
matched_pair,2026,British Grand Prix,Race,race,Audi,BOR,HUL,36.0,27.0,94.588,95.019,0.4310000000000116,HARD,2.0,2.0,10,dry,green,10.0,10.0,14.0,13.0,
matched_pair,2026,British Grand Prix,Race,race,Audi,BOR,HUL,37.0,28.0,94.507,94.584,0.07699999999999818,HARD,2.0,2.0,11,dry,green,10.0,10.0,13.0,13.0,
matched_pair,2026,British Grand Prix,Race,race,Audi,BOR,HUL,40.0,31.0,94.412,94.783,0.3709999999999951,HARD,2.0,2.0,14,dry,green,10.0,10.0,13.0,13.0,
matched_pair,2026,British Grand Prix,Race,race,Audi,BOR,HUL,41.0,32.0,94.648,95.08,0.43200000000000216,HARD,2.0,2.0,15,dry,green,10.0,10.0,13.0,13.0,
matched_pair,2026,British Grand Prix,Race,race,Audi,BOR,HUL,42.0,33.0,94.452,94.947,0.49500000000000455,HARD,2.0,2.0,16,dry,green,10.0,10.0,13.0,13.0,
matched_pair,2026,British Grand Prix,Race,race,Audi,BOR,HUL,3.0,3.0,96.169,96.803,0.6340000000000003,MEDIUM,1.0,1.0,3,dry,green,11.0,11.0,19.0,19.0,
matched_pair,2026,British Grand Prix,Race,race,Audi,BOR,HUL,4.0,4.0,96.262,96.654,0.3919999999999959,MEDIUM,1.0,1.0,4,dry,green,11.0,11.0,19.0,18.0,
matched_pair,2026,British Grand Prix,Race,race,Audi,BOR,HUL,7.0,7.0,95.792,96.294,0.5019999999999953,MEDIUM,1.0,1.0,7,dry,green,10.0,10.0,18.0,17.0,
matched_pair,2026,British Grand Prix,Race,race,Audi,BOR,HUL,8.0,8.0,95.972,97.217,1.2450000000000045,MEDIUM,1.0,1.0,8,dry,green,10.0,10.0,17.0,17.0,
matched_pair,2026,British Grand Prix,Race,race,Audi,BOR,HUL,9.0,9.0,96.141,96.884,0.742999999999995,MEDIUM,1.0,1.0,9,dry,green,10.0,10.0,17.0,17.0,
matched_pair,2026,British Grand Prix,Race,race,Audi,BOR,HUL,10.0,10.0,96.116,96.607,0.49099999999999966,MEDIUM,1.0,1.0,10,dry,green,10.0,10.0,17.0,16.0,
matched_pair,2026,British Grand Prix,Race,race,Audi,BOR,HUL,11.0,11.0,95.671,96.774,1.1029999999999944,MEDIUM,1.0,1.0,11,dry,green,10.0,10.0,16.0,16.0,
matched_pair,2026,British Grand Prix,Race,race,Audi,BOR,HUL,12.0,12.0,95.88,96.055,0.17500000000001137,MEDIUM,1.0,1.0,12,dry,green,10.0,10.0,16.0,15.0,
matched_pair,2026,British Grand Prix,Race,race,Audi,BOR,HUL,13.0,13.0,96.293,96.758,0.4649999999999892,MEDIUM,1.0,1.0,13,dry,green,10.0,10.0,15.0,15.0,
matched_pair,2026,British Grand Prix,Race,race,Audi,BOR,HUL,14.0,14.0,95.862,96.095,0.2330000000000041,MEDIUM,1.0,1.0,14,dry,green,10.0,10.0,15.0,15.0,
matched_pair,2026,British Grand Prix,Race,race,Audi,BOR,HUL,15.0,15.0,95.766,95.853,0.08699999999998909,MEDIUM,1.0,1.0,15,dry,green,10.0,10.0,15.0,15.0,
matched_pair,2026,British Grand Prix,Race,race,Audi,BOR,HUL,16.0,16.0,96.062,95.962,-0.09999999999999432,MEDIUM,1.0,1.0,16,dry,green,10.0,10.0,15.0,15.0,
matched_pair,2026,British Grand Prix,Race,race,Cadillac,BOT,PER,31.0,23.0,95.893,97.496,1.6029999999999944,HARD,2.0,2.0,2,dry,green,19.0,19.0,18.0,18.0,
matched_pair,2026,British Grand Prix,Race,race,Cadillac,BOT,PER,32.0,24.0,96.192,97.186,0.994000000000014,HARD,2.0,2.0,3,dry,green,19.0,19.0,18.0,18.0,
matched_pair,2026,British Grand Prix,Race,race,Cadillac,BOT,PER,33.0,25.0,96.204,95.826,-0.3780000000000001,HARD,2.0,2.0,4,dry,green,19.0,19.0,18.0,17.0,
matched_pair,2026,British Grand Prix,Race,race,Cadillac,BOT,PER,34.0,26.0,96.54,95.661,-0.8790000000000049,HARD,2.0,2.0,5,dry,green,19.0,19.0,17.0,17.0,
matched_pair,2026,British Grand Prix,Race,race,Cadillac,BOT,PER,35.0,27.0,96.131,96.824,0.6929999999999978,HARD,2.0,2.0,6,dry,green,19.0,19.0,17.0,18.0,
matched_pair,2026,British Grand Prix,Race,race,Cadillac,BOT,PER,36.0,28.0,96.181,96.534,0.35300000000000864,HARD,2.0,2.0,7,dry,green,19.0,19.0,18.0,18.0,
matched_pair,2026,British Grand Prix,Race,race,Cadillac,BOT,PER,41.0,33.0,96.141,96.403,0.26200000000000045,HARD,2.0,2.0,12,dry,green,18.0,18.0,18.0,18.0,
matched_pair,2026,British Grand Prix,Race,race,Cadillac,BOT,PER,43.0,35.0,96.161,96.497,0.3359999999999985,HARD,2.0,2.0,14,dry,green,18.0,18.0,18.0,18.0,
matched_pair,2026,British Grand Prix,Race,race,Cadillac,BOT,PER,44.0,36.0,97.012,96.457,-0.5550000000000068,HARD,2.0,2.0,15,dry,green,18.0,18.0,18.0,18.0,
matched_pair,2026,British Grand Prix,Race,race,Cadillac,BOT,PER,3.0,3.0,97.527,96.934,-0.5930000000000035,MEDIUM,1.0,1.0,3,dry,green,16.0,16.0,15.0,15.0,
matched_pair,2026,British Grand Prix,Race,race,Cadillac,BOT,PER,4.0,4.0,97.283,97.232,-0.05100000000000193,MEDIUM,1.0,1.0,4,dry,green,16.0,16.0,15.0,15.0,
matched_pair,2026,British Grand Prix,Race,race,Cadillac,BOT,PER,5.0,5.0,97.157,97.229,0.07200000000000273,MEDIUM,1.0,1.0,5,dry,green,16.0,16.0,15.0,15.0,
matched_pair,2026,British Grand Prix,Race,race,Cadillac,BOT,PER,6.0,6.0,98.028,96.94,-1.088000000000008,MEDIUM,1.0,1.0,6,dry,green,16.0,17.0,15.0,15.0,
matched_pair,2026,British Grand Prix,Race,race,Cadillac,BOT,PER,7.0,7.0,98.414,97.311,-1.1029999999999944,MEDIUM,1.0,1.0,7,dry,green,17.0,18.0,15.0,15.0,
matched_pair,2026,British Grand Prix,Race,race,Cadillac,BOT,PER,8.0,8.0,97.759,97.54,-0.2189999999999941,MEDIUM,1.0,1.0,8,dry,green,18.0,18.0,15.0,15.0,
matched_pair,2026,British Grand Prix,Race,race,Cadillac,BOT,PER,9.0,9.0,98.164,97.662,-0.5019999999999953,MEDIUM,1.0,1.0,9,dry,green,18.0,18.0,15.0,15.0,
matched_pair,2026,British Grand Prix,Race,race,Cadillac,BOT,PER,11.0,11.0,98.082,97.545,-0.5369999999999919,MEDIUM,1.0,1.0,11,dry,green,18.0,18.0,15.0,15.0,
matched_pair,2026,British Grand Prix,Race,race,Cadillac,BOT,PER,13.0,13.0,97.644,97.294,-0.3500000000000085,MEDIUM,1.0,1.0,13,dry,green,18.0,18.0,16.0,16.0,
matched_pair,2026,British Grand Prix,Race,race,Cadillac,BOT,PER,14.0,14.0,97.7,97.156,-0.5439999999999969,MEDIUM,1.0,1.0,14,dry,green,18.0,18.0,16.0,16.0,
matched_pair,2026,British Grand Prix,Race,race,Cadillac,BOT,PER,15.0,15.0,97.577,96.975,-0.6020000000000039,MEDIUM,1.0,1.0,15,dry,green,18.0,18.0,16.0,16.0,
matched_pair,2026,British Grand Prix,Race,race,Cadillac,BOT,PER,16.0,16.0,97.667,97.265,-0.402000000000001,MEDIUM,1.0,1.0,16,dry,green,18.0,18.0,16.0,16.0,
matched_pair,2026,British Grand Prix,Race,race,Cadillac,BOT,PER,17.0,17.0,97.675,96.947,-0.7279999999999944,MEDIUM,1.0,1.0,17,dry,green,18.0,18.0,16.0,16.0,
matched_pair,2026,British Grand Prix,Race,race,Cadillac,BOT,PER,18.0,18.0,98.067,97.577,-0.4899999999999949,MEDIUM,1.0,1.0,18,dry,green,18.0,17.0,16.0,15.0,
matched_pair,2026,British Grand Prix,Race,race,Cadillac,BOT,PER,19.0,19.0,97.829,97.094,-0.7349999999999994,MEDIUM,1.0,1.0,19,dry,green,17.0,17.0,15.0,15.0,
matched_pair,2026,British Grand Prix,Race,race,Cadillac,BOT,PER,20.0,20.0,98.788,96.721,-2.066999999999993,MEDIUM,1.0,1.0,20,dry,green,17.0,18.0,15.0,15.0,
matched_pair,2026,British Grand Prix,Race,race,Ferrari,HAM,LEC,25.0,27.0,92.309,92.951,0.6419999999999959,HARD,2.0,2.0,2,dry,green,6.0,6.0,2.0,2.0,
matched_pair,2026,British Grand Prix,Race,race,Ferrari,HAM,LEC,26.0,28.0,92.667,93.427,0.7600000000000051,HARD,2.0,2.0,3,dry,green,6.0,6.0,2.0,2.0,
matched_pair,2026,British Grand Prix,Race,race,Ferrari,HAM,LEC,27.0,29.0,92.916,93.007,0.09100000000000819,HARD,2.0,2.0,4,dry,green,6.0,6.0,2.0,2.0,
matched_pair,2026,British Grand Prix,Race,race,Ferrari,HAM,LEC,28.0,30.0,92.922,93.26,0.33800000000000807,HARD,2.0,2.0,5,dry,green,6.0,6.0,2.0,2.0,
matched_pair,2026,British Grand Prix,Race,race,Ferrari,HAM,LEC,30.0,32.0,93.207,93.072,-0.1349999999999909,HARD,2.0,2.0,7,dry,green,5.0,5.0,2.0,2.0,
matched_pair,2026,British Grand Prix,Race,race,Ferrari,HAM,LEC,32.0,34.0,93.746,93.247,-0.4989999999999952,HARD,2.0,2.0,9,dry,green,5.0,5.0,2.0,2.0,
matched_pair,2026,British Grand Prix,Race,race,Ferrari,HAM,LEC,33.0,35.0,93.882,93.335,-0.5470000000000113,HARD,2.0,2.0,10,dry,green,5.0,5.0,2.0,2.0,
matched_pair,2026,British Grand Prix,Race,race,Ferrari,HAM,LEC,34.0,36.0,93.896,93.448,-0.4480000000000075,HARD,2.0,2.0,11,dry,green,5.0,5.0,2.0,1.0,
matched_pair,2026,British Grand Prix,Race,race,Ferrari,HAM,LEC,35.0,37.0,94.034,93.449,-0.585000000000008,HARD,2.0,2.0,12,dry,green,5.0,4.0,1.0,1.0,
matched_pair,2026,British Grand Prix,Race,race,Ferrari,HAM,LEC,40.0,42.0,93.742,93.422,-0.3200000000000074,HARD,2.0,2.0,17,dry,green,3.0,3.0,1.0,1.0,
matched_pair,2026,British Grand Prix,Race,race,Ferrari,HAM,LEC,41.0,43.0,93.421,92.871,-0.5500000000000114,HARD,2.0,2.0,18,dry,green,3.0,3.0,1.0,1.0,
matched_pair,2026,British Grand Prix,Race,race,Ferrari,HAM,LEC,42.0,44.0,93.337,93.09,-0.2469999999999999,HARD,2.0,2.0,19,dry,green,3.0,2.0,1.0,1.0,
matched_pair,2026,British Grand Prix,Race,race,Ferrari,HAM,LEC,43.0,45.0,93.029,92.89,-0.1389999999999958,HARD,2.0,2.0,20,dry,green,2.0,2.0,1.0,1.0,
matched_pair,2026,British Grand Prix,Race,race,Ferrari,HAM,LEC,44.0,46.0,93.042,93.385,0.3430000000000035,HARD,2.0,2.0,21,dry,green,2.0,2.0,1.0,1.0,
matched_pair,2026,British Grand Prix,Race,race,Ferrari,HAM,LEC,45.0,47.0,92.783,93.275,0.49200000000000443,HARD,2.0,2.0,22,dry,green,2.0,2.0,1.0,1.0,
matched_pair,2026,British Grand Prix,Race,race,Ferrari,HAM,LEC,3.0,3.0,94.05,93.995,-0.05499999999999261,MEDIUM,1.0,1.0,3,dry,green,2.0,2.0,1.0,1.0,
matched_pair,2026,British Grand Prix,Race,race,Ferrari,HAM,LEC,4.0,4.0,93.943,93.737,-0.20600000000000307,MEDIUM,1.0,1.0,4,dry,green,2.0,2.0,1.0,1.0,
matched_pair,2026,British Grand Prix,Race,race,Ferrari,HAM,LEC,5.0,5.0,94.755,94.32,-0.4350000000000023,MEDIUM,1.0,1.0,5,dry,green,2.0,2.0,1.0,1.0,
matched_pair,2026,British Grand Prix,Race,race,Ferrari,HAM,LEC,6.0,6.0,94.672,94.069,-0.6029999999999944,MEDIUM,1.0,1.0,6,dry,green,2.0,2.0,1.0,1.0,
matched_pair,2026,British Grand Prix,Race,race,Ferrari,HAM,LEC,7.0,7.0,94.735,94.66,-0.07500000000000284,MEDIUM,1.0,1.0,7,dry,green,2.0,2.0,1.0,1.0,
matched_pair,2026,British Grand Prix,Race,race,Ferrari,HAM,LEC,8.0,8.0,94.651,94.342,-0.3089999999999975,MEDIUM,1.0,1.0,8,dry,green,2.0,2.0,1.0,1.0,
matched_pair,2026,British Grand Prix,Race,race,Ferrari,HAM,LEC,9.0,9.0,95.009,94.452,-0.5570000000000022,MEDIUM,1.0,1.0,9,dry,green,2.0,2.0,1.0,1.0,
matched_pair,2026,British Grand Prix,Race,race,Ferrari,HAM,LEC,10.0,10.0,94.986,94.302,-0.6839999999999975,MEDIUM,1.0,1.0,10,dry,green,2.0,2.0,1.0,1.0,
matched_pair,2026,British Grand Prix,Race,race,Ferrari,HAM,LEC,12.0,12.0,94.641,94.346,-0.2950000000000017,MEDIUM,1.0,1.0,12,dry,green,3.0,3.0,1.0,1.0,
matched_pair,2026,British Grand Prix,Race,race,Ferrari,HAM,LEC,13.0,13.0,94.778,94.46,-0.31800000000001205,MEDIUM,1.0,1.0,13,dry,green,3.0,3.0,1.0,1.0,
matched_pair,2026,British Grand Prix,Race,race,Ferrari,HAM,LEC,14.0,14.0,94.431,94.149,-0.2819999999999965,MEDIUM,1.0,1.0,14,dry,green,3.0,3.0,1.0,1.0,
matched_pair,2026,British Grand Prix,Race,race,Ferrari,HAM,LEC,15.0,15.0,94.761,93.964,-0.796999999999997,MEDIUM,1.0,1.0,15,dry,green,3.0,3.0,1.0,1.0,
matched_pair,2026,British Grand Prix,Race,race,Ferrari,HAM,LEC,17.0,17.0,95.107,94.238,-0.8689999999999998,MEDIUM,1.0,1.0,17,dry,green,3.0,3.0,1.0,1.0,
matched_pair,2026,British Grand Prix,Race,race,Ferrari,HAM,LEC,18.0,18.0,94.887,94.567,-0.3200000000000074,MEDIUM,1.0,1.0,18,dry,green,3.0,3.0,1.0,1.0,
matched_pair,2026,British Grand Prix,Race,race,Ferrari,HAM,LEC,19.0,19.0,94.606,94.66,0.054000000000002046,MEDIUM,1.0,1.0,19,dry,green,3.0,3.0,1.0,1.0,
matched_pair,2026,British Grand Prix,Race,race,Ferrari,HAM,LEC,20.0,20.0,94.395,94.33,-0.06499999999999773,MEDIUM,1.0,1.0,20,dry,green,3.0,3.0,1.0,1.0,
matched_pair,2026,British Grand Prix,Race,race,Ferrari,HAM,LEC,21.0,21.0,94.801,94.291,-0.5100000000000051,MEDIUM,1.0,1.0,21,dry,green,3.0,3.0,1.0,1.0,
matched_pair,2026,British Grand Prix,Race,race,Haas F1 Team,BEA,OCO,32.0,24.0,94.854,95.533,0.679000000000002,HARD,2.0,2.0,3,dry,green,17.0,17.0,19.0,19.0,
matched_pair,2026,British Grand Prix,Race,race,Haas F1 Team,BEA,OCO,33.0,25.0,95.006,95.738,0.7319999999999993,HARD,2.0,2.0,4,dry,green,17.0,17.0,19.0,18.0,
matched_pair,2026,British Grand Prix,Race,race,Haas F1 Team,BEA,OCO,34.0,26.0,94.565,95.711,1.1460000000000008,HARD,2.0,2.0,5,dry,green,17.0,16.0,18.0,18.0,
matched_pair,2026,British Grand Prix,Race,race,Haas F1 Team,BEA,OCO,35.0,27.0,95.352,95.844,0.4919999999999902,HARD,2.0,2.0,6,dry,green,16.0,16.0,18.0,17.0,
matched_pair,2026,British Grand Prix,Race,race,Haas F1 Team,BEA,OCO,36.0,28.0,95.004,95.946,0.9419999999999931,HARD,2.0,2.0,7,dry,green,16.0,16.0,17.0,17.0,
matched_pair,2026,British Grand Prix,Race,race,Haas F1 Team,BEA,OCO,40.0,32.0,95.464,95.614,0.15000000000000568,HARD,2.0,2.0,11,dry,green,14.0,15.0,16.0,16.0,
matched_pair,2026,British Grand Prix,Race,race,Haas F1 Team,BEA,OCO,41.0,33.0,95.163,95.41,0.2469999999999999,HARD,2.0,2.0,12,dry,green,15.0,15.0,16.0,16.0,
matched_pair,2026,British Grand Prix,Race,race,Haas F1 Team,BEA,OCO,42.0,34.0,94.989,96.252,1.262999999999991,HARD,2.0,2.0,13,dry,green,15.0,15.0,16.0,17.0,
matched_pair,2026,British Grand Prix,Race,race,Haas F1 Team,BEA,OCO,3.0,3.0,97.373,97.122,-0.2510000000000048,MEDIUM,1.0,1.0,3,dry,green,17.0,17.0,12.0,13.0,
matched_pair,2026,British Grand Prix,Race,race,Haas F1 Team,BEA,OCO,4.0,4.0,97.13,96.797,-0.3329999999999984,MEDIUM,1.0,1.0,4,dry,green,17.0,17.0,13.0,13.0,
matched_pair,2026,British Grand Prix,Race,race,Haas F1 Team,BEA,OCO,6.0,6.0,96.479,97.297,0.8179999999999978,MEDIUM,1.0,1.0,6,dry,green,17.0,16.0,14.0,14.0,
matched_pair,2026,British Grand Prix,Race,race,Haas F1 Team,BEA,OCO,7.0,7.0,97.331,96.697,-0.6340000000000003,MEDIUM,1.0,1.0,7,dry,green,16.0,16.0,14.0,14.0,
matched_pair,2026,British Grand Prix,Race,race,Haas F1 Team,BEA,OCO,8.0,8.0,97.205,97.005,-0.20000000000000284,MEDIUM,1.0,1.0,8,dry,green,16.0,16.0,14.0,14.0,
matched_pair,2026,British Grand Prix,Race,race,Haas F1 Team,BEA,OCO,9.0,9.0,97.289,97.375,0.08599999999999852,MEDIUM,1.0,1.0,9,dry,green,16.0,16.0,14.0,14.0,
matched_pair,2026,British Grand Prix,Race,race,Haas F1 Team,BEA,OCO,11.0,11.0,97.041,97.088,0.046999999999997044,MEDIUM,1.0,1.0,11,dry,green,17.0,17.0,14.0,14.0,
matched_pair,2026,British Grand Prix,Race,race,Haas F1 Team,BEA,OCO,12.0,12.0,97.18,97.021,-0.15900000000000603,MEDIUM,1.0,1.0,12,dry,green,17.0,17.0,14.0,14.0,
matched_pair,2026,British Grand Prix,Race,race,Haas F1 Team,BEA,OCO,13.0,13.0,97.119,96.689,-0.4300000000000068,MEDIUM,1.0,1.0,13,dry,green,17.0,17.0,14.0,14.0,
matched_pair,2026,British Grand Prix,Race,race,Haas F1 Team,BEA,OCO,14.0,14.0,96.894,96.866,-0.028000000000005798,MEDIUM,1.0,1.0,14,dry,green,17.0,17.0,14.0,14.0,
matched_pair,2026,British Grand Prix,Race,race,Haas F1 Team,BEA,OCO,15.0,15.0,97.135,96.67,-0.4650000000000034,MEDIUM,1.0,1.0,15,dry,green,17.0,17.0,14.0,14.0,
matched_pair,2026,British Grand Prix,Race,race,Haas F1 Team,BEA,OCO,16.0,16.0,96.996,97.073,0.07699999999999818,MEDIUM,1.0,1.0,16,dry,green,17.0,17.0,14.0,14.0,
matched_pair,2026,British Grand Prix,Race,race,Haas F1 Team,BEA,OCO,17.0,17.0,97.008,97.263,0.25500000000000966,MEDIUM,1.0,1.0,17,dry,green,17.0,17.0,14.0,15.0,
matched_pair,2026,British Grand Prix,Race,race,Haas F1 Team,BEA,OCO,18.0,18.0,97.453,96.953,-0.5,MEDIUM,1.0,1.0,18,dry,green,17.0,16.0,15.0,14.0,
matched_pair,2026,British Grand Prix,Race,race,Haas F1 Team,BEA,OCO,19.0,19.0,97.157,96.765,-0.3919999999999959,MEDIUM,1.0,1.0,19,dry,green,16.0,16.0,14.0,14.0,
matched_pair,2026,British Grand Prix,Race,race,Haas F1 Team,BEA,OCO,20.0,20.0,96.729,96.514,-0.2150000000000034,MEDIUM,1.0,1.0,20,dry,green,16.0,16.0,14.0,14.0,
matched_pair,2026,British Grand Prix,Race,race,McLaren,NOR,PIA,30.0,4.0,92.901,94.363,1.4620000000000033,HARD,2.0,2.0,2,dry,green,7.0,6.0,21.0,21.0,
matched_pair,2026,British Grand Prix,Race,race,McLaren,NOR,PIA,31.0,5.0,93.454,94.721,1.2670000000000101,HARD,2.0,2.0,3,dry,green,6.0,6.0,21.0,21.0,
matched_pair,2026,British Grand Prix,Race,race,McLaren,NOR,PIA,32.0,6.0,93.196,94.631,1.4350000000000023,HARD,2.0,2.0,4,dry,green,6.0,6.0,21.0,21.0,
matched_pair,2026,British Grand Prix,Race,race,McLaren,NOR,PIA,33.0,7.0,93.33,94.878,1.5480000000000018,HARD,2.0,2.0,5,dry,green,6.0,6.0,21.0,21.0,
matched_pair,2026,British Grand Prix,Race,race,McLaren,NOR,PIA,34.0,8.0,93.468,94.798,1.3299999999999983,HARD,2.0,2.0,6,dry,green,6.0,6.0,21.0,21.0,
matched_pair,2026,British Grand Prix,Race,race,McLaren,NOR,PIA,35.0,9.0,93.532,95.396,1.8640000000000043,HARD,2.0,2.0,7,dry,green,6.0,5.0,21.0,21.0,
matched_pair,2026,British Grand Prix,Race,race,McLaren,NOR,PIA,36.0,10.0,93.514,95.224,1.710000000000008,HARD,2.0,2.0,8,dry,green,5.0,5.0,21.0,21.0,
matched_pair,2026,British Grand Prix,Race,race,McLaren,NOR,PIA,3.0,39.0,95.241,93.169,-2.0720000000000027,MEDIUM,1.0,3.0,3,dry,green,7.0,7.0,16.0,15.0,
matched_pair,2026,British Grand Prix,Race,race,McLaren,NOR,PIA,4.0,40.0,95.116,93.535,-1.581000000000003,MEDIUM,1.0,3.0,4,dry,green,7.0,7.0,15.0,14.0,
matched_pair,2026,British Grand Prix,Race,race,McLaren,NOR,PIA,5.0,41.0,95.154,93.145,-2.0090000000000003,MEDIUM,1.0,3.0,5,dry,green,7.0,7.0,14.0,14.0,
matched_pair,2026,British Grand Prix,Race,race,McLaren,NOR,PIA,6.0,42.0,94.875,92.917,-1.9579999999999984,MEDIUM,1.0,3.0,6,dry,green,7.0,7.0,14.0,14.0,
matched_pair,2026,British Grand Prix,Race,race,McLaren,NOR,PIA,7.0,43.0,95.086,93.069,-2.016999999999996,MEDIUM,1.0,3.0,7,dry,green,7.0,7.0,14.0,14.0,
matched_pair,2026,British Grand Prix,Race,race,Mercedes,ANT,RUS,37.0,25.0,91.777,92.758,0.9809999999999945,HARD,2.0,2.0,2,dry,green,2.0,2.0,5.0,5.0,
matched_pair,2026,British Grand Prix,Race,race,Mercedes,ANT,RUS,40.0,28.0,91.904,93.108,1.2040000000000077,HARD,2.0,2.0,5,dry,green,2.0,2.0,5.0,5.0,
matched_pair,2026,British Grand Prix,Race,race,Mercedes,ANT,RUS,45.0,36.0,93.812,92.489,-1.3229999999999933,MEDIUM,4.0,3.0,2,dry,green,10.0,10.0,7.0,6.0,
matched_pair,2026,British Grand Prix,Race,race,Mercedes,ANT,RUS,3.0,3.0,94.05,94.725,0.6749999999999972,MEDIUM,1.0,1.0,3,dry,green,3.0,3.0,4.0,4.0,
matched_pair,2026,British Grand Prix,Race,race,Mercedes,ANT,RUS,46.0,37.0,93.503,92.498,-1.0049999999999955,MEDIUM,4.0,3.0,3,dry,green,10.0,10.0,6.0,6.0,
matched_pair,2026,British Grand Prix,Race,race,Mercedes,ANT,RUS,4.0,4.0,94.373,94.598,0.22499999999999432,MEDIUM,1.0,1.0,4,dry,green,3.0,3.0,4.0,4.0,
matched_pair,2026,British Grand Prix,Race,race,Mercedes,ANT,RUS,6.0,6.0,94.464,94.872,0.40800000000000125,MEDIUM,1.0,1.0,6,dry,green,3.0,3.0,4.0,4.0,
matched_pair,2026,British Grand Prix,Race,race,Mercedes,ANT,RUS,7.0,7.0,94.477,94.469,-0.008000000000009777,MEDIUM,1.0,1.0,7,dry,green,3.0,3.0,4.0,4.0,
matched_pair,2026,British Grand Prix,Race,race,Mercedes,ANT,RUS,11.0,11.0,94.276,95.107,0.8310000000000031,MEDIUM,1.0,1.0,11,dry,green,3.0,2.0,4.0,4.0,
matched_pair,2026,British Grand Prix,Race,race,Mercedes,ANT,RUS,12.0,12.0,94.488,94.961,0.472999999999999,MEDIUM,1.0,1.0,12,dry,green,2.0,2.0,4.0,4.0,
matched_pair,2026,British Grand Prix,Race,race,Mercedes,ANT,RUS,13.0,13.0,94.592,95.077,0.48499999999999943,MEDIUM,1.0,1.0,13,dry,green,2.0,2.0,4.0,4.0,
matched_pair,2026,British Grand Prix,Race,race,Mercedes,ANT,RUS,14.0,14.0,94.117,94.708,0.590999999999994,MEDIUM,1.0,1.0,14,dry,green,2.0,2.0,4.0,4.0,
matched_pair,2026,British Grand Prix,Race,race,Mercedes,ANT,RUS,15.0,15.0,93.91,94.564,0.6539999999999964,MEDIUM,1.0,1.0,15,dry,green,2.0,2.0,4.0,4.0,
matched_pair,2026,British Grand Prix,Race,race,Mercedes,ANT,RUS,16.0,16.0,94.29,94.867,0.5769999999999982,MEDIUM,1.0,1.0,16,dry,green,2.0,2.0,4.0,4.0,
matched_pair,2026,British Grand Prix,Race,race,Mercedes,ANT,RUS,18.0,18.0,94.259,95.196,0.9369999999999976,MEDIUM,1.0,1.0,18,dry,green,2.0,2.0,5.0,4.0,
matched_pair,2026,British Grand Prix,Race,race,Mercedes,ANT,RUS,19.0,19.0,94.268,94.581,0.3130000000000024,MEDIUM,1.0,1.0,19,dry,green,2.0,2.0,4.0,4.0,
matched_pair,2026,British Grand Prix,Race,race,Mercedes,ANT,RUS,20.0,20.0,94.066,94.553,0.48699999999999477,MEDIUM,1.0,1.0,20,dry,green,2.0,2.0,4.0,4.0,
matched_pair,2026,British Grand Prix,Race,race,Mercedes,ANT,RUS,21.0,21.0,94.078,94.405,0.3269999999999982,MEDIUM,1.0,1.0,21,dry,green,2.0,2.0,4.0,4.0,
matched_pair,2026,British Grand Prix,Race,race,Racing Bulls,LAW,LIN,31.0,30.0,94.099,93.928,-0.17100000000000648,HARD,2.0,2.0,3,dry,green,8.0,8.0,9.0,9.0,
matched_pair,2026,British Grand Prix,Race,race,Racing Bulls,LAW,LIN,32.0,31.0,93.938,93.748,-0.18999999999999773,HARD,2.0,2.0,4,dry,green,8.0,8.0,9.0,9.0,
matched_pair,2026,British Grand Prix,Race,race,Racing Bulls,LAW,LIN,33.0,32.0,93.857,93.919,0.06199999999999761,HARD,2.0,2.0,5,dry,green,8.0,8.0,9.0,9.0,
matched_pair,2026,British Grand Prix,Race,race,Racing Bulls,LAW,LIN,34.0,33.0,93.867,93.853,-0.014000000000010004,HARD,2.0,2.0,6,dry,green,8.0,8.0,9.0,9.0,
matched_pair,2026,British Grand Prix,Race,race,Racing Bulls,LAW,LIN,35.0,34.0,94.178,94.074,-0.1039999999999992,HARD,2.0,2.0,7,dry,green,8.0,8.0,9.0,9.0,
matched_pair,2026,British Grand Prix,Race,race,Racing Bulls,LAW,LIN,36.0,35.0,94.238,94.158,-0.0799999999999983,HARD,2.0,2.0,8,dry,green,8.0,8.0,9.0,9.0,
matched_pair,2026,British Grand Prix,Race,race,Racing Bulls,LAW,LIN,37.0,36.0,93.943,94.38,0.4369999999999976,HARD,2.0,2.0,9,dry,green,8.0,8.0,9.0,9.0,
matched_pair,2026,British Grand Prix,Race,race,Racing Bulls,LAW,LIN,41.0,40.0,94.246,94.136,-0.10999999999999943,HARD,2.0,2.0,13,dry,green,8.0,8.0,9.0,9.0,
matched_pair,2026,British Grand Prix,Race,race,Racing Bulls,LAW,LIN,42.0,41.0,93.804,94.369,0.5649999999999977,HARD,2.0,2.0,14,dry,green,8.0,8.0,9.0,9.0,
matched_pair,2026,British Grand Prix,Race,race,Racing Bulls,LAW,LIN,43.0,42.0,94.026,94.11,0.08400000000000318,HARD,2.0,2.0,15,dry,green,8.0,8.0,9.0,9.0,
matched_pair,2026,British Grand Prix,Race,race,Racing Bulls,LAW,LIN,45.0,44.0,93.648,94.327,0.679000000000002,HARD,2.0,2.0,17,dry,green,7.0,7.0,9.0,8.0,
matched_pair,2026,British Grand Prix,Race,race,Racing Bulls,LAW,LIN,46.0,45.0,93.918,94.039,0.12099999999999511,HARD,2.0,2.0,18,dry,green,7.0,7.0,8.0,8.0,
matched_pair,2026,British Grand Prix,Race,race,Racing Bulls,LAW,LIN,3.0,3.0,96.255,95.959,-0.29599999999999227,MEDIUM,1.0,1.0,3,dry,green,8.0,8.0,9.0,9.0,
matched_pair,2026,British Grand Prix,Race,race,Racing Bulls,LAW,LIN,4.0,4.0,95.707,95.642,-0.06499999999999773,MEDIUM,1.0,1.0,4,dry,green,8.0,8.0,9.0,9.0,
matched_pair,2026,British Grand Prix,Race,race,Racing Bulls,LAW,LIN,5.0,5.0,95.639,95.73,0.09100000000000819,MEDIUM,1.0,1.0,5,dry,green,8.0,8.0,9.0,9.0,
matched_pair,2026,British Grand Prix,Race,race,Racing Bulls,LAW,LIN,6.0,6.0,95.737,95.824,0.0870000000000033,MEDIUM,1.0,1.0,6,dry,green,8.0,8.0,9.0,9.0,
matched_pair,2026,British Grand Prix,Race,race,Racing Bulls,LAW,LIN,7.0,7.0,96.097,95.972,-0.125,MEDIUM,1.0,1.0,7,dry,green,8.0,8.0,9.0,9.0,
matched_pair,2026,British Grand Prix,Race,race,Racing Bulls,LAW,LIN,8.0,8.0,95.971,96.144,0.17300000000000182,MEDIUM,1.0,1.0,8,dry,green,8.0,8.0,9.0,9.0,
matched_pair,2026,British Grand Prix,Race,race,Racing Bulls,LAW,LIN,10.0,10.0,96.255,96.249,-0.006000000000000227,MEDIUM,1.0,1.0,10,dry,green,8.0,8.0,9.0,9.0,
matched_pair,2026,British Grand Prix,Race,race,Racing Bulls,LAW,LIN,11.0,11.0,96.158,96.093,-0.06499999999999773,MEDIUM,1.0,1.0,11,dry,green,8.0,8.0,9.0,9.0,
matched_pair,2026,British Grand Prix,Race,race,Racing Bulls,LAW,LIN,13.0,13.0,95.831,96.167,0.3359999999999985,MEDIUM,1.0,1.0,13,dry,green,8.0,8.0,9.0,9.0,
matched_pair,2026,British Grand Prix,Race,race,Racing Bulls,LAW,LIN,14.0,14.0,95.903,95.72,-0.18300000000000693,MEDIUM,1.0,1.0,14,dry,green,8.0,8.0,9.0,9.0,
matched_pair,2026,British Grand Prix,Race,race,Racing Bulls,LAW,LIN,15.0,15.0,95.66,95.448,-0.2120000000000033,MEDIUM,1.0,1.0,15,dry,green,8.0,8.0,9.0,9.0,
matched_pair,2026,British Grand Prix,Race,race,Racing Bulls,LAW,LIN,16.0,16.0,95.721,95.99,0.26899999999999125,MEDIUM,1.0,1.0,16,dry,green,8.0,8.0,9.0,9.0,
matched_pair,2026,British Grand Prix,Race,race,Racing Bulls,LAW,LIN,17.0,17.0,95.603,95.751,0.14800000000001035,MEDIUM,1.0,1.0,17,dry,green,8.0,8.0,9.0,9.0,
matched_pair,2026,British Grand Prix,Race,race,Racing Bulls,LAW,LIN,18.0,18.0,95.81,95.857,0.046999999999997044,MEDIUM,1.0,1.0,18,dry,green,8.0,8.0,9.0,9.0,
matched_pair,2026,British Grand Prix,Race,race,Racing Bulls,LAW,LIN,19.0,19.0,95.688,95.923,0.23499999999999943,MEDIUM,1.0,1.0,19,dry,green,8.0,8.0,9.0,9.0,
matched_pair,2026,British Grand Prix,Race,race,Racing Bulls,LAW,LIN,20.0,20.0,95.635,95.841,0.20599999999998886,MEDIUM,1.0,1.0,20,dry,green,8.0,7.0,9.0,8.0,
matched_pair,2026,British Grand Prix,Race,race,Racing Bulls,LAW,LIN,24.0,24.0,95.788,95.523,-0.26500000000000057,MEDIUM,1.0,1.0,24,dry,green,7.0,7.0,9.0,9.0,
matched_pair,2026,British Grand Prix,Race,race,Racing Bulls,LAW,LIN,26.0,26.0,95.447,95.523,0.0759999999999934,MEDIUM,1.0,1.0,26,dry,green,8.0,8.0,9.0,9.0,
matched_pair,2026,British Grand Prix,Race,race,Red Bull Racing,HAD,VER,23.0,21.0,94.73,94.135,-0.5949999999999989,HARD,2.0,2.0,4,dry,green,9.0,8.0,6.0,6.0,
matched_pair,2026,British Grand Prix,Race,race,Red Bull Racing,HAD,VER,25.0,23.0,94.33,94.258,-0.07200000000000273,HARD,2.0,2.0,6,dry,green,8.0,7.0,6.0,6.0,
matched_pair,2026,British Grand Prix,Race,race,Red Bull Racing,HAD,VER,26.0,24.0,94.704,94.135,-0.5689999999999884,HARD,2.0,2.0,7,dry,green,7.0,7.0,6.0,4.0,
matched_pair,2026,British Grand Prix,Race,race,Red Bull Racing,HAD,VER,27.0,25.0,94.636,93.964,-0.671999999999997,HARD,2.0,2.0,8,dry,green,7.0,7.0,4.0,4.0,
matched_pair,2026,British Grand Prix,Race,race,Red Bull Racing,HAD,VER,28.0,26.0,94.243,94.028,-0.2149999999999892,HARD,2.0,2.0,9,dry,green,7.0,7.0,4.0,4.0,
matched_pair,2026,British Grand Prix,Race,race,Red Bull Racing,HAD,VER,29.0,27.0,93.941,94.143,0.20199999999999818,HARD,2.0,2.0,10,dry,green,7.0,6.0,4.0,4.0,
matched_pair,2026,British Grand Prix,Race,race,Red Bull Racing,HAD,VER,30.0,28.0,94.877,93.823,-1.054000000000002,HARD,2.0,2.0,11,dry,green,6.0,7.0,4.0,4.0,
matched_pair,2026,British Grand Prix,Race,race,Red Bull Racing,HAD,VER,31.0,29.0,94.725,94.05,-0.6749999999999972,HARD,2.0,2.0,12,dry,green,7.0,7.0,4.0,3.0,
matched_pair,2026,British Grand Prix,Race,race,Red Bull Racing,HAD,VER,32.0,30.0,94.843,93.973,-0.8700000000000045,HARD,2.0,2.0,13,dry,green,7.0,7.0,3.0,3.0,
matched_pair,2026,British Grand Prix,Race,race,Red Bull Racing,HAD,VER,33.0,31.0,94.76,93.958,-0.8020000000000067,HARD,2.0,2.0,14,dry,green,7.0,7.0,3.0,3.0,
matched_pair,2026,British Grand Prix,Race,race,Red Bull Racing,HAD,VER,34.0,32.0,94.324,94.209,-0.11499999999999488,HARD,2.0,2.0,15,dry,green,7.0,7.0,3.0,3.0,
matched_pair,2026,British Grand Prix,Race,race,Red Bull Racing,HAD,VER,35.0,33.0,94.26,94.313,0.05299999999999727,HARD,2.0,2.0,16,dry,green,7.0,6.0,3.0,3.0,
matched_pair,2026,British Grand Prix,Race,race,Red Bull Racing,HAD,VER,37.0,35.0,94.324,93.739,-0.5849999999999937,HARD,2.0,2.0,18,dry,green,7.0,7.0,4.0,3.0,
matched_pair,2026,British Grand Prix,Race,race,Red Bull Racing,HAD,VER,40.0,40.0,92.268,92.101,-0.1670000000000016,MEDIUM,3.0,3.0,2,dry,green,7.0,7.0,4.0,4.0,
matched_pair,2026,British Grand Prix,Race,race,Red Bull Racing,HAD,VER,41.0,41.0,92.697,92.935,0.23799999999999955,MEDIUM,3.0,3.0,3,dry,green,7.0,7.0,4.0,4.0,
matched_pair,2026,British Grand Prix,Race,race,Red Bull Racing,HAD,VER,4.0,4.0,94.846,94.726,-0.12000000000000455,MEDIUM,1.0,1.0,4,dry,green,6.0,6.0,5.0,5.0,
matched_pair,2026,British Grand Prix,Race,race,Red Bull Racing,HAD,VER,42.0,42.0,92.919,92.544,-0.375,MEDIUM,3.0,3.0,4,dry,green,7.0,7.0,4.0,3.0,
matched_pair,2026,British Grand Prix,Race,race,Red Bull Racing,HAD,VER,5.0,5.0,95.002,94.801,-0.2009999999999934,MEDIUM,1.0,1.0,5,dry,green,6.0,6.0,5.0,5.0,
matched_pair,2026,British Grand Prix,Race,race,Red Bull Racing,HAD,VER,43.0,43.0,92.895,92.621,-0.2740000000000009,MEDIUM,3.0,3.0,5,dry,green,7.0,6.0,3.0,3.0,
matched_pair,2026,British Grand Prix,Race,race,Red Bull Racing,HAD,VER,6.0,6.0,94.531,94.588,0.05699999999998795,MEDIUM,1.0,1.0,6,dry,green,6.0,6.0,5.0,5.0,
matched_pair,2026,British Grand Prix,Race,race,Red Bull Racing,HAD,VER,44.0,44.0,92.693,92.39,-0.30299999999999727,MEDIUM,3.0,3.0,6,dry,green,6.0,6.0,3.0,3.0,
matched_pair,2026,British Grand Prix,Race,race,Red Bull Racing,HAD,VER,7.0,7.0,94.882,94.514,-0.3680000000000092,MEDIUM,1.0,1.0,7,dry,green,6.0,6.0,5.0,5.0,
matched_pair,2026,British Grand Prix,Race,race,Red Bull Racing,HAD,VER,45.0,45.0,92.481,92.873,0.3920000000000101,MEDIUM,3.0,3.0,7,dry,green,6.0,6.0,3.0,3.0,
matched_pair,2026,British Grand Prix,Race,race,Red Bull Racing,HAD,VER,8.0,8.0,95.17,94.675,-0.49500000000000455,MEDIUM,1.0,1.0,8,dry,green,6.0,6.0,5.0,5.0,
matched_pair,2026,British Grand Prix,Race,race,Red Bull Racing,HAD,VER,46.0,46.0,93.072,92.907,-0.16500000000000625,MEDIUM,3.0,3.0,8,dry,green,6.0,6.0,3.0,3.0,
matched_pair,2026,British Grand Prix,Race,race,Red Bull Racing,HAD,VER,9.0,9.0,95.34,94.948,-0.3920000000000101,MEDIUM,1.0,1.0,9,dry,green,6.0,6.0,5.0,5.0,
matched_pair,2026,British Grand Prix,Race,race,Red Bull Racing,HAD,VER,11.0,11.0,95.653,94.835,-0.818000000000012,MEDIUM,1.0,1.0,11,dry,green,6.0,6.0,5.0,5.0,
matched_pair,2026,British Grand Prix,Race,race,Red Bull Racing,HAD,VER,12.0,12.0,95.565,94.909,-0.6559999999999917,MEDIUM,1.0,1.0,12,dry,green,6.0,6.0,5.0,5.0,
matched_pair,2026,British Grand Prix,Race,race,Red Bull Racing,HAD,VER,13.0,13.0,95.336,94.979,-0.3569999999999993,MEDIUM,1.0,1.0,13,dry,green,6.0,6.0,5.0,5.0,
matched_pair,2026,British Grand Prix,Race,race,Red Bull Racing,HAD,VER,14.0,14.0,95.029,94.55,-0.4789999999999992,MEDIUM,1.0,1.0,14,dry,green,6.0,6.0,5.0,5.0,
matched_pair,2026,British Grand Prix,Race,race,Red Bull Racing,HAD,VER,15.0,15.0,95.305,94.57,-0.7350000000000136,MEDIUM,1.0,1.0,15,dry,green,6.0,6.0,5.0,5.0,
matched_pair,2026,British Grand Prix,Race,race,Red Bull Racing,HAD,VER,16.0,16.0,95.184,94.758,-0.42600000000000193,MEDIUM,1.0,1.0,16,dry,green,6.0,6.0,5.0,5.0,
matched_pair,2026,British Grand Prix,Race,race,Williams,ALB,SAI,3.0,22.0,95.816,95.449,-0.36700000000000443,HARD,2.0,2.0,2,dry,green,22.0,22.0,16.0,14.0,
matched_pair,2026,British Grand Prix,Race,race,Williams,ALB,SAI,4.0,23.0,96.46,94.923,-1.536999999999992,HARD,2.0,2.0,3,dry,green,22.0,22.0,14.0,14.0,
matched_pair,2026,British Grand Prix,Race,race,Williams,ALB,SAI,5.0,24.0,96.299,96.537,0.23799999999999955,HARD,2.0,2.0,4,dry,green,22.0,22.0,14.0,13.0,
matched_pair,2026,British Grand Prix,Race,race,Williams,ALB,SAI,8.0,27.0,97.882,95.707,-2.1750000000000114,HARD,2.0,2.0,7,dry,green,22.0,22.0,15.0,15.0,
matched_pair,2026,British Grand Prix,Race,race,Williams,ALB,SAI,9.0,28.0,97.185,95.769,-1.4159999999999968,HARD,2.0,2.0,8,dry,green,22.0,22.0,15.0,14.0,
matched_pair,2026,British Grand Prix,Race,race,Williams,ALB,SAI,10.0,29.0,97.124,95.453,-1.6709999999999923,HARD,2.0,2.0,9,dry,green,22.0,22.0,14.0,14.0,
matched_pair,2026,British Grand Prix,Race,race,Williams,ALB,SAI,11.0,30.0,97.148,95.522,-1.6259999999999906,HARD,2.0,2.0,10,dry,green,22.0,22.0,14.0,14.0,
matched_pair,2026,British Grand Prix,Race,race,Williams,ALB,SAI,12.0,31.0,100.539,95.62,-4.918999999999997,HARD,2.0,2.0,11,dry,green,22.0,22.0,14.0,14.0,
matched_pair,2026,British Grand Prix,Race,race,Williams,ALB,SAI,17.0,3.0,96.659,96.47,-0.18900000000000716,MEDIUM,3.0,1.0,3,dry,green,22.0,22.0,10.0,10.0,
matched_pair,2026,British Grand Prix,Race,race,Williams,ALB,SAI,18.0,4.0,96.373,96.292,-0.08100000000000307,MEDIUM,3.0,1.0,4,dry,green,22.0,22.0,10.0,10.0,
matched_pair,2026,British Grand Prix,Race,race,Williams,ALB,SAI,22.0,8.0,96.85,97.177,0.3270000000000124,MEDIUM,3.0,1.0,8,dry,green,22.0,22.0,12.0,12.0,
skipped_pair,2026,British Grand Prix,Qualifying,qualifying,Alpine,COL,GAS,,,,,,,,,,,,,,,,insufficient_matched_pairs
skipped_pair,2026,British Grand Prix,Qualifying,qualifying,Aston Martin,ALO,STR,,,,,,,,,,,,,,,,insufficient_matched_pairs
matched_pair,2026,British Grand Prix,Qualifying,qualifying,Audi,BOR,HUL,6.0,11.0,89.916,89.945,0.028999999999996362,SOFT,3.0,4.0,2,dry,green,,,,,
matched_pair,2026,British Grand Prix,Qualifying,qualifying,Audi,BOR,HUL,9.0,14.0,89.461,90.076,0.6149999999999949,SOFT,4.0,5.0,2,dry,green,,,,,
matched_pair,2026,British Grand Prix,Qualifying,qualifying,Audi,BOR,HUL,3.0,5.0,90.269,90.079,-0.19000000000001194,SOFT,2.0,2.0,2,dry,green,,,,,
skipped_pair,2026,British Grand Prix,Qualifying,qualifying,Cadillac,BOT,PER,,,,,,,,,,,,,,,,insufficient_matched_pairs
matched_pair,2026,British Grand Prix,Qualifying,qualifying,Ferrari,HAM,LEC,13.0,14.0,88.591,88.62,0.029000000000010573,SOFT,4.0,4.0,2,dry,green,,,,,
matched_pair,2026,British Grand Prix,Qualifying,qualifying,Ferrari,HAM,LEC,16.0,17.0,88.458,88.286,-0.17199999999999704,SOFT,5.0,5.0,2,dry,green,,,,,
matched_pair,2026,British Grand Prix,Qualifying,qualifying,Ferrari,HAM,LEC,7.0,8.0,88.864,89.069,0.2049999999999983,SOFT,2.0,2.0,2,dry,green,,,,,
matched_pair,2026,British Grand Prix,Qualifying,qualifying,Ferrari,HAM,LEC,10.0,11.0,88.864,88.626,-0.23799999999999955,SOFT,3.0,3.0,2,dry,green,,,,,
skipped_pair,2026,British Grand Prix,Qualifying,qualifying,Haas F1 Team,BEA,OCO,,,,,,,,,,,,,,,,insufficient_matched_pairs
matched_pair,2026,British Grand Prix,Qualifying,qualifying,McLaren,NOR,PIA,13.0,14.0,89.315,89.231,-0.08400000000000318,SOFT,5.0,5.0,2,dry,green,,,,,
matched_pair,2026,British Grand Prix,Qualifying,qualifying,McLaren,NOR,PIA,16.0,17.0,88.877,89.032,0.15500000000000114,SOFT,6.0,6.0,2,dry,green,,,,,
matched_pair,2026,British Grand Prix,Qualifying,qualifying,McLaren,NOR,PIA,7.0,8.0,89.857,89.965,0.10800000000000409,SOFT,3.0,3.0,2,dry,green,,,,,
matched_pair,2026,British Grand Prix,Qualifying,qualifying,McLaren,NOR,PIA,10.0,11.0,89.383,89.218,-0.16499999999999204,SOFT,4.0,4.0,2,dry,green,,,,,
matched_pair,2026,British Grand Prix,Qualifying,qualifying,Mercedes,ANT,RUS,15.0,13.0,88.385,88.481,0.09599999999998943,SOFT,5.0,5.0,2,dry,green,,,,,
matched_pair,2026,British Grand Prix,Qualifying,qualifying,Mercedes,ANT,RUS,18.0,16.0,88.111,88.686,0.5750000000000028,SOFT,6.0,6.0,2,dry,green,,,,,
matched_pair,2026,British Grand Prix,Qualifying,qualifying,Mercedes,ANT,RUS,9.0,7.0,89.043,88.92,-0.12300000000000466,SOFT,3.0,3.0,3,dry,green,,,,,
matched_pair,2026,British Grand Prix,Qualifying,qualifying,Mercedes,ANT,RUS,12.0,10.0,88.493,89.567,1.073999999999998,SOFT,4.0,4.0,2,dry,green,,,,,
matched_pair,2026,British Grand Prix,Qualifying,qualifying,Racing Bulls,LAW,LIN,19.0,16.0,89.716,89.305,-0.41099999999998715,SOFT,7.0,6.0,2,dry,green,,,,,
matched_pair,2026,British Grand Prix,Qualifying,qualifying,Racing Bulls,LAW,LIN,11.0,10.0,89.703,89.324,-0.3790000000000049,SOFT,4.0,4.0,2,dry,green,,,,,
matched_pair,2026,British Grand Prix,Qualifying,qualifying,Racing Bulls,LAW,LIN,14.0,13.0,89.429,89.337,-0.09199999999999875,SOFT,5.0,5.0,2,dry,green,,,,,
matched_pair,2026,British Grand Prix,Qualifying,qualifying,Red Bull Racing,HAD,VER,14.0,14.0,88.757,89.151,0.39399999999999125,SOFT,5.0,5.0,2,dry,green,,,,,
matched_pair,2026,British Grand Prix,Qualifying,qualifying,Red Bull Racing,HAD,VER,17.0,17.0,88.746,88.893,0.14700000000000557,SOFT,6.0,6.0,2,dry,green,,,,,
matched_pair,2026,British Grand Prix,Qualifying,qualifying,Red Bull Racing,HAD,VER,8.0,8.0,89.183,89.308,0.125,SOFT,3.0,3.0,2,dry,green,,,,,
matched_pair,2026,British Grand Prix,Qualifying,qualifying,Red Bull Racing,HAD,VER,11.0,11.0,89.069,89.113,0.04399999999999693,SOFT,4.0,4.0,2,dry,green,,,,,
matched_pair,2026,British Grand Prix,Qualifying,qualifying,Williams,ALB,SAI,10.0,11.0,91.341,90.825,-0.5159999999999911,SOFT,4.0,4.0,2,dry,green,,,,,
matched_pair,2026,British Grand Prix,Qualifying,qualifying,Williams,ALB,SAI,13.0,14.0,90.743,90.623,-0.11999999999999034,SOFT,5.0,5.0,2,dry,green,,,,,
matched_pair,2026,British Grand Prix,Qualifying,qualifying,Williams,ALB,SAI,4.0,2.0,90.666,93.46,2.793999999999997,SOFT,2.0,1.0,2,dry,green,,,,,
matched_pair,2026,Belgian Grand Prix,Race,race,Alpine,COL,GAS,17.0,16.0,111.618,111.581,-0.03699999999999193,HARD,2.0,2.0,2,dry,green,15.0,15.0,15.0,14.0,
matched_pair,2026,Belgian Grand Prix,Race,race,Alpine,COL,GAS,23.0,22.0,111.891,112.112,0.22099999999998943,HARD,2.0,2.0,8,dry,green,13.0,13.0,12.0,12.0,
matched_pair,2026,Belgian Grand Prix,Race,race,Alpine,COL,GAS,24.0,23.0,111.454,111.851,0.39700000000000557,HARD,2.0,2.0,9,dry,green,13.0,13.0,12.0,12.0,
matched_pair,2026,Belgian Grand Prix,Race,race,Alpine,COL,GAS,27.0,26.0,112.231,111.87,-0.36099999999999,HARD,2.0,2.0,12,dry,green,13.0,13.0,12.0,11.0,
matched_pair,2026,Belgian Grand Prix,Race,race,Alpine,COL,GAS,28.0,27.0,111.828,112.164,0.3359999999999985,HARD,2.0,2.0,13,dry,green,13.0,12.0,11.0,11.0,
matched_pair,2026,Belgian Grand Prix,Race,race,Alpine,COL,GAS,30.0,29.0,111.884,112.662,0.7780000000000058,HARD,2.0,2.0,15,dry,green,12.0,10.0,11.0,11.0,
matched_pair,2026,Belgian Grand Prix,Race,race,Alpine,COL,GAS,32.0,31.0,111.657,111.819,0.16200000000000614,HARD,2.0,2.0,17,dry,green,10.0,10.0,12.0,12.0,
matched_pair,2026,Belgian Grand Prix,Race,race,Alpine,COL,GAS,33.0,32.0,111.723,111.721,-0.001999999999995339,HARD,2.0,2.0,18,dry,green,10.0,10.0,12.0,12.0,
matched_pair,2026,Belgian Grand Prix,Race,race,Alpine,COL,GAS,34.0,33.0,111.659,111.652,-0.007000000000005002,HARD,2.0,2.0,19,dry,green,10.0,10.0,12.0,11.0,
matched_pair,2026,Belgian Grand Prix,Race,race,Alpine,COL,GAS,35.0,34.0,112.274,111.757,-0.5169999999999959,HARD,2.0,2.0,20,dry,green,10.0,10.0,11.0,11.0,
matched_pair,2026,Belgian Grand Prix,Race,race,Alpine,COL,GAS,36.0,35.0,111.759,111.84,0.08100000000000307,HARD,2.0,2.0,21,dry,green,10.0,10.0,11.0,11.0,
matched_pair,2026,Belgian Grand Prix,Race,race,Alpine,COL,GAS,37.0,36.0,111.562,111.477,-0.08499999999999375,HARD,2.0,2.0,22,dry,green,10.0,10.0,11.0,11.0,
matched_pair,2026,Belgian Grand Prix,Race,race,Alpine,COL,GAS,38.0,37.0,111.661,111.702,0.04099999999999682,HARD,2.0,2.0,23,dry,green,10.0,10.0,11.0,11.0,
matched_pair,2026,Belgian Grand Prix,Race,race,Alpine,COL,GAS,39.0,38.0,111.234,111.446,0.2120000000000033,HARD,2.0,2.0,24,dry,green,10.0,10.0,11.0,11.0,
matched_pair,2026,Belgian Grand Prix,Race,race,Alpine,COL,GAS,40.0,39.0,111.542,111.101,-0.4410000000000025,HARD,2.0,2.0,25,dry,green,10.0,10.0,11.0,11.0,
matched_pair,2026,Belgian Grand Prix,Race,race,Alpine,COL,GAS,41.0,40.0,111.365,111.305,-0.05999999999998806,HARD,2.0,2.0,26,dry,green,10.0,10.0,11.0,11.0,
matched_pair,2026,Belgian Grand Prix,Race,race,Alpine,COL,GAS,42.0,41.0,111.162,111.365,0.20299999999998875,HARD,2.0,2.0,27,dry,green,10.0,10.0,11.0,11.0,
matched_pair,2026,Belgian Grand Prix,Race,race,Alpine,COL,GAS,43.0,42.0,111.363,111.449,0.08599999999999852,HARD,2.0,2.0,28,dry,green,10.0,10.0,11.0,11.0,
matched_pair,2026,Belgian Grand Prix,Race,race,Alpine,COL,GAS,6.0,6.0,112.526,112.917,0.39100000000000534,MEDIUM,1.0,1.0,6,dry,green,8.0,8.0,11.0,11.0,
matched_pair,2026,Belgian Grand Prix,Race,race,Alpine,COL,GAS,7.0,7.0,112.417,111.845,-0.5720000000000027,MEDIUM,1.0,1.0,7,dry,green,8.0,9.0,11.0,10.0,
matched_pair,2026,Belgian Grand Prix,Race,race,Alpine,COL,GAS,9.0,9.0,111.85,111.931,0.08100000000000307,MEDIUM,1.0,1.0,9,dry,green,9.0,9.0,10.0,10.0,
matched_pair,2026,Belgian Grand Prix,Race,race,Alpine,COL,GAS,10.0,10.0,112.113,111.922,-0.1910000000000025,MEDIUM,1.0,1.0,10,dry,green,9.0,9.0,10.0,10.0,
matched_pair,2026,Belgian Grand Prix,Race,race,Alpine,COL,GAS,11.0,11.0,112.28,112.362,0.08199999999999363,MEDIUM,1.0,1.0,11,dry,green,9.0,9.0,10.0,10.0,
matched_pair,2026,Belgian Grand Prix,Race,race,Alpine,COL,GAS,13.0,13.0,112.876,112.591,-0.2850000000000108,MEDIUM,1.0,1.0,13,dry,green,10.0,10.0,9.0,9.0,
matched_pair,2026,Belgian Grand Prix,Race,race,Aston Martin,ALO,STR,36.0,5.0,113.231,116.927,3.696000000000012,HARD,3.0,1.0,5,dry,green,19.0,19.0,16.0,17.0,
matched_pair,2026,Belgian Grand Prix,Race,race,Aston Martin,ALO,STR,6.0,6.0,116.743,116.552,-0.1909999999999883,HARD,1.0,1.0,6,dry,green,18.0,20.0,17.0,19.0,
matched_pair,2026,Belgian Grand Prix,Race,race,Aston Martin,ALO,STR,7.0,7.0,116.248,115.724,-0.5240000000000009,HARD,1.0,1.0,7,dry,green,20.0,21.0,19.0,19.0,
matched_pair,2026,Belgian Grand Prix,Race,race,Aston Martin,ALO,STR,9.0,9.0,114.934,116.404,1.4699999999999989,HARD,1.0,1.0,9,dry,green,21.0,20.0,20.0,21.0,
matched_pair,2026,Belgian Grand Prix,Race,race,Aston Martin,ALO,STR,10.0,10.0,115.304,115.557,0.2530000000000001,HARD,1.0,1.0,10,dry,green,20.0,20.0,21.0,21.0,
matched_pair,2026,Belgian Grand Prix,Race,race,Aston Martin,ALO,STR,11.0,11.0,115.81,115.603,-0.20700000000000784,HARD,1.0,1.0,11,dry,green,20.0,20.0,21.0,21.0,
matched_pair,2026,Belgian Grand Prix,Race,race,Aston Martin,ALO,STR,12.0,12.0,115.837,116.027,0.18999999999999773,HARD,1.0,1.0,12,dry,green,20.0,19.0,21.0,20.0,
matched_pair,2026,Belgian Grand Prix,Race,race,Aston Martin,ALO,STR,13.0,13.0,115.659,116.03,0.3709999999999951,HARD,1.0,1.0,13,dry,green,19.0,19.0,20.0,20.0,
matched_pair,2026,Belgian Grand Prix,Race,race,Aston Martin,ALO,STR,14.0,14.0,116.178,116.285,0.10699999999999932,HARD,1.0,1.0,14,dry,green,19.0,19.0,20.0,20.0,
matched_pair,2026,Belgian Grand Prix,Race,race,Aston Martin,ALO,STR,15.0,15.0,116.427,116.762,0.33499999999999375,HARD,1.0,1.0,15,dry,green,19.0,19.0,20.0,20.0,
matched_pair,2026,Belgian Grand Prix,Race,race,Aston Martin,ALO,STR,16.0,16.0,115.319,116.295,0.9759999999999991,HARD,1.0,1.0,16,dry,green,19.0,19.0,20.0,20.0,
matched_pair,2026,Belgian Grand Prix,Race,race,Aston Martin,ALO,STR,23.0,21.0,114.459,113.98,-0.4789999999999992,SOFT,2.0,2.0,4,dry,green,19.0,19.0,20.0,20.0,
matched_pair,2026,Belgian Grand Prix,Race,race,Aston Martin,ALO,STR,24.0,22.0,114.755,114.372,-0.38299999999999557,SOFT,2.0,2.0,5,dry,green,19.0,19.0,20.0,20.0,
matched_pair,2026,Belgian Grand Prix,Race,race,Aston Martin,ALO,STR,25.0,23.0,114.288,114.785,0.4969999999999999,SOFT,2.0,2.0,6,dry,green,19.0,19.0,20.0,20.0,
matched_pair,2026,Belgian Grand Prix,Race,race,Aston Martin,ALO,STR,26.0,24.0,114.557,114.631,0.07399999999999807,SOFT,2.0,2.0,7,dry,green,19.0,19.0,20.0,20.0,
matched_pair,2026,Belgian Grand Prix,Race,race,Audi,BOR,HUL,22.0,22.0,110.334,112.173,1.8389999999999986,HARD,2.0,2.0,2,dry,green,8.0,8.0,11.0,11.0,
matched_pair,2026,Belgian Grand Prix,Race,race,Audi,BOR,HUL,23.0,23.0,110.357,111.219,0.8619999999999948,HARD,2.0,2.0,3,dry,green,8.0,8.0,11.0,11.0,
matched_pair,2026,Belgian Grand Prix,Race,race,Audi,BOR,HUL,24.0,24.0,110.621,111.875,1.2540000000000049,HARD,2.0,2.0,4,dry,green,8.0,8.0,11.0,11.0,
matched_pair,2026,Belgian Grand Prix,Race,race,Audi,BOR,HUL,26.0,26.0,110.957,112.628,1.6710000000000065,HARD,2.0,2.0,6,dry,green,8.0,8.0,11.0,12.0,
matched_pair,2026,Belgian Grand Prix,Race,race,Audi,BOR,HUL,27.0,27.0,110.884,112.105,1.2210000000000036,HARD,2.0,2.0,7,dry,green,8.0,8.0,12.0,12.0,
matched_pair,2026,Belgian Grand Prix,Race,race,Audi,BOR,HUL,28.0,28.0,111.051,113.03,1.9789999999999992,HARD,2.0,2.0,8,dry,green,8.0,8.0,12.0,13.0,
matched_pair,2026,Belgian Grand Prix,Race,race,Audi,BOR,HUL,29.0,29.0,110.882,112.513,1.6310000000000002,HARD,2.0,2.0,9,dry,green,8.0,8.0,13.0,13.0,
matched_pair,2026,Belgian Grand Prix,Race,race,Audi,BOR,HUL,31.0,31.0,111.201,111.972,0.7710000000000008,HARD,2.0,2.0,11,dry,green,8.0,7.0,13.0,13.0,
matched_pair,2026,Belgian Grand Prix,Race,race,Audi,BOR,HUL,33.0,33.0,110.989,112.363,1.3739999999999952,HARD,2.0,2.0,13,dry,green,8.0,8.0,13.0,13.0,
matched_pair,2026,Belgian Grand Prix,Race,race,Audi,BOR,HUL,35.0,35.0,111.396,111.96,0.563999999999993,HARD,2.0,2.0,15,dry,green,8.0,8.0,13.0,13.0,
matched_pair,2026,Belgian Grand Prix,Race,race,Audi,BOR,HUL,36.0,36.0,110.861,111.784,0.9230000000000018,HARD,2.0,2.0,16,dry,green,8.0,8.0,13.0,13.0,
matched_pair,2026,Belgian Grand Prix,Race,race,Audi,BOR,HUL,37.0,37.0,110.718,111.546,0.828000000000003,HARD,2.0,2.0,17,dry,green,8.0,8.0,13.0,13.0,
matched_pair,2026,Belgian Grand Prix,Race,race,Audi,BOR,HUL,38.0,38.0,111.159,111.874,0.7149999999999892,HARD,2.0,2.0,18,dry,green,8.0,8.0,13.0,13.0,
matched_pair,2026,Belgian Grand Prix,Race,race,Audi,BOR,HUL,39.0,39.0,110.89,111.977,1.0870000000000033,HARD,2.0,2.0,19,dry,green,8.0,8.0,13.0,13.0,
matched_pair,2026,Belgian Grand Prix,Race,race,Audi,BOR,HUL,40.0,40.0,110.825,110.639,-0.18600000000000705,HARD,2.0,2.0,20,dry,green,8.0,8.0,13.0,13.0,
matched_pair,2026,Belgian Grand Prix,Race,race,Audi,BOR,HUL,41.0,41.0,110.69,110.503,-0.1869999999999976,HARD,2.0,2.0,21,dry,green,8.0,8.0,13.0,13.0,
matched_pair,2026,Belgian Grand Prix,Race,race,Audi,BOR,HUL,42.0,42.0,111.011,111.502,0.49099999999999966,HARD,2.0,2.0,22,dry,green,8.0,8.0,13.0,13.0,
matched_pair,2026,Belgian Grand Prix,Race,race,Audi,BOR,HUL,43.0,43.0,111.174,111.322,0.14799999999999613,HARD,2.0,2.0,23,dry,green,8.0,8.0,13.0,13.0,
matched_pair,2026,Belgian Grand Prix,Race,race,Audi,BOR,HUL,6.0,6.0,112.91,113.283,0.37300000000000466,MEDIUM,1.0,1.0,6,dry,green,10.0,10.0,13.0,13.0,
matched_pair,2026,Belgian Grand Prix,Race,race,Audi,BOR,HUL,7.0,7.0,112.826,112.497,-0.3289999999999935,MEDIUM,1.0,1.0,7,dry,green,10.0,11.0,13.0,13.0,
matched_pair,2026,Belgian Grand Prix,Race,race,Audi,BOR,HUL,9.0,9.0,111.875,112.763,0.8880000000000052,MEDIUM,1.0,1.0,9,dry,green,11.0,11.0,13.0,13.0,
matched_pair,2026,Belgian Grand Prix,Race,race,Audi,BOR,HUL,10.0,10.0,111.844,112.775,0.9310000000000116,MEDIUM,1.0,1.0,10,dry,green,11.0,11.0,13.0,13.0,
matched_pair,2026,Belgian Grand Prix,Race,race,Audi,BOR,HUL,11.0,11.0,112.248,112.906,0.6580000000000013,MEDIUM,1.0,1.0,11,dry,green,11.0,11.0,13.0,13.0,
matched_pair,2026,Belgian Grand Prix,Race,race,Audi,BOR,HUL,12.0,12.0,112.981,111.772,-1.208999999999989,MEDIUM,1.0,1.0,12,dry,green,11.0,11.0,13.0,12.0,
matched_pair,2026,Belgian Grand Prix,Race,race,Audi,BOR,HUL,13.0,13.0,112.88,113.012,0.132000000000005,MEDIUM,1.0,1.0,13,dry,green,11.0,11.0,12.0,13.0,
matched_pair,2026,Belgian Grand Prix,Race,race,Audi,BOR,HUL,14.0,14.0,112.9,112.467,-0.43300000000000693,MEDIUM,1.0,1.0,14,dry,green,11.0,10.0,13.0,13.0,
matched_pair,2026,Belgian Grand Prix,Race,race,Audi,BOR,HUL,15.0,15.0,113.46,112.43,-1.029999999999987,MEDIUM,1.0,1.0,15,dry,green,10.0,10.0,13.0,11.0,
matched_pair,2026,Belgian Grand Prix,Race,race,Audi,BOR,HUL,16.0,16.0,112.426,112.467,0.04099999999999682,MEDIUM,1.0,1.0,16,dry,green,10.0,9.0,11.0,10.0,
matched_pair,2026,Belgian Grand Prix,Race,race,Audi,BOR,HUL,17.0,17.0,112.274,112.056,-0.21800000000000352,MEDIUM,1.0,1.0,17,dry,green,9.0,8.0,10.0,9.0,
matched_pair,2026,Belgian Grand Prix,Race,race,Audi,BOR,HUL,19.0,19.0,111.947,111.91,-0.03700000000000614,MEDIUM,1.0,1.0,19,dry,green,8.0,8.0,9.0,9.0,
skipped_pair,2026,Belgian Grand Prix,Race,race,Cadillac,BOT,PER,,,,,,,,,,,,,,,,insufficient_matched_pairs
matched_pair,2026,Belgian Grand Prix,Race,race,Ferrari,HAM,LEC,22.0,22.0,110.089,109.818,-0.2710000000000008,HARD,2.0,2.0,2,dry,green,6.0,6.0,2.0,2.0,
matched_pair,2026,Belgian Grand Prix,Race,race,Ferrari,HAM,LEC,23.0,23.0,109.515,109.333,-0.18200000000000216,HARD,2.0,2.0,3,dry,green,6.0,6.0,2.0,1.0,
matched_pair,2026,Belgian Grand Prix,Race,race,Ferrari,HAM,LEC,24.0,24.0,110.524,109.493,-1.031000000000006,HARD,2.0,2.0,4,dry,green,6.0,6.0,1.0,1.0,
matched_pair,2026,Belgian Grand Prix,Race,race,Ferrari,HAM,LEC,25.0,25.0,110.332,110.088,-0.24399999999999977,HARD,2.0,2.0,5,dry,green,6.0,6.0,1.0,1.0,
matched_pair,2026,Belgian Grand Prix,Race,race,Ferrari,HAM,LEC,26.0,26.0,110.142,109.907,-0.23499999999999943,HARD,2.0,2.0,6,dry,green,6.0,6.0,1.0,1.0,
matched_pair,2026,Belgian Grand Prix,Race,race,Ferrari,HAM,LEC,27.0,27.0,110.163,109.988,-0.17499999999999716,HARD,2.0,2.0,7,dry,green,6.0,6.0,1.0,1.0,
matched_pair,2026,Belgian Grand Prix,Race,race,Ferrari,HAM,LEC,28.0,28.0,110.082,109.905,-0.1769999999999925,HARD,2.0,2.0,8,dry,green,6.0,6.0,1.0,1.0,
matched_pair,2026,Belgian Grand Prix,Race,race,Ferrari,HAM,LEC,29.0,29.0,109.858,110.006,0.14799999999999613,HARD,2.0,2.0,9,dry,green,6.0,6.0,1.0,1.0,
matched_pair,2026,Belgian Grand Prix,Race,race,Ferrari,HAM,LEC,30.0,30.0,110.014,110.153,0.13900000000001,HARD,2.0,2.0,10,dry,green,6.0,6.0,1.0,1.0,
matched_pair,2026,Belgian Grand Prix,Race,race,Ferrari,HAM,LEC,31.0,31.0,109.867,110.37,0.5030000000000001,HARD,2.0,2.0,11,dry,green,6.0,5.0,1.0,1.0,
matched_pair,2026,Belgian Grand Prix,Race,race,Ferrari,HAM,LEC,32.0,32.0,109.626,110.199,0.5729999999999933,HARD,2.0,2.0,12,dry,green,5.0,5.0,1.0,1.0,
matched_pair,2026,Belgian Grand Prix,Race,race,Ferrari,HAM,LEC,33.0,33.0,109.454,110.229,0.7750000000000057,HARD,2.0,2.0,13,dry,green,5.0,5.0,1.0,1.0,
matched_pair,2026,Belgian Grand Prix,Race,race,Ferrari,HAM,LEC,35.0,35.0,110.16,109.928,-0.23199999999999932,HARD,2.0,2.0,15,dry,green,5.0,5.0,2.0,2.0,
matched_pair,2026,Belgian Grand Prix,Race,race,Ferrari,HAM,LEC,36.0,36.0,110.141,110.162,0.021000000000000796,HARD,2.0,2.0,16,dry,green,5.0,5.0,2.0,2.0,
matched_pair,2026,Belgian Grand Prix,Race,race,Ferrari,HAM,LEC,37.0,37.0,109.538,109.716,0.17799999999999727,HARD,2.0,2.0,17,dry,green,5.0,5.0,2.0,2.0,
matched_pair,2026,Belgian Grand Prix,Race,race,Ferrari,HAM,LEC,38.0,38.0,109.88,110.07,0.18999999999999773,HARD,2.0,2.0,18,dry,green,5.0,5.0,2.0,2.0,
matched_pair,2026,Belgian Grand Prix,Race,race,Ferrari,HAM,LEC,40.0,40.0,109.539,109.63,0.09099999999999397,HARD,2.0,2.0,20,dry,green,5.0,4.0,2.0,2.0,
matched_pair,2026,Belgian Grand Prix,Race,race,Ferrari,HAM,LEC,41.0,41.0,109.683,109.549,-0.13400000000000034,HARD,2.0,2.0,21,dry,green,4.0,4.0,2.0,2.0,
matched_pair,2026,Belgian Grand Prix,Race,race,Ferrari,HAM,LEC,42.0,42.0,110.152,109.976,-0.17600000000000193,HARD,2.0,2.0,22,dry,green,4.0,4.0,2.0,2.0,
matched_pair,2026,Belgian Grand Prix,Race,race,Ferrari,HAM,LEC,5.0,5.0,111.956,111.674,-0.2819999999999965,MEDIUM,1.0,1.0,5,dry,green,5.0,5.0,2.0,2.0,
matched_pair,2026,Belgian Grand Prix,Race,race,Ferrari,HAM,LEC,7.0,7.0,110.772,111.118,0.3459999999999894,MEDIUM,1.0,1.0,7,dry,green,5.0,5.0,3.0,3.0,
matched_pair,2026,Belgian Grand Prix,Race,race,Ferrari,HAM,LEC,9.0,9.0,110.199,110.651,0.4519999999999982,MEDIUM,1.0,1.0,9,dry,green,5.0,4.0,3.0,3.0,
matched_pair,2026,Belgian Grand Prix,Race,race,Ferrari,HAM,LEC,10.0,10.0,110.813,110.785,-0.028000000000005798,MEDIUM,1.0,1.0,10,dry,green,4.0,4.0,3.0,3.0,
matched_pair,2026,Belgian Grand Prix,Race,race,Ferrari,HAM,LEC,11.0,11.0,111.079,111.209,0.13000000000000966,MEDIUM,1.0,1.0,11,dry,green,4.0,4.0,3.0,3.0,
matched_pair,2026,Belgian Grand Prix,Race,race,Ferrari,HAM,LEC,12.0,12.0,111.42,111.224,-0.19599999999999795,MEDIUM,1.0,1.0,12,dry,green,4.0,4.0,3.0,3.0,
matched_pair,2026,Belgian Grand Prix,Race,race,Ferrari,HAM,LEC,14.0,14.0,111.168,111.032,-0.1360000000000099,MEDIUM,1.0,1.0,14,dry,green,4.0,4.0,3.0,3.0,
matched_pair,2026,Belgian Grand Prix,Race,race,Ferrari,HAM,LEC,15.0,15.0,111.422,111.106,-0.3160000000000025,MEDIUM,1.0,1.0,15,dry,green,4.0,4.0,3.0,3.0,
matched_pair,2026,Belgian Grand Prix,Race,race,Ferrari,HAM,LEC,16.0,16.0,111.769,111.369,-0.4000000000000057,MEDIUM,1.0,1.0,16,dry,green,4.0,4.0,3.0,3.0,
matched_pair,2026,Belgian Grand Prix,Race,race,Ferrari,HAM,LEC,17.0,17.0,111.564,111.236,-0.32799999999998875,MEDIUM,1.0,1.0,17,dry,green,4.0,3.0,3.0,2.0,
matched_pair,2026,Belgian Grand Prix,Race,race,Haas F1 Team,BEA,OCO,23.0,19.0,111.509,111.966,0.45699999999999363,HARD,3.0,3.0,3,dry,green,15.0,15.0,17.0,17.0,
matched_pair,2026,Belgian Grand Prix,Race,race,Haas F1 Team,BEA,OCO,6.0,21.0,112.807,112.368,-0.43900000000000716,HARD,2.0,3.0,5,dry,green,15.0,15.0,17.0,16.0,
matched_pair,2026,Belgian Grand Prix,Race,race,Haas F1 Team,BEA,OCO,7.0,7.0,112.53,113.397,0.8670000000000044,HARD,2.0,2.0,6,dry,green,15.0,15.0,18.0,17.0,
matched_pair,2026,Belgian Grand Prix,Race,race,Haas F1 Team,BEA,OCO,26.0,22.0,112.479,111.955,-0.5240000000000009,HARD,3.0,3.0,6,dry,green,15.0,14.0,16.0,16.0,
matched_pair,2026,Belgian Grand Prix,Race,race,Haas F1 Team,BEA,OCO,27.0,23.0,111.981,112.366,0.3850000000000051,HARD,3.0,3.0,7,dry,green,14.0,14.0,16.0,16.0,
matched_pair,2026,Belgian Grand Prix,Race,race,Haas F1 Team,BEA,OCO,9.0,9.0,113.289,113.299,0.010000000000005116,HARD,2.0,2.0,8,dry,green,15.0,15.0,17.0,17.0,
matched_pair,2026,Belgian Grand Prix,Race,race,Haas F1 Team,BEA,OCO,10.0,10.0,113.236,113.221,-0.015000000000000568,HARD,2.0,2.0,9,dry,green,15.0,16.0,17.0,17.0,
matched_pair,2026,Belgian Grand Prix,Race,race,Haas F1 Team,BEA,OCO,29.0,25.0,112.163,112.434,0.2710000000000008,HARD,3.0,3.0,9,dry,green,14.0,14.0,17.0,17.0,
matched_pair,2026,Belgian Grand Prix,Race,race,Haas F1 Team,BEA,OCO,11.0,11.0,113.16,113.14,-0.01999999999999602,HARD,2.0,2.0,10,dry,green,16.0,16.0,17.0,17.0,
matched_pair,2026,Belgian Grand Prix,Race,race,Haas F1 Team,BEA,OCO,30.0,26.0,112.251,112.308,0.05700000000000216,HARD,3.0,3.0,10,dry,green,14.0,14.0,17.0,17.0,
matched_pair,2026,Belgian Grand Prix,Race,race,Haas F1 Team,BEA,OCO,12.0,12.0,113.365,113.333,-0.031999999999996476,HARD,2.0,2.0,11,dry,green,16.0,15.0,17.0,17.0,
matched_pair,2026,Belgian Grand Prix,Race,race,Haas F1 Team,BEA,OCO,31.0,27.0,111.981,112.335,0.3539999999999992,HARD,3.0,3.0,11,dry,green,14.0,14.0,17.0,17.0,
matched_pair,2026,Belgian Grand Prix,Race,race,Haas F1 Team,BEA,OCO,13.0,13.0,113.079,113.564,0.48499999999999943,HARD,2.0,2.0,12,dry,green,15.0,15.0,17.0,17.0,
matched_pair,2026,Belgian Grand Prix,Race,race,Haas F1 Team,BEA,OCO,32.0,28.0,112.001,112.13,0.12899999999999068,HARD,3.0,3.0,12,dry,green,14.0,14.0,17.0,17.0,
matched_pair,2026,Belgian Grand Prix,Race,race,Haas F1 Team,BEA,OCO,14.0,14.0,113.0,113.35,0.3499999999999943,HARD,2.0,2.0,13,dry,green,15.0,15.0,17.0,17.0,
matched_pair,2026,Belgian Grand Prix,Race,race,Haas F1 Team,BEA,OCO,33.0,29.0,111.986,112.068,0.08199999999999363,HARD,3.0,3.0,13,dry,green,14.0,14.0,17.0,17.0,
matched_pair,2026,Belgian Grand Prix,Race,race,Haas F1 Team,BEA,OCO,15.0,15.0,113.318,113.616,0.2980000000000018,HARD,2.0,2.0,14,dry,green,15.0,14.0,17.0,16.0,
matched_pair,2026,Belgian Grand Prix,Race,race,Haas F1 Team,BEA,OCO,34.0,30.0,112.095,112.175,0.0799999999999983,HARD,3.0,3.0,14,dry,green,14.0,14.0,17.0,17.0,
matched_pair,2026,Belgian Grand Prix,Race,race,Haas F1 Team,BEA,OCO,16.0,31.0,113.251,112.442,-0.8090000000000117,HARD,2.0,3.0,15,dry,green,14.0,12.0,17.0,17.0,
matched_pair,2026,Belgian Grand Prix,Race,race,Haas F1 Team,BEA,OCO,36.0,32.0,111.935,112.15,0.2150000000000034,HARD,3.0,3.0,16,dry,green,14.0,14.0,17.0,17.0,
matched_pair,2026,Belgian Grand Prix,Race,race,Haas F1 Team,BEA,OCO,37.0,33.0,112.317,112.333,0.016000000000005343,HARD,3.0,3.0,17,dry,green,14.0,14.0,17.0,17.0,
matched_pair,2026,Belgian Grand Prix,Race,race,Haas F1 Team,BEA,OCO,19.0,34.0,113.036,112.017,-1.0190000000000055,HARD,2.0,3.0,18,dry,green,10.0,10.0,17.0,17.0,
matched_pair,2026,Belgian Grand Prix,Race,race,Haas F1 Team,BEA,OCO,39.0,35.0,111.639,112.454,0.8149999999999977,HARD,3.0,3.0,19,dry,green,14.0,14.0,17.0,17.0,
matched_pair,2026,Belgian Grand Prix,Race,race,Haas F1 Team,BEA,OCO,40.0,36.0,111.542,112.004,0.4620000000000033,HARD,3.0,3.0,20,dry,green,14.0,14.0,17.0,17.0,
matched_pair,2026,Belgian Grand Prix,Race,race,Haas F1 Team,BEA,OCO,42.0,38.0,112.071,112.679,0.6080000000000041,HARD,3.0,3.0,22,dry,green,14.0,14.0,17.0,17.0,
matched_pair,2026,Belgian Grand Prix,Race,race,Haas F1 Team,BEA,OCO,43.0,39.0,112.068,112.13,0.06199999999999761,HARD,3.0,3.0,23,dry,green,14.0,14.0,17.0,17.0,
matched_pair,2026,Belgian Grand Prix,Race,race,McLaren,NOR,PIA,7.0,27.0,111.107,110.095,-1.0120000000000005,HARD,1.0,2.0,7,dry,green,9.0,8.0,5.0,5.0,
matched_pair,2026,Belgian Grand Prix,Race,race,McLaren,NOR,PIA,10.0,30.0,111.642,110.256,-1.3859999999999957,HARD,1.0,2.0,10,dry,green,7.0,7.0,5.0,4.0,
matched_pair,2026,Belgian Grand Prix,Race,race,McLaren,NOR,PIA,12.0,32.0,110.76,110.201,-0.5590000000000117,HARD,1.0,2.0,12,dry,green,7.0,6.0,4.0,4.0,
matched_pair,2026,Belgian Grand Prix,Race,race,McLaren,NOR,PIA,13.0,33.0,111.516,109.998,-1.5180000000000007,HARD,1.0,2.0,13,dry,green,6.0,6.0,4.0,4.0,
matched_pair,2026,Belgian Grand Prix,Race,race,McLaren,NOR,PIA,14.0,34.0,110.943,110.869,-0.07399999999999807,HARD,1.0,2.0,14,dry,green,6.0,6.0,4.0,4.0,
matched_pair,2026,Belgian Grand Prix,Race,race,McLaren,NOR,PIA,15.0,35.0,110.663,110.738,0.07500000000000284,HARD,1.0,2.0,15,dry,green,6.0,6.0,4.0,4.0,
matched_pair,2026,Belgian Grand Prix,Race,race,McLaren,NOR,PIA,16.0,36.0,111.063,110.565,-0.49800000000000466,HARD,1.0,2.0,16,dry,green,6.0,6.0,4.0,4.0,
matched_pair,2026,Belgian Grand Prix,Race,race,McLaren,NOR,PIA,17.0,37.0,110.9,110.314,-0.5860000000000127,HARD,1.0,2.0,17,dry,green,6.0,6.0,4.0,4.0,
matched_pair,2026,Belgian Grand Prix,Race,race,McLaren,NOR,PIA,19.0,39.0,111.461,110.718,-0.742999999999995,HARD,1.0,2.0,19,dry,green,5.0,3.0,4.0,4.0,
matched_pair,2026,Belgian Grand Prix,Race,race,McLaren,NOR,PIA,22.0,42.0,110.733,110.576,-0.1570000000000107,HARD,1.0,2.0,22,dry,green,1.0,1.0,5.0,5.0,
matched_pair,2026,Belgian Grand Prix,Race,race,McLaren,NOR,PIA,23.0,43.0,111.275,110.456,-0.8190000000000026,HARD,1.0,2.0,23,dry,green,1.0,2.0,5.0,5.0,
matched_pair,2026,Belgian Grand Prix,Race,race,McLaren,NOR,PIA,35.0,5.0,109.103,111.333,2.230000000000004,MEDIUM,2.0,1.0,5,dry,green,7.0,7.0,4.0,4.0,
matched_pair,2026,Belgian Grand Prix,Race,race,McLaren,NOR,PIA,36.0,6.0,109.354,111.431,2.076999999999998,MEDIUM,2.0,1.0,6,dry,green,7.0,7.0,4.0,4.0,
matched_pair,2026,Belgian Grand Prix,Race,race,McLaren,NOR,PIA,37.0,7.0,109.141,110.916,1.7749999999999915,MEDIUM,2.0,1.0,7,dry,green,7.0,7.0,4.0,4.0,
matched_pair,2026,Belgian Grand Prix,Race,race,McLaren,NOR,PIA,39.0,9.0,109.122,111.665,2.5430000000000064,MEDIUM,2.0,1.0,9,dry,green,7.0,7.0,4.0,5.0,
matched_pair,2026,Belgian Grand Prix,Race,race,McLaren,NOR,PIA,40.0,10.0,109.084,110.734,1.6499999999999915,MEDIUM,2.0,1.0,10,dry,green,7.0,7.0,5.0,5.0,
matched_pair,2026,Belgian Grand Prix,Race,race,McLaren,NOR,PIA,41.0,11.0,108.927,111.156,2.228999999999999,MEDIUM,2.0,1.0,11,dry,green,7.0,7.0,5.0,5.0,
matched_pair,2026,Belgian Grand Prix,Race,race,McLaren,NOR,PIA,42.0,12.0,108.904,111.821,2.9170000000000016,MEDIUM,2.0,1.0,12,dry,green,7.0,7.0,5.0,5.0,
matched_pair,2026,Belgian Grand Prix,Race,race,McLaren,NOR,PIA,43.0,13.0,109.177,112.128,2.9509999999999934,MEDIUM,2.0,1.0,13,dry,green,7.0,7.0,5.0,5.0,
skipped_pair,2026,Belgian Grand Prix,Race,race,Mercedes,ANT,RUS,,,,,,,,,,,,,,,,missing_lap_time_data
matched_pair,2026,Belgian Grand Prix,Race,race,Racing Bulls,LAW,LIN,22.0,23.0,111.579,110.536,-1.0429999999999922,HARD,2.0,2.0,7,dry,green,10.0,10.0,9.0,9.0,
matched_pair,2026,Belgian Grand Prix,Race,race,Racing Bulls,LAW,LIN,23.0,24.0,111.63,110.809,-0.820999999999998,HARD,2.0,2.0,8,dry,green,10.0,10.0,9.0,9.0,
matched_pair,2026,Belgian Grand Prix,Race,race,Racing Bulls,LAW,LIN,24.0,25.0,111.986,110.946,-1.0400000000000063,HARD,2.0,2.0,9,dry,green,10.0,10.0,9.0,9.0,
matched_pair,2026,Belgian Grand Prix,Race,race,Racing Bulls,LAW,LIN,26.0,27.0,112.19,111.026,-1.1640000000000015,HARD,2.0,2.0,11,dry,green,10.0,10.0,9.0,9.0,
matched_pair,2026,Belgian Grand Prix,Race,race,Racing Bulls,LAW,LIN,27.0,28.0,112.11,110.885,-1.2249999999999943,HARD,2.0,2.0,12,dry,green,10.0,10.0,9.0,9.0,
matched_pair,2026,Belgian Grand Prix,Race,race,Racing Bulls,LAW,LIN,28.0,29.0,112.12,110.824,-1.2960000000000065,HARD,2.0,2.0,13,dry,green,10.0,10.0,9.0,9.0,
matched_pair,2026,Belgian Grand Prix,Race,race,Racing Bulls,LAW,LIN,31.0,32.0,111.725,111.138,-0.5869999999999891,HARD,2.0,2.0,16,dry,green,11.0,11.0,9.0,9.0,
matched_pair,2026,Belgian Grand Prix,Race,race,Racing Bulls,LAW,LIN,32.0,33.0,111.865,110.912,-0.9529999999999887,HARD,2.0,2.0,17,dry,green,11.0,11.0,9.0,9.0,
matched_pair,2026,Belgian Grand Prix,Race,race,Racing Bulls,LAW,LIN,33.0,34.0,112.763,111.164,-1.5990000000000038,HARD,2.0,2.0,18,dry,green,11.0,12.0,9.0,9.0,
matched_pair,2026,Belgian Grand Prix,Race,race,Racing Bulls,LAW,LIN,34.0,35.0,111.787,110.989,-0.7980000000000018,HARD,2.0,2.0,19,dry,green,12.0,12.0,9.0,9.0,
matched_pair,2026,Belgian Grand Prix,Race,race,Racing Bulls,LAW,LIN,35.0,36.0,111.843,110.994,-0.8490000000000038,HARD,2.0,2.0,20,dry,green,12.0,12.0,9.0,9.0,
matched_pair,2026,Belgian Grand Prix,Race,race,Racing Bulls,LAW,LIN,36.0,37.0,111.569,110.914,-0.6550000000000011,HARD,2.0,2.0,21,dry,green,12.0,12.0,9.0,9.0,
matched_pair,2026,Belgian Grand Prix,Race,race,Racing Bulls,LAW,LIN,37.0,38.0,111.59,110.92,-0.6700000000000017,HARD,2.0,2.0,22,dry,green,12.0,12.0,9.0,9.0,
matched_pair,2026,Belgian Grand Prix,Race,race,Racing Bulls,LAW,LIN,39.0,40.0,111.252,110.583,-0.6689999999999969,HARD,2.0,2.0,24,dry,green,12.0,12.0,9.0,9.0,
matched_pair,2026,Belgian Grand Prix,Race,race,Racing Bulls,LAW,LIN,40.0,41.0,111.186,110.722,-0.46400000000001285,HARD,2.0,2.0,25,dry,green,12.0,12.0,9.0,9.0,
matched_pair,2026,Belgian Grand Prix,Race,race,Racing Bulls,LAW,LIN,41.0,42.0,111.177,110.659,-0.5180000000000007,HARD,2.0,2.0,26,dry,green,12.0,12.0,9.0,9.0,
matched_pair,2026,Belgian Grand Prix,Race,race,Racing Bulls,LAW,LIN,42.0,43.0,111.6,111.096,-0.5039999999999907,HARD,2.0,2.0,27,dry,green,12.0,12.0,9.0,9.0,
matched_pair,2026,Belgian Grand Prix,Race,race,Racing Bulls,LAW,LIN,5.0,5.0,112.419,112.741,0.32200000000000273,MEDIUM,1.0,1.0,5,dry,green,6.0,6.0,7.0,7.0,
matched_pair,2026,Belgian Grand Prix,Race,race,Racing Bulls,LAW,LIN,6.0,6.0,112.025,112.209,0.1839999999999975,MEDIUM,1.0,1.0,6,dry,green,6.0,6.0,7.0,7.0,
matched_pair,2026,Belgian Grand Prix,Race,race,Racing Bulls,LAW,LIN,7.0,7.0,111.952,111.483,-0.4689999999999941,MEDIUM,1.0,1.0,7,dry,green,6.0,6.0,7.0,7.0,
matched_pair,2026,Belgian Grand Prix,Race,race,Racing Bulls,LAW,LIN,9.0,9.0,112.736,112.328,-0.40800000000000125,MEDIUM,1.0,1.0,9,dry,green,7.0,8.0,6.0,6.0,
matched_pair,2026,Belgian Grand Prix,Race,race,Racing Bulls,LAW,LIN,10.0,10.0,112.673,112.202,-0.47100000000000364,MEDIUM,1.0,1.0,10,dry,green,8.0,8.0,6.0,6.0,
matched_pair,2026,Belgian Grand Prix,Race,race,Racing Bulls,LAW,LIN,11.0,11.0,112.441,112.749,0.3079999999999927,MEDIUM,1.0,1.0,11,dry,green,8.0,8.0,6.0,6.0,
matched_pair,2026,Belgian Grand Prix,Race,race,Racing Bulls,LAW,LIN,13.0,13.0,112.429,112.239,-0.18999999999999773,MEDIUM,1.0,1.0,13,dry,green,8.0,8.0,7.0,7.0,
matched_pair,2026,Belgian Grand Prix,Race,race,Racing Bulls,LAW,LIN,14.0,14.0,112.484,112.05,-0.4339999999999975,MEDIUM,1.0,1.0,14,dry,green,8.0,8.0,7.0,7.0,
matched_pair,2026,Belgian Grand Prix,Race,race,Red Bull Racing,HAD,VER,22.0,19.0,109.666,110.031,0.3650000000000091,HARD,4.0,2.0,2,dry,green,7.0,7.0,6.0,6.0,
matched_pair,2026,Belgian Grand Prix,Race,race,Red Bull Racing,HAD,VER,7.0,22.0,111.556,109.726,-1.8299999999999983,HARD,3.0,2.0,5,dry,green,16.0,16.0,4.0,4.0,
matched_pair,2026,Belgian Grand Prix,Race,race,Red Bull Racing,HAD,VER,26.0,23.0,109.892,109.618,-0.2740000000000009,HARD,4.0,2.0,6,dry,green,7.0,7.0,4.0,4.0,
matched_pair,2026,Belgian Grand Prix,Race,race,Red Bull Racing,HAD,VER,27.0,24.0,110.085,109.63,-0.4549999999999983,HARD,4.0,2.0,7,dry,green,7.0,7.0,4.0,4.0,
matched_pair,2026,Belgian Grand Prix,Race,race,Red Bull Racing,HAD,VER,10.0,25.0,112.112,109.801,-2.310999999999993,HARD,3.0,2.0,8,dry,green,16.0,15.0,4.0,4.0,
matched_pair,2026,Belgian Grand Prix,Race,race,Red Bull Racing,HAD,VER,11.0,26.0,111.673,110.072,-1.600999999999999,HARD,3.0,2.0,9,dry,green,15.0,14.0,4.0,4.0,
matched_pair,2026,Belgian Grand Prix,Race,race,Red Bull Racing,HAD,VER,12.0,27.0,111.935,110.101,-1.8340000000000032,HARD,3.0,2.0,10,dry,green,14.0,13.0,4.0,4.0,
matched_pair,2026,Belgian Grand Prix,Race,race,Red Bull Racing,HAD,VER,13.0,28.0,111.034,110.338,-0.6960000000000122,HARD,3.0,2.0,11,dry,green,13.0,12.0,4.0,4.0,
matched_pair,2026,Belgian Grand Prix,Race,race,Red Bull Racing,HAD,VER,14.0,29.0,111.419,110.368,-1.051000000000002,HARD,3.0,2.0,12,dry,green,12.0,11.0,4.0,3.0,
matched_pair,2026,Belgian Grand Prix,Race,race,Red Bull Racing,HAD,VER,33.0,30.0,109.939,110.306,0.36700000000000443,HARD,4.0,2.0,13,dry,green,6.0,6.0,3.0,3.0,
matched_pair,2026,Belgian Grand Prix,Race,race,Red Bull Racing,HAD,VER,16.0,31.0,111.724,110.195,-1.5290000000000106,HARD,3.0,2.0,14,dry,green,8.0,8.0,3.0,3.0,
matched_pair,2026,Belgian Grand Prix,Race,race,Red Bull Racing,HAD,VER,17.0,32.0,111.422,110.424,-0.9979999999999905,HARD,3.0,2.0,15,dry,green,8.0,7.0,3.0,3.0,
matched_pair,2026,Belgian Grand Prix,Race,race,Red Bull Racing,HAD,VER,36.0,33.0,110.241,110.068,-0.17300000000000182,HARD,4.0,2.0,16,dry,green,6.0,6.0,3.0,3.0,
matched_pair,2026,Belgian Grand Prix,Race,race,Red Bull Racing,HAD,VER,38.0,35.0,110.125,110.407,0.2819999999999965,HARD,4.0,2.0,18,dry,green,6.0,6.0,3.0,3.0,
matched_pair,2026,Belgian Grand Prix,Race,race,Red Bull Racing,HAD,VER,39.0,36.0,109.9,110.198,0.2979999999999876,HARD,4.0,2.0,19,dry,green,6.0,6.0,3.0,3.0,
matched_pair,2026,Belgian Grand Prix,Race,race,Red Bull Racing,HAD,VER,40.0,37.0,110.047,110.092,0.045000000000001705,HARD,4.0,2.0,20,dry,green,6.0,6.0,3.0,3.0,
matched_pair,2026,Belgian Grand Prix,Race,race,Red Bull Racing,HAD,VER,41.0,38.0,109.484,110.352,0.8680000000000092,HARD,4.0,2.0,21,dry,green,6.0,6.0,3.0,3.0,
matched_pair,2026,Belgian Grand Prix,Race,race,Red Bull Racing,HAD,VER,42.0,39.0,109.631,110.287,0.6560000000000059,HARD,4.0,2.0,22,dry,green,6.0,6.0,3.0,3.0,
matched_pair,2026,Belgian Grand Prix,Race,race,Red Bull Racing,HAD,VER,43.0,40.0,109.676,109.653,-0.022999999999996135,HARD,4.0,2.0,23,dry,green,6.0,6.0,3.0,3.0,
matched_pair,2026,Belgian Grand Prix,Race,race,Williams,ALB,SAI,23.0,19.0,112.297,111.74,-0.5570000000000022,HARD,2.0,2.0,5,dry,green,14.0,14.0,18.0,18.0,
matched_pair,2026,Belgian Grand Prix,Race,race,Williams,ALB,SAI,26.0,22.0,112.978,112.0,-0.9779999999999944,HARD,2.0,2.0,8,dry,green,14.0,15.0,17.0,17.0,
matched_pair,2026,Belgian Grand Prix,Race,race,Williams,ALB,SAI,28.0,24.0,112.557,111.363,-1.1940000000000026,HARD,2.0,2.0,10,dry,green,15.0,15.0,17.0,16.0,
matched_pair,2026,Belgian Grand Prix,Race,race,Williams,ALB,SAI,29.0,25.0,112.731,112.25,-0.48099999999999454,HARD,2.0,2.0,11,dry,green,15.0,15.0,16.0,16.0,
matched_pair,2026,Belgian Grand Prix,Race,race,Williams,ALB,SAI,30.0,26.0,112.524,112.311,-0.21299999999999386,HARD,2.0,2.0,12,dry,green,15.0,15.0,16.0,16.0,
matched_pair,2026,Belgian Grand Prix,Race,race,Williams,ALB,SAI,31.0,27.0,112.751,112.265,-0.4860000000000042,HARD,2.0,2.0,13,dry,green,15.0,15.0,16.0,16.0,
matched_pair,2026,Belgian Grand Prix,Race,race,Williams,ALB,SAI,32.0,28.0,112.459,112.004,-0.4549999999999983,HARD,2.0,2.0,14,dry,green,15.0,15.0,16.0,16.0,
matched_pair,2026,Belgian Grand Prix,Race,race,Williams,ALB,SAI,33.0,29.0,112.797,112.067,-0.730000000000004,HARD,2.0,2.0,15,dry,green,15.0,15.0,16.0,16.0,
matched_pair,2026,Belgian Grand Prix,Race,race,Williams,ALB,SAI,34.0,30.0,112.827,112.088,-0.7390000000000043,HARD,2.0,2.0,16,dry,green,15.0,15.0,16.0,16.0,
matched_pair,2026,Belgian Grand Prix,Race,race,Williams,ALB,SAI,36.0,32.0,112.242,112.126,-0.11599999999999966,HARD,2.0,2.0,18,dry,green,15.0,15.0,16.0,16.0,
matched_pair,2026,Belgian Grand Prix,Race,race,Williams,ALB,SAI,37.0,33.0,112.57,112.189,-0.3810000000000002,HARD,2.0,2.0,19,dry,green,15.0,15.0,16.0,16.0,
matched_pair,2026,Belgian Grand Prix,Race,race,Williams,ALB,SAI,38.0,34.0,112.532,112.003,-0.5289999999999964,HARD,2.0,2.0,20,dry,green,15.0,15.0,16.0,16.0,
matched_pair,2026,Belgian Grand Prix,Race,race,Williams,ALB,SAI,39.0,35.0,112.461,112.445,-0.016000000000005343,HARD,2.0,2.0,21,dry,green,15.0,15.0,16.0,16.0,
matched_pair,2026,Belgian Grand Prix,Race,race,Williams,ALB,SAI,40.0,36.0,112.159,111.702,-0.45700000000000784,HARD,2.0,2.0,22,dry,green,15.0,15.0,16.0,16.0,
matched_pair,2026,Belgian Grand Prix,Race,race,Williams,ALB,SAI,41.0,37.0,112.133,112.386,0.2530000000000001,HARD,2.0,2.0,23,dry,green,15.0,15.0,16.0,16.0,
matched_pair,2026,Belgian Grand Prix,Race,race,Williams,ALB,SAI,42.0,38.0,112.094,112.122,0.028000000000005798,HARD,2.0,2.0,24,dry,green,15.0,15.0,16.0,16.0,
matched_pair,2026,Belgian Grand Prix,Race,race,Williams,ALB,SAI,43.0,39.0,112.408,111.86,-0.5480000000000018,HARD,2.0,2.0,25,dry,green,15.0,15.0,16.0,16.0,
matched_pair,2026,Belgian Grand Prix,Qualifying,qualifying,Alpine,COL,GAS,8.0,8.0,107.086,106.382,-0.7039999999999935,SOFT,3.0,3.0,2,dry,green,,,,,
matched_pair,2026,Belgian Grand Prix,Qualifying,qualifying,Alpine,COL,GAS,11.0,11.0,106.392,106.331,-0.06099999999999284,SOFT,4.0,4.0,2,dry,green,,,,,
matched_pair,2026,Belgian Grand Prix,Qualifying,qualifying,Alpine,COL,GAS,2.0,2.0,107.731,107.539,-0.19199999999999307,SOFT,1.0,1.0,2,dry,green,,,,,
matched_pair,2026,Belgian Grand Prix,Qualifying,qualifying,Alpine,COL,GAS,5.0,5.0,106.795,106.679,-0.11599999999999966,SOFT,2.0,2.0,2,dry,green,,,,,
skipped_pair,2026,Belgian Grand Prix,Qualifying,qualifying,Aston Martin,ALO,STR,,,,,,,,,,,,,,,,insufficient_matched_pairs
matched_pair,2026,Belgian Grand Prix,Qualifying,qualifying,Audi,BOR,HUL,8.0,8.0,106.082,106.715,0.6330000000000098,SOFT,3.0,3.0,2,dry,green,,,,,
matched_pair,2026,Belgian Grand Prix,Qualifying,qualifying,Audi,BOR,HUL,11.0,11.0,106.187,106.671,0.48400000000000887,SOFT,4.0,4.0,2,dry,green,,,,,
matched_pair,2026,Belgian Grand Prix,Qualifying,qualifying,Audi,BOR,HUL,2.0,2.0,106.609,107.643,1.034000000000006,SOFT,1.0,1.0,2,dry,green,,,,,
matched_pair,2026,Belgian Grand Prix,Qualifying,qualifying,Audi,BOR,HUL,5.0,5.0,107.118,106.893,-0.22499999999999432,SOFT,2.0,2.0,2,dry,green,,,,,
matched_pair,2026,Belgian Grand Prix,Qualifying,qualifying,Cadillac,BOT,PER,2.0,2.0,110.011,109.307,-0.7039999999999935,SOFT,1.0,1.0,2,dry,green,,,,,
matched_pair,2026,Belgian Grand Prix,Qualifying,qualifying,Cadillac,BOT,PER,4.0,4.0,108.622,108.504,-0.117999999999995,SOFT,1.0,1.0,4,dry,green,,,,,
matched_pair,2026,Belgian Grand Prix,Qualifying,qualifying,Cadillac,BOT,PER,7.0,7.0,107.823,107.971,0.14800000000001035,SOFT,2.0,2.0,2,dry,green,,,,,
matched_pair,2026,Belgian Grand Prix,Qualifying,qualifying,Ferrari,HAM,LEC,11.0,14.0,105.062,104.893,-0.16899999999999693,SOFT,4.0,5.0,2,dry,green,,,,,
matched_pair,2026,Belgian Grand Prix,Qualifying,qualifying,Ferrari,HAM,LEC,14.0,17.0,104.895,104.921,0.02600000000001046,SOFT,5.0,6.0,2,dry,green,,,,,
matched_pair,2026,Belgian Grand Prix,Qualifying,qualifying,Ferrari,HAM,LEC,8.0,8.0,105.543,105.397,-0.1460000000000008,SOFT,3.0,3.0,2,dry,green,,,,,
skipped_pair,2026,Belgian Grand Prix,Qualifying,qualifying,Haas F1 Team,BEA,OCO,,,,,,,,,,,,,,,,insufficient_matched_pairs
matched_pair,2026,Belgian Grand Prix,Qualifying,qualifying,McLaren,NOR,PIA,8.0,13.0,104.801,105.462,0.6610000000000014,SOFT,3.0,5.0,2,dry,green,,,,,
matched_pair,2026,Belgian Grand Prix,Qualifying,qualifying,McLaren,NOR,PIA,5.0,8.0,105.454,105.671,0.21700000000001296,SOFT,2.0,3.0,2,dry,green,,,,,
matched_pair,2026,Belgian Grand Prix,Qualifying,qualifying,McLaren,NOR,PIA,2.0,2.0,105.865,106.48,0.6150000000000091,SOFT,1.0,1.0,2,dry,green,,,,,
matched_pair,2026,Belgian Grand Prix,Qualifying,qualifying,Mercedes,ANT,RUS,11.0,14.0,104.84,105.156,0.3160000000000025,SOFT,4.0,5.0,2,dry,green,,,,,
matched_pair,2026,Belgian Grand Prix,Qualifying,qualifying,Mercedes,ANT,RUS,14.0,17.0,104.361,104.869,0.5079999999999956,SOFT,5.0,6.0,2,dry,green,,,,,
matched_pair,2026,Belgian Grand Prix,Qualifying,qualifying,Mercedes,ANT,RUS,8.0,8.0,105.142,105.689,0.546999999999997,SOFT,3.0,3.0,2,dry,green,,,,,
matched_pair,2026,Belgian Grand Prix,Qualifying,qualifying,Racing Bulls,LAW,LIN,8.0,8.0,106.161,105.629,-0.5319999999999965,SOFT,3.0,3.0,2,dry,green,,,,,
matched_pair,2026,Belgian Grand Prix,Qualifying,qualifying,Racing Bulls,LAW,LIN,11.0,11.0,106.12,105.83,-0.29000000000000625,SOFT,4.0,4.0,2,dry,green,,,,,
matched_pair,2026,Belgian Grand Prix,Qualifying,qualifying,Racing Bulls,LAW,LIN,2.0,2.0,106.501,106.191,-0.3100000000000023,SOFT,1.0,1.0,2,dry,green,,,,,
matched_pair,2026,Belgian Grand Prix,Qualifying,qualifying,Racing Bulls,LAW,LIN,5.0,5.0,106.652,106.425,-0.22700000000000387,SOFT,2.0,2.0,2,dry,green,,,,,
skipped_pair,2026,Belgian Grand Prix,Qualifying,qualifying,Red Bull Racing,HAD,VER,,,,,,,,,,,,,,,,insufficient_matched_pairs
skipped_pair,2026,Belgian Grand Prix,Qualifying,qualifying,Williams,ALB,SAI,,,,,,,,,,,,,,,,insufficient_matched_pairs
matched_pair,2026,Hungarian Grand Prix,Race,race,Alpine,COL,GAS,17.0,18.0,86.011,86.756,0.7450000000000045,HARD,2.0,2.0,2,dry,green,20.0,20.0,18.0,17.0,
matched_pair,2026,Hungarian Grand Prix,Race,race,Alpine,COL,GAS,39.0,41.0,84.932,85.344,0.41199999999999193,HARD,3.0,3.0,2,dry,green,17.0,17.0,13.0,13.0,
matched_pair,2026,Hungarian Grand Prix,Race,race,Alpine,COL,GAS,18.0,19.0,86.559,85.638,-0.9209999999999923,HARD,2.0,2.0,3,dry,green,20.0,19.0,17.0,15.0,
matched_pair,2026,Hungarian Grand Prix,Race,race,Alpine,COL,GAS,40.0,42.0,84.624,84.863,0.23900000000000432,HARD,3.0,3.0,3,dry,green,17.0,17.0,13.0,13.0,
matched_pair,2026,Hungarian Grand Prix,Race,race,Alpine,COL,GAS,19.0,20.0,87.255,85.992,-1.262999999999991,HARD,2.0,2.0,4,dry,green,19.0,18.0,15.0,15.0,
matched_pair,2026,Hungarian Grand Prix,Race,race,Alpine,COL,GAS,41.0,43.0,85.664,85.364,-0.29999999999999716,HARD,3.0,3.0,4,dry,green,17.0,16.0,13.0,13.0,
matched_pair,2026,Hungarian Grand Prix,Race,race,Alpine,COL,GAS,20.0,21.0,87.245,86.389,-0.8560000000000088,HARD,2.0,2.0,5,dry,green,18.0,18.0,15.0,15.0,
matched_pair,2026,Hungarian Grand Prix,Race,race,Alpine,COL,GAS,42.0,44.0,85.631,85.026,-0.605000000000004,HARD,3.0,3.0,5,dry,green,16.0,16.0,13.0,13.0,
matched_pair,2026,Hungarian Grand Prix,Race,race,Alpine,COL,GAS,21.0,22.0,87.607,86.352,-1.2549999999999955,HARD,2.0,2.0,6,dry,green,18.0,18.0,15.0,14.0,
matched_pair,2026,Hungarian Grand Prix,Race,race,Alpine,COL,GAS,43.0,45.0,86.2,85.321,-0.8790000000000049,HARD,3.0,3.0,6,dry,green,16.0,16.0,13.0,13.0,
matched_pair,2026,Hungarian Grand Prix,Race,race,Alpine,COL,GAS,22.0,23.0,87.103,86.628,-0.4749999999999943,HARD,2.0,2.0,7,dry,green,18.0,18.0,14.0,14.0,
matched_pair,2026,Hungarian Grand Prix,Race,race,Alpine,COL,GAS,44.0,46.0,85.577,85.235,-0.34199999999999875,HARD,3.0,3.0,7,dry,green,16.0,16.0,13.0,13.0,
matched_pair,2026,Hungarian Grand Prix,Race,race,Alpine,COL,GAS,23.0,24.0,88.139,86.636,-1.5030000000000001,HARD,2.0,2.0,8,dry,green,18.0,17.0,14.0,14.0,
matched_pair,2026,Hungarian Grand Prix,Race,race,Alpine,COL,GAS,24.0,25.0,88.095,86.811,-1.2839999999999918,HARD,2.0,2.0,9,dry,green,17.0,17.0,14.0,14.0,
matched_pair,2026,Hungarian Grand Prix,Race,race,Alpine,COL,GAS,46.0,48.0,85.745,86.043,0.2980000000000018,HARD,3.0,3.0,9,dry,green,16.0,16.0,13.0,13.0,
matched_pair,2026,Hungarian Grand Prix,Race,race,Alpine,COL,GAS,47.0,26.0,85.996,87.338,1.3419999999999987,HARD,3.0,2.0,10,dry,green,16.0,16.0,14.0,13.0,
matched_pair,2026,Hungarian Grand Prix,Race,race,Alpine,COL,GAS,26.0,27.0,87.096,86.736,-0.35999999999999943,HARD,2.0,2.0,11,dry,green,17.0,16.0,13.0,13.0,
matched_pair,2026,Hungarian Grand Prix,Race,race,Alpine,COL,GAS,48.0,50.0,86.055,85.629,-0.42600000000000193,HARD,3.0,3.0,11,dry,green,16.0,16.0,13.0,13.0,
matched_pair,2026,Hungarian Grand Prix,Race,race,Alpine,COL,GAS,27.0,28.0,87.138,87.407,0.26899999999999125,HARD,2.0,2.0,12,dry,green,16.0,16.0,13.0,13.0,
matched_pair,2026,Hungarian Grand Prix,Race,race,Alpine,COL,GAS,28.0,29.0,88.224,87.138,-1.0859999999999985,HARD,2.0,2.0,13,dry,green,16.0,16.0,13.0,13.0,
matched_pair,2026,Hungarian Grand Prix,Race,race,Alpine,COL,GAS,50.0,52.0,85.707,85.521,-0.18599999999999284,HARD,3.0,3.0,13,dry,green,16.0,16.0,13.0,13.0,
matched_pair,2026,Hungarian Grand Prix,Race,race,Alpine,COL,GAS,29.0,30.0,87.1,86.768,-0.33199999999999363,HARD,2.0,2.0,14,dry,green,16.0,16.0,13.0,12.0,
matched_pair,2026,Hungarian Grand Prix,Race,race,Alpine,COL,GAS,51.0,53.0,85.744,86.2,0.45600000000000307,HARD,3.0,3.0,14,dry,green,16.0,16.0,13.0,13.0,
matched_pair,2026,Hungarian Grand Prix,Race,race,Alpine,COL,GAS,30.0,31.0,87.347,86.57,-0.777000000000001,HARD,2.0,2.0,15,dry,green,16.0,16.0,12.0,12.0,
matched_pair,2026,Hungarian Grand Prix,Race,race,Alpine,COL,GAS,31.0,32.0,87.411,86.907,-0.5040000000000049,HARD,2.0,2.0,16,dry,green,16.0,16.0,12.0,12.0,
matched_pair,2026,Hungarian Grand Prix,Race,race,Alpine,COL,GAS,32.0,33.0,87.092,86.882,-0.20999999999999375,HARD,2.0,2.0,17,dry,green,16.0,16.0,12.0,12.0,
matched_pair,2026,Hungarian Grand Prix,Race,race,Alpine,COL,GAS,33.0,34.0,86.926,86.888,-0.0379999999999967,HARD,2.0,2.0,18,dry,green,16.0,16.0,12.0,12.0,
matched_pair,2026,Hungarian Grand Prix,Race,race,Alpine,COL,GAS,35.0,36.0,88.116,87.538,-0.578000000000003,HARD,2.0,2.0,20,dry,green,16.0,15.0,12.0,12.0,
matched_pair,2026,Hungarian Grand Prix,Race,race,Alpine,COL,GAS,3.0,3.0,88.069,87.125,-0.9440000000000026,MEDIUM,1.0,1.0,3,dry,green,14.0,14.0,11.0,11.0,
matched_pair,2026,Hungarian Grand Prix,Race,race,Alpine,COL,GAS,4.0,4.0,87.801,87.581,-0.21999999999999886,MEDIUM,1.0,1.0,4,dry,green,14.0,14.0,11.0,11.0,
matched_pair,2026,Hungarian Grand Prix,Race,race,Alpine,COL,GAS,5.0,5.0,88.168,87.127,-1.041000000000011,MEDIUM,1.0,1.0,5,dry,green,14.0,14.0,11.0,11.0,
matched_pair,2026,Hungarian Grand Prix,Race,race,Alpine,COL,GAS,6.0,6.0,88.29,87.415,-0.875,MEDIUM,1.0,1.0,6,dry,green,14.0,15.0,11.0,11.0,
matched_pair,2026,Hungarian Grand Prix,Race,race,Alpine,COL,GAS,7.0,7.0,87.505,87.468,-0.03699999999999193,MEDIUM,1.0,1.0,7,dry,green,15.0,15.0,11.0,11.0,
matched_pair,2026,Hungarian Grand Prix,Race,race,Alpine,COL,GAS,8.0,8.0,87.888,87.215,-0.6730000000000018,MEDIUM,1.0,1.0,8,dry,green,15.0,15.0,11.0,11.0,
matched_pair,2026,Hungarian Grand Prix,Race,race,Alpine,COL,GAS,9.0,9.0,88.032,87.361,-0.6709999999999923,MEDIUM,1.0,1.0,9,dry,green,15.0,15.0,11.0,11.0,
matched_pair,2026,Hungarian Grand Prix,Race,race,Alpine,COL,GAS,10.0,10.0,88.107,87.485,-0.6219999999999999,MEDIUM,1.0,1.0,10,dry,green,15.0,15.0,11.0,11.0,
matched_pair,2026,Hungarian Grand Prix,Race,race,Alpine,COL,GAS,11.0,11.0,87.978,88.245,0.2670000000000101,MEDIUM,1.0,1.0,11,dry,green,15.0,15.0,11.0,11.0,
matched_pair,2026,Hungarian Grand Prix,Race,race,Aston Martin,ALO,STR,37.0,11.0,85.503,87.235,1.7319999999999993,MEDIUM,2.0,2.0,3,dry,green,17.0,16.0,22.0,22.0,
matched_pair,2026,Hungarian Grand Prix,Race,race,Aston Martin,ALO,STR,42.0,16.0,85.766,87.72,1.9539999999999935,MEDIUM,2.0,2.0,8,dry,green,14.0,14.0,21.0,19.0,
matched_pair,2026,Hungarian Grand Prix,Race,race,Aston Martin,ALO,STR,43.0,17.0,86.557,86.999,0.44199999999999307,MEDIUM,2.0,2.0,9,dry,green,14.0,14.0,19.0,19.0,
matched_pair,2026,Hungarian Grand Prix,Race,race,Aston Martin,ALO,STR,45.0,19.0,85.793,87.229,1.4359999999999928,MEDIUM,2.0,2.0,11,dry,green,14.0,14.0,18.0,17.0,
matched_pair,2026,Hungarian Grand Prix,Race,race,Aston Martin,ALO,STR,46.0,20.0,85.727,87.3,1.5729999999999933,MEDIUM,2.0,2.0,12,dry,green,14.0,14.0,17.0,17.0,
matched_pair,2026,Hungarian Grand Prix,Race,race,Aston Martin,ALO,STR,47.0,21.0,86.111,87.556,1.4449999999999932,MEDIUM,2.0,2.0,13,dry,green,14.0,14.0,17.0,17.0,
matched_pair,2026,Hungarian Grand Prix,Race,race,Aston Martin,ALO,STR,48.0,22.0,85.928,87.15,1.2220000000000084,MEDIUM,2.0,2.0,14,dry,green,14.0,14.0,17.0,17.0,
matched_pair,2026,Hungarian Grand Prix,Race,race,Aston Martin,ALO,STR,50.0,24.0,85.497,88.086,2.5889999999999986,MEDIUM,2.0,2.0,16,dry,green,14.0,14.0,16.0,16.0,
matched_pair,2026,Hungarian Grand Prix,Race,race,Aston Martin,ALO,STR,51.0,25.0,85.7,86.862,1.161999999999992,MEDIUM,2.0,2.0,17,dry,green,14.0,14.0,16.0,15.0,
matched_pair,2026,Hungarian Grand Prix,Race,race,Aston Martin,ALO,STR,52.0,26.0,85.821,87.172,1.350999999999999,MEDIUM,2.0,2.0,18,dry,green,14.0,14.0,15.0,15.0,
matched_pair,2026,Hungarian Grand Prix,Race,race,Aston Martin,ALO,STR,53.0,27.0,86.144,86.837,0.6929999999999978,MEDIUM,2.0,2.0,19,dry,green,14.0,14.0,15.0,15.0,
matched_pair,2026,Hungarian Grand Prix,Race,race,Aston Martin,ALO,STR,54.0,28.0,86.405,87.302,0.8970000000000056,MEDIUM,2.0,2.0,20,dry,green,14.0,14.0,15.0,15.0,
matched_pair,2026,Hungarian Grand Prix,Race,race,Aston Martin,ALO,STR,2.0,39.0,88.901,85.147,-3.7539999999999907,SOFT,1.0,3.0,2,dry,green,15.0,15.0,16.0,15.0,
matched_pair,2026,Hungarian Grand Prix,Race,race,Aston Martin,ALO,STR,3.0,3.0,87.883,87.739,-0.14399999999999125,SOFT,1.0,1.0,3,dry,green,15.0,15.0,21.0,20.0,
matched_pair,2026,Hungarian Grand Prix,Race,race,Aston Martin,ALO,STR,58.0,40.0,83.711,84.989,1.2780000000000058,SOFT,3.0,3.0,3,dry,green,15.0,15.0,15.0,15.0,
matched_pair,2026,Hungarian Grand Prix,Race,race,Aston Martin,ALO,STR,4.0,4.0,88.021,88.366,0.34499999999999886,SOFT,1.0,1.0,4,dry,green,15.0,15.0,20.0,20.0,
matched_pair,2026,Hungarian Grand Prix,Race,race,Aston Martin,ALO,STR,60.0,5.0,84.079,87.685,3.6060000000000088,SOFT,3.0,1.0,5,dry,green,15.0,14.0,20.0,19.0,
matched_pair,2026,Hungarian Grand Prix,Race,race,Aston Martin,ALO,STR,6.0,6.0,87.262,88.365,1.1029999999999944,SOFT,1.0,1.0,6,dry,green,16.0,16.0,19.0,19.0,
matched_pair,2026,Hungarian Grand Prix,Race,race,Aston Martin,ALO,STR,61.0,43.0,84.456,85.811,1.355000000000004,SOFT,3.0,3.0,6,dry,green,14.0,14.0,15.0,15.0,
matched_pair,2026,Hungarian Grand Prix,Race,race,Aston Martin,ALO,STR,7.0,7.0,87.495,88.362,0.8669999999999902,SOFT,1.0,1.0,7,dry,green,16.0,16.0,19.0,19.0,
matched_pair,2026,Hungarian Grand Prix,Race,race,Aston Martin,ALO,STR,62.0,44.0,85.047,85.47,0.4230000000000018,SOFT,3.0,3.0,7,dry,green,14.0,14.0,15.0,15.0,
matched_pair,2026,Hungarian Grand Prix,Race,race,Aston Martin,ALO,STR,8.0,45.0,87.678,85.673,-2.0049999999999955,SOFT,1.0,3.0,8,dry,green,16.0,16.0,15.0,15.0,
matched_pair,2026,Hungarian Grand Prix,Race,race,Aston Martin,ALO,STR,9.0,46.0,88.149,85.218,-2.9309999999999974,SOFT,1.0,3.0,9,dry,green,16.0,16.0,15.0,15.0,
matched_pair,2026,Hungarian Grand Prix,Race,race,Aston Martin,ALO,STR,10.0,47.0,87.887,85.627,-2.260000000000005,SOFT,1.0,3.0,10,dry,green,16.0,16.0,15.0,15.0,
matched_pair,2026,Hungarian Grand Prix,Race,race,Aston Martin,ALO,STR,13.0,50.0,88.327,85.191,-3.1359999999999957,SOFT,1.0,3.0,13,dry,green,16.0,16.0,15.0,15.0,
matched_pair,2026,Hungarian Grand Prix,Race,race,Aston Martin,ALO,STR,14.0,51.0,88.777,85.529,-3.2480000000000047,SOFT,1.0,3.0,14,dry,green,16.0,16.0,15.0,15.0,
matched_pair,2026,Hungarian Grand Prix,Race,race,Aston Martin,ALO,STR,15.0,52.0,88.534,85.342,-3.1920000000000073,SOFT,1.0,3.0,15,dry,green,16.0,15.0,15.0,15.0,
matched_pair,2026,Hungarian Grand Prix,Race,race,Aston Martin,ALO,STR,16.0,53.0,87.683,85.589,-2.0940000000000083,SOFT,1.0,3.0,16,dry,green,15.0,15.0,15.0,15.0,
matched_pair,2026,Hungarian Grand Prix,Race,race,Aston Martin,ALO,STR,17.0,54.0,87.856,85.805,-2.0509999999999877,SOFT,1.0,3.0,17,dry,green,15.0,13.0,15.0,15.0,
matched_pair,2026,Hungarian Grand Prix,Race,race,Aston Martin,ALO,STR,20.0,57.0,87.515,84.718,-2.796999999999997,SOFT,1.0,3.0,20,dry,green,13.0,12.0,12.0,12.0,
matched_pair,2026,Hungarian Grand Prix,Race,race,Aston Martin,ALO,STR,21.0,58.0,87.559,84.91,-2.649000000000001,SOFT,1.0,3.0,21,dry,green,12.0,11.0,12.0,12.0,
matched_pair,2026,Hungarian Grand Prix,Race,race,Aston Martin,ALO,STR,22.0,59.0,87.363,85.07,-2.2930000000000064,SOFT,1.0,3.0,22,dry,green,11.0,10.0,12.0,12.0,
matched_pair,2026,Hungarian Grand Prix,Race,race,Aston Martin,ALO,STR,23.0,60.0,87.547,85.408,-2.138999999999996,SOFT,1.0,3.0,23,dry,green,10.0,10.0,12.0,12.0,
matched_pair,2026,Hungarian Grand Prix,Race,race,Aston Martin,ALO,STR,24.0,61.0,88.587,86.4,-2.1869999999999976,SOFT,1.0,3.0,24,dry,green,10.0,11.0,12.0,13.0,
matched_pair,2026,Hungarian Grand Prix,Race,race,Aston Martin,ALO,STR,27.0,64.0,87.963,85.132,-2.830999999999989,SOFT,1.0,3.0,27,dry,green,14.0,14.0,13.0,13.0,
matched_pair,2026,Hungarian Grand Prix,Race,race,Aston Martin,ALO,STR,29.0,66.0,88.267,85.361,-2.9059999999999917,SOFT,1.0,3.0,29,dry,green,14.0,14.0,13.0,13.0,
matched_pair,2026,Hungarian Grand Prix,Race,race,Aston Martin,ALO,STR,31.0,68.0,88.26,85.407,-2.8530000000000086,SOFT,1.0,3.0,31,dry,green,13.0,13.0,13.0,13.0,
matched_pair,2026,Hungarian Grand Prix,Race,race,Audi,BOR,HUL,31.0,21.0,84.915,85.814,0.8989999999999867,HARD,2.0,2.0,2,dry,green,14.0,14.0,13.0,13.0,
matched_pair,2026,Hungarian Grand Prix,Race,race,Audi,BOR,HUL,33.0,23.0,84.783,87.049,2.2660000000000053,HARD,2.0,2.0,4,dry,green,14.0,13.0,13.0,13.0,
matched_pair,2026,Hungarian Grand Prix,Race,race,Audi,BOR,HUL,34.0,24.0,85.182,86.979,1.796999999999997,HARD,2.0,2.0,5,dry,green,13.0,13.0,13.0,13.0,
matched_pair,2026,Hungarian Grand Prix,Race,race,Audi,BOR,HUL,36.0,26.0,85.388,86.034,0.6460000000000008,HARD,2.0,2.0,7,dry,green,13.0,13.0,13.0,12.0,
matched_pair,2026,Hungarian Grand Prix,Race,race,Audi,BOR,HUL,39.0,29.0,85.238,86.517,1.2789999999999964,HARD,2.0,2.0,10,dry,green,12.0,12.0,12.0,12.0,
matched_pair,2026,Hungarian Grand Prix,Race,race,Audi,BOR,HUL,40.0,30.0,84.991,86.394,1.4030000000000058,HARD,2.0,2.0,11,dry,green,12.0,11.0,12.0,11.0,
matched_pair,2026,Hungarian Grand Prix,Race,race,Audi,BOR,HUL,41.0,31.0,85.137,86.403,1.2660000000000053,HARD,2.0,2.0,12,dry,green,11.0,11.0,11.0,11.0,
matched_pair,2026,Hungarian Grand Prix,Race,race,Audi,BOR,HUL,42.0,32.0,85.202,86.514,1.3119999999999976,HARD,2.0,2.0,13,dry,green,11.0,11.0,11.0,11.0,
matched_pair,2026,Hungarian Grand Prix,Race,race,Audi,BOR,HUL,43.0,33.0,85.312,86.19,0.8780000000000001,HARD,2.0,2.0,14,dry,green,11.0,10.0,11.0,11.0,
matched_pair,2026,Hungarian Grand Prix,Race,race,Audi,BOR,HUL,44.0,34.0,85.923,86.149,0.2259999999999991,HARD,2.0,2.0,15,dry,green,10.0,10.0,11.0,11.0,
matched_pair,2026,Hungarian Grand Prix,Race,race,Audi,BOR,HUL,45.0,35.0,85.561,86.229,0.6679999999999922,HARD,2.0,2.0,16,dry,green,10.0,10.0,11.0,11.0,
matched_pair,2026,Hungarian Grand Prix,Race,race,Audi,BOR,HUL,46.0,36.0,85.704,86.251,0.5470000000000113,HARD,2.0,2.0,17,dry,green,10.0,10.0,11.0,11.0,
matched_pair,2026,Hungarian Grand Prix,Race,race,Audi,BOR,HUL,47.0,37.0,85.68,86.159,0.4789999999999992,HARD,2.0,2.0,18,dry,green,10.0,10.0,11.0,11.0,
matched_pair,2026,Hungarian Grand Prix,Race,race,Audi,BOR,HUL,3.0,42.0,87.634,84.588,-3.0460000000000065,SOFT,1.0,3.0,3,dry,green,13.0,13.0,12.0,12.0,
matched_pair,2026,Hungarian Grand Prix,Race,race,Audi,BOR,HUL,4.0,43.0,87.566,84.824,-2.7420000000000044,SOFT,1.0,3.0,4,dry,green,13.0,13.0,12.0,12.0,
matched_pair,2026,Hungarian Grand Prix,Race,race,Audi,BOR,HUL,5.0,44.0,87.675,85.283,-2.391999999999996,SOFT,1.0,3.0,5,dry,green,13.0,13.0,12.0,12.0,
matched_pair,2026,Hungarian Grand Prix,Race,race,Audi,BOR,HUL,6.0,45.0,87.668,85.203,-2.4650000000000034,SOFT,1.0,3.0,6,dry,green,13.0,13.0,12.0,12.0,
matched_pair,2026,Hungarian Grand Prix,Race,race,Audi,BOR,HUL,7.0,46.0,87.777,85.365,-2.412000000000006,SOFT,1.0,3.0,7,dry,green,13.0,13.0,12.0,12.0,
matched_pair,2026,Hungarian Grand Prix,Race,race,Audi,BOR,HUL,8.0,47.0,88.395,86.149,-2.245999999999995,SOFT,1.0,3.0,8,dry,green,13.0,14.0,12.0,12.0,
matched_pair,2026,Hungarian Grand Prix,Race,race,Audi,BOR,HUL,9.0,48.0,88.201,85.623,-2.5779999999999887,SOFT,1.0,3.0,9,dry,green,14.0,14.0,12.0,12.0,
matched_pair,2026,Hungarian Grand Prix,Race,race,Audi,BOR,HUL,11.0,50.0,88.014,84.942,-3.0720000000000027,SOFT,1.0,3.0,11,dry,green,14.0,14.0,12.0,12.0,
matched_pair,2026,Hungarian Grand Prix,Race,race,Audi,BOR,HUL,13.0,52.0,88.381,84.953,-3.4279999999999973,SOFT,1.0,3.0,13,dry,green,14.0,14.0,12.0,12.0,
matched_pair,2026,Hungarian Grand Prix,Race,race,Audi,BOR,HUL,14.0,53.0,88.119,85.455,-2.6640000000000015,SOFT,1.0,3.0,14,dry,green,14.0,13.0,12.0,12.0,
matched_pair,2026,Hungarian Grand Prix,Race,race,Audi,BOR,HUL,15.0,54.0,87.184,85.439,-1.7450000000000045,SOFT,1.0,3.0,15,dry,green,13.0,13.0,12.0,12.0,
matched_pair,2026,Hungarian Grand Prix,Race,race,Audi,BOR,HUL,18.0,57.0,86.797,84.876,-1.9209999999999923,SOFT,1.0,3.0,18,dry,green,12.0,12.0,11.0,11.0,
matched_pair,2026,Hungarian Grand Prix,Race,race,Audi,BOR,HUL,19.0,58.0,86.927,85.367,-1.5600000000000023,SOFT,1.0,3.0,19,dry,green,12.0,12.0,11.0,11.0,
matched_pair,2026,Hungarian Grand Prix,Race,race,Audi,BOR,HUL,20.0,59.0,87.548,86.089,-1.4590000000000032,SOFT,1.0,3.0,20,dry,green,12.0,11.0,11.0,10.0,
matched_pair,2026,Hungarian Grand Prix,Race,race,Audi,BOR,HUL,21.0,60.0,86.823,85.188,-1.634999999999991,SOFT,1.0,3.0,21,dry,green,11.0,10.0,10.0,10.0,
matched_pair,2026,Hungarian Grand Prix,Race,race,Audi,BOR,HUL,24.0,63.0,87.27,86.307,-0.9629999999999939,SOFT,1.0,3.0,24,dry,green,9.0,9.0,10.0,9.0,
matched_pair,2026,Hungarian Grand Prix,Race,race,Audi,BOR,HUL,25.0,64.0,86.893,86.245,-0.6479999999999961,SOFT,1.0,3.0,25,dry,green,9.0,9.0,9.0,9.0,
matched_pair,2026,Hungarian Grand Prix,Race,race,Audi,BOR,HUL,26.0,65.0,87.243,84.506,-2.7369999999999948,SOFT,1.0,3.0,26,dry,green,9.0,9.0,9.0,9.0,
matched_pair,2026,Hungarian Grand Prix,Race,race,Audi,BOR,HUL,27.0,66.0,87.136,86.472,-0.6640000000000015,SOFT,1.0,3.0,27,dry,green,9.0,9.0,9.0,9.0,
matched_pair,2026,Hungarian Grand Prix,Race,race,Audi,BOR,HUL,28.0,67.0,87.68,83.964,-3.716000000000008,SOFT,1.0,3.0,28,dry,green,9.0,8.0,9.0,9.0,
matched_pair,2026,Hungarian Grand Prix,Race,race,Cadillac,BOT,PER,3.0,3.0,89.155,89.025,-0.12999999999999545,MEDIUM,1.0,1.0,3,dry,green,20.0,21.0,22.0,22.0,
matched_pair,2026,Hungarian Grand Prix,Race,race,Cadillac,BOT,PER,4.0,4.0,87.959,88.623,0.6640000000000015,MEDIUM,1.0,1.0,4,dry,green,21.0,21.0,22.0,22.0,
matched_pair,2026,Hungarian Grand Prix,Race,race,Cadillac,BOT,PER,5.0,5.0,89.154,88.785,-0.3689999999999998,MEDIUM,1.0,1.0,5,dry,green,21.0,21.0,22.0,22.0,
matched_pair,2026,Hungarian Grand Prix,Race,race,Cadillac,BOT,PER,6.0,6.0,88.847,89.083,0.2360000000000042,MEDIUM,1.0,1.0,6,dry,green,21.0,21.0,22.0,22.0,
matched_pair,2026,Hungarian Grand Prix,Race,race,Cadillac,BOT,PER,7.0,7.0,88.764,89.245,0.48100000000000875,MEDIUM,1.0,1.0,7,dry,green,21.0,21.0,22.0,22.0,
matched_pair,2026,Hungarian Grand Prix,Race,race,Cadillac,BOT,PER,8.0,8.0,89.003,89.208,0.2049999999999983,MEDIUM,1.0,1.0,8,dry,green,21.0,21.0,22.0,22.0,
matched_pair,2026,Hungarian Grand Prix,Race,race,Cadillac,BOT,PER,9.0,9.0,88.802,89.295,0.492999999999995,MEDIUM,1.0,1.0,9,dry,green,21.0,20.0,22.0,21.0,
matched_pair,2026,Hungarian Grand Prix,Race,race,Cadillac,BOT,PER,10.0,10.0,88.874,89.627,0.7530000000000001,MEDIUM,1.0,1.0,10,dry,green,20.0,20.0,21.0,21.0,
matched_pair,2026,Hungarian Grand Prix,Race,race,Cadillac,BOT,PER,11.0,11.0,88.935,89.549,0.6140000000000043,MEDIUM,1.0,1.0,11,dry,green,20.0,20.0,21.0,21.0,
matched_pair,2026,Hungarian Grand Prix,Race,race,Cadillac,BOT,PER,12.0,12.0,89.344,89.694,0.3500000000000085,MEDIUM,1.0,1.0,12,dry,green,20.0,20.0,21.0,21.0,
matched_pair,2026,Hungarian Grand Prix,Race,race,Cadillac,BOT,PER,13.0,13.0,89.621,89.371,-0.25,MEDIUM,1.0,1.0,13,dry,green,20.0,20.0,21.0,21.0,
matched_pair,2026,Hungarian Grand Prix,Race,race,Ferrari,HAM,LEC,15.0,18.0,84.937,84.536,-0.40099999999999625,HARD,2.0,2.0,2,dry,green,8.0,6.0,7.0,7.0,
matched_pair,2026,Hungarian Grand Prix,Race,race,Ferrari,HAM,LEC,32.0,38.0,83.671,84.77,1.0989999999999895,HARD,3.0,3.0,2,dry,green,7.0,6.0,7.0,6.0,
matched_pair,2026,Hungarian Grand Prix,Race,race,Ferrari,HAM,LEC,16.0,19.0,86.092,84.876,-1.215999999999994,HARD,2.0,2.0,3,dry,green,6.0,7.0,7.0,6.0,
matched_pair,2026,Hungarian Grand Prix,Race,race,Ferrari,HAM,LEC,17.0,20.0,85.064,85.034,-0.029999999999986926,HARD,2.0,2.0,4,dry,green,7.0,6.0,6.0,6.0,
matched_pair,2026,Hungarian Grand Prix,Race,race,Ferrari,HAM,LEC,34.0,40.0,84.224,84.198,-0.02600000000001046,HARD,3.0,3.0,4,dry,green,6.0,6.0,6.0,6.0,
matched_pair,2026,Hungarian Grand Prix,Race,race,Ferrari,HAM,LEC,18.0,21.0,85.654,84.871,-0.7830000000000013,HARD,2.0,2.0,5,dry,green,6.0,6.0,6.0,6.0,
matched_pair,2026,Hungarian Grand Prix,Race,race,Ferrari,HAM,LEC,35.0,41.0,84.27,83.789,-0.48099999999999454,HARD,3.0,3.0,5,dry,green,6.0,6.0,6.0,6.0,
matched_pair,2026,Hungarian Grand Prix,Race,race,Ferrari,HAM,LEC,36.0,22.0,84.239,84.869,0.6299999999999955,HARD,3.0,2.0,6,dry,green,6.0,6.0,6.0,6.0,
matched_pair,2026,Hungarian Grand Prix,Race,race,Ferrari,HAM,LEC,20.0,23.0,85.255,84.944,-0.31099999999999284,HARD,2.0,2.0,7,dry,green,5.0,5.0,6.0,5.0,
matched_pair,2026,Hungarian Grand Prix,Race,race,Ferrari,HAM,LEC,37.0,43.0,84.789,84.266,-0.5229999999999961,HARD,3.0,3.0,7,dry,green,6.0,5.0,6.0,6.0,
matched_pair,2026,Hungarian Grand Prix,Race,race,Ferrari,HAM,LEC,21.0,24.0,85.207,84.989,-0.2179999999999893,HARD,2.0,2.0,8,dry,green,5.0,5.0,5.0,5.0,
matched_pair,2026,Hungarian Grand Prix,Race,race,Ferrari,HAM,LEC,22.0,25.0,85.231,85.074,-0.15699999999999648,HARD,2.0,2.0,9,dry,green,5.0,5.0,5.0,5.0,
matched_pair,2026,Hungarian Grand Prix,Race,race,Ferrari,HAM,LEC,23.0,26.0,85.575,85.75,0.17499999999999716,HARD,2.0,2.0,10,dry,green,5.0,4.0,5.0,5.0,
matched_pair,2026,Hungarian Grand Prix,Race,race,Ferrari,HAM,LEC,40.0,46.0,84.617,84.611,-0.006000000000000227,HARD,3.0,3.0,10,dry,green,5.0,5.0,6.0,6.0,
matched_pair,2026,Hungarian Grand Prix,Race,race,Ferrari,HAM,LEC,24.0,27.0,85.25,85.974,0.7240000000000038,HARD,2.0,2.0,11,dry,green,4.0,4.0,5.0,5.0,
matched_pair,2026,Hungarian Grand Prix,Race,race,Ferrari,HAM,LEC,41.0,47.0,84.748,84.174,-0.5739999999999981,HARD,3.0,3.0,11,dry,green,5.0,5.0,6.0,6.0,
matched_pair,2026,Hungarian Grand Prix,Race,race,Ferrari,HAM,LEC,25.0,28.0,85.153,85.156,0.0030000000000001137,HARD,2.0,2.0,12,dry,green,4.0,4.0,5.0,5.0,
matched_pair,2026,Hungarian Grand Prix,Race,race,Ferrari,HAM,LEC,42.0,48.0,84.743,84.95,0.20700000000000784,HARD,3.0,3.0,12,dry,green,5.0,4.0,6.0,6.0,
matched_pair,2026,Hungarian Grand Prix,Race,race,Ferrari,HAM,LEC,26.0,29.0,85.54,85.633,0.09299999999998931,HARD,2.0,2.0,13,dry,green,4.0,4.0,5.0,5.0,
matched_pair,2026,Hungarian Grand Prix,Race,race,Ferrari,HAM,LEC,43.0,49.0,84.697,84.92,0.22299999999999898,HARD,3.0,3.0,13,dry,green,4.0,4.0,6.0,6.0,
matched_pair,2026,Hungarian Grand Prix,Race,race,Ferrari,HAM,LEC,27.0,30.0,85.926,85.781,-0.14499999999999602,HARD,2.0,2.0,14,dry,green,4.0,4.0,5.0,4.0,
matched_pair,2026,Hungarian Grand Prix,Race,race,Ferrari,HAM,LEC,28.0,31.0,85.511,85.357,-0.15399999999999636,HARD,2.0,2.0,15,dry,green,4.0,4.0,4.0,4.0,
matched_pair,2026,Hungarian Grand Prix,Race,race,Ferrari,HAM,LEC,45.0,51.0,84.665,84.365,-0.30000000000001137,HARD,3.0,3.0,15,dry,green,4.0,4.0,6.0,6.0,
matched_pair,2026,Hungarian Grand Prix,Race,race,Ferrari,HAM,LEC,29.0,32.0,85.619,85.531,-0.08799999999999386,HARD,2.0,2.0,16,dry,green,4.0,4.0,4.0,4.0,
matched_pair,2026,Hungarian Grand Prix,Race,race,Ferrari,HAM,LEC,46.0,52.0,84.536,84.693,0.15699999999999648,HARD,3.0,3.0,16,dry,green,4.0,4.0,6.0,6.0,
matched_pair,2026,Hungarian Grand Prix,Race,race,Ferrari,HAM,LEC,47.0,33.0,84.049,85.782,1.7329999999999899,HARD,3.0,2.0,17,dry,green,4.0,4.0,4.0,4.0,
matched_pair,2026,Hungarian Grand Prix,Race,race,Ferrari,HAM,LEC,48.0,54.0,84.404,84.648,0.24399999999999977,HARD,3.0,3.0,18,dry,green,4.0,4.0,6.0,5.0,
matched_pair,2026,Hungarian Grand Prix,Race,race,Ferrari,HAM,LEC,49.0,55.0,84.786,84.738,-0.04800000000000182,HARD,3.0,3.0,19,dry,green,4.0,4.0,5.0,5.0,
matched_pair,2026,Hungarian Grand Prix,Race,race,Ferrari,HAM,LEC,2.0,2.0,85.911,85.916,0.0049999999999954525,SOFT,1.0,1.0,2,dry,green,4.0,4.0,5.0,5.0,
matched_pair,2026,Hungarian Grand Prix,Race,race,Ferrari,HAM,LEC,3.0,3.0,85.598,85.679,0.08100000000000307,SOFT,1.0,1.0,3,dry,green,4.0,4.0,5.0,5.0,
matched_pair,2026,Hungarian Grand Prix,Race,race,Ferrari,HAM,LEC,59.0,59.0,82.3,82.383,0.08299999999999841,SOFT,4.0,4.0,3,dry,green,4.0,4.0,5.0,5.0,
matched_pair,2026,Hungarian Grand Prix,Race,race,Ferrari,HAM,LEC,4.0,4.0,85.616,85.701,0.08499999999999375,SOFT,1.0,1.0,4,dry,green,4.0,4.0,5.0,5.0,
matched_pair,2026,Hungarian Grand Prix,Race,race,Ferrari,HAM,LEC,60.0,60.0,83.832,82.34,-1.4919999999999902,SOFT,4.0,4.0,4,dry,green,4.0,4.0,5.0,5.0,
matched_pair,2026,Hungarian Grand Prix,Race,race,Ferrari,HAM,LEC,5.0,5.0,85.806,85.811,0.005000000000009663,SOFT,1.0,1.0,5,dry,green,4.0,4.0,5.0,5.0,
matched_pair,2026,Hungarian Grand Prix,Race,race,Ferrari,HAM,LEC,61.0,61.0,83.088,82.318,-0.769999999999996,SOFT,4.0,4.0,5,dry,green,4.0,4.0,5.0,5.0,
matched_pair,2026,Hungarian Grand Prix,Race,race,Ferrari,HAM,LEC,6.0,6.0,85.228,85.434,0.20600000000000307,SOFT,1.0,1.0,6,dry,green,4.0,4.0,5.0,5.0,
matched_pair,2026,Hungarian Grand Prix,Race,race,Ferrari,HAM,LEC,62.0,62.0,83.291,82.661,-0.6299999999999955,SOFT,4.0,4.0,6,dry,green,4.0,4.0,5.0,5.0,
matched_pair,2026,Hungarian Grand Prix,Race,race,Ferrari,HAM,LEC,7.0,7.0,85.474,85.468,-0.006000000000000227,SOFT,1.0,1.0,7,dry,green,4.0,4.0,5.0,5.0,
matched_pair,2026,Hungarian Grand Prix,Race,race,Ferrari,HAM,LEC,8.0,8.0,85.369,85.435,0.0660000000000025,SOFT,1.0,1.0,8,dry,green,4.0,4.0,5.0,5.0,
matched_pair,2026,Hungarian Grand Prix,Race,race,Ferrari,HAM,LEC,9.0,9.0,85.91,85.532,-0.3780000000000001,SOFT,1.0,1.0,9,dry,green,4.0,4.0,5.0,5.0,
matched_pair,2026,Hungarian Grand Prix,Race,race,Ferrari,HAM,LEC,65.0,65.0,83.031,83.363,0.33199999999999363,SOFT,4.0,4.0,9,dry,green,4.0,4.0,5.0,5.0,
matched_pair,2026,Hungarian Grand Prix,Race,race,Ferrari,HAM,LEC,10.0,10.0,85.401,85.797,0.3960000000000008,SOFT,1.0,1.0,10,dry,green,4.0,4.0,5.0,5.0,
matched_pair,2026,Hungarian Grand Prix,Race,race,Ferrari,HAM,LEC,66.0,66.0,83.401,82.927,-0.47399999999998954,SOFT,4.0,4.0,10,dry,green,4.0,4.0,5.0,5.0,
matched_pair,2026,Hungarian Grand Prix,Race,race,Ferrari,HAM,LEC,11.0,11.0,85.732,85.824,0.09199999999999875,SOFT,1.0,1.0,11,dry,green,4.0,4.0,5.0,5.0,
matched_pair,2026,Hungarian Grand Prix,Race,race,Ferrari,HAM,LEC,67.0,67.0,83.257,83.295,0.0379999999999967,SOFT,4.0,4.0,11,dry,green,4.0,4.0,5.0,5.0,
matched_pair,2026,Hungarian Grand Prix,Race,race,Ferrari,HAM,LEC,12.0,12.0,85.803,86.055,0.25200000000000955,SOFT,1.0,1.0,12,dry,green,4.0,4.0,5.0,5.0,
matched_pair,2026,Hungarian Grand Prix,Race,race,Ferrari,HAM,LEC,68.0,68.0,83.128,82.927,-0.2009999999999934,SOFT,4.0,4.0,12,dry,green,4.0,4.0,5.0,5.0,
matched_pair,2026,Hungarian Grand Prix,Race,race,Ferrari,HAM,LEC,69.0,13.0,83.178,86.069,2.8910000000000053,SOFT,4.0,1.0,13,dry,green,4.0,4.0,5.0,4.0,
matched_pair,2026,Hungarian Grand Prix,Race,race,Haas F1 Team,BEA,OCO,24.0,19.0,85.884,86.962,1.078000000000003,HARD,2.0,2.0,2,dry,green,20.0,20.0,20.0,19.0,
matched_pair,2026,Hungarian Grand Prix,Race,race,Haas F1 Team,BEA,OCO,44.0,37.0,86.173,86.882,0.7090000000000032,HARD,3.0,3.0,2,dry,green,20.0,20.0,20.0,20.0,
matched_pair,2026,Hungarian Grand Prix,Race,race,Haas F1 Team,BEA,OCO,25.0,20.0,86.627,86.969,0.34199999999999875,HARD,2.0,2.0,3,dry,green,20.0,20.0,19.0,19.0,
matched_pair,2026,Hungarian Grand Prix,Race,race,Haas F1 Team,BEA,OCO,26.0,21.0,86.978,87.405,0.4270000000000067,HARD,2.0,2.0,4,dry,green,20.0,20.0,19.0,19.0,
matched_pair,2026,Hungarian Grand Prix,Race,race,Haas F1 Team,BEA,OCO,46.0,39.0,86.314,87.19,0.8760000000000048,HARD,3.0,3.0,4,dry,green,20.0,20.0,20.0,19.0,
matched_pair,2026,Hungarian Grand Prix,Race,race,Haas F1 Team,BEA,OCO,27.0,22.0,86.972,87.081,0.10900000000000887,HARD,2.0,2.0,5,dry,green,20.0,19.0,19.0,19.0,
matched_pair,2026,Hungarian Grand Prix,Race,race,Haas F1 Team,BEA,OCO,28.0,23.0,87.115,87.428,0.3130000000000024,HARD,2.0,2.0,6,dry,green,19.0,19.0,19.0,18.0,
matched_pair,2026,Hungarian Grand Prix,Race,race,Haas F1 Team,BEA,OCO,29.0,24.0,87.122,87.713,0.590999999999994,HARD,2.0,2.0,7,dry,green,19.0,19.0,18.0,18.0,
matched_pair,2026,Hungarian Grand Prix,Race,race,Haas F1 Team,BEA,OCO,49.0,42.0,86.184,86.345,0.16100000000000136,HARD,3.0,3.0,7,dry,green,20.0,20.0,18.0,18.0,
matched_pair,2026,Hungarian Grand Prix,Race,race,Haas F1 Team,BEA,OCO,30.0,43.0,87.382,86.119,-1.2630000000000052,HARD,2.0,3.0,8,dry,green,19.0,19.0,18.0,18.0,
matched_pair,2026,Hungarian Grand Prix,Race,race,Haas F1 Team,BEA,OCO,31.0,44.0,89.83,85.965,-3.864999999999995,HARD,2.0,3.0,9,dry,green,19.0,19.0,18.0,17.0,
matched_pair,2026,Hungarian Grand Prix,Race,race,Haas F1 Team,BEA,OCO,32.0,27.0,89.138,87.112,-2.0260000000000105,HARD,2.0,2.0,10,dry,green,19.0,19.0,17.0,17.0,
matched_pair,2026,Hungarian Grand Prix,Race,race,Haas F1 Team,BEA,OCO,52.0,45.0,87.285,86.247,-1.0379999999999967,HARD,3.0,3.0,10,dry,green,20.0,20.0,17.0,17.0,
matched_pair,2026,Hungarian Grand Prix,Race,race,Haas F1 Team,BEA,OCO,33.0,28.0,89.631,87.555,-2.0759999999999934,HARD,2.0,2.0,11,dry,green,19.0,19.0,17.0,17.0,
matched_pair,2026,Hungarian Grand Prix,Race,race,Haas F1 Team,BEA,OCO,53.0,46.0,86.535,86.2,-0.33499999999999375,HARD,3.0,3.0,11,dry,green,20.0,20.0,17.0,17.0,
matched_pair,2026,Hungarian Grand Prix,Race,race,Haas F1 Team,BEA,OCO,34.0,29.0,87.608,87.057,-0.5510000000000019,HARD,2.0,2.0,12,dry,green,19.0,19.0,17.0,17.0,
matched_pair,2026,Hungarian Grand Prix,Race,race,Haas F1 Team,BEA,OCO,35.0,30.0,88.269,87.361,-0.9080000000000013,HARD,2.0,2.0,13,dry,green,19.0,18.0,17.0,17.0,
matched_pair,2026,Hungarian Grand Prix,Race,race,Haas F1 Team,BEA,OCO,36.0,31.0,89.239,87.608,-1.6310000000000002,HARD,2.0,2.0,14,dry,green,18.0,18.0,17.0,17.0,
matched_pair,2026,Hungarian Grand Prix,Race,race,Haas F1 Team,BEA,OCO,37.0,32.0,89.915,87.337,-2.578000000000003,HARD,2.0,2.0,15,dry,green,18.0,18.0,17.0,17.0,
matched_pair,2026,Hungarian Grand Prix,Race,race,Haas F1 Team,BEA,OCO,57.0,50.0,86.416,86.042,-0.3739999999999952,HARD,3.0,3.0,15,dry,green,17.0,17.0,17.0,17.0,
matched_pair,2026,Hungarian Grand Prix,Race,race,Haas F1 Team,BEA,OCO,58.0,33.0,86.363,88.298,1.9350000000000023,HARD,3.0,2.0,16,dry,green,17.0,17.0,17.0,17.0,
matched_pair,2026,Hungarian Grand Prix,Race,race,Haas F1 Team,BEA,OCO,39.0,52.0,87.292,86.216,-1.0760000000000076,HARD,2.0,3.0,17,dry,green,18.0,18.0,17.0,17.0,
matched_pair,2026,Hungarian Grand Prix,Race,race,Haas F1 Team,BEA,OCO,40.0,53.0,88.634,86.657,-1.9770000000000039,HARD,2.0,3.0,18,dry,green,18.0,18.0,17.0,17.0,
matched_pair,2026,Hungarian Grand Prix,Race,race,Haas F1 Team,BEA,OCO,64.0,57.0,87.035,86.012,-1.0229999999999961,HARD,3.0,3.0,22,dry,green,17.0,17.0,16.0,16.0,
matched_pair,2026,Hungarian Grand Prix,Race,race,Haas F1 Team,BEA,OCO,65.0,58.0,87.288,86.082,-1.206000000000003,HARD,3.0,3.0,23,dry,green,17.0,17.0,16.0,16.0,
matched_pair,2026,Hungarian Grand Prix,Race,race,Haas F1 Team,BEA,OCO,66.0,59.0,87.642,86.328,-1.313999999999993,HARD,3.0,3.0,24,dry,green,17.0,17.0,16.0,16.0,
matched_pair,2026,Hungarian Grand Prix,Race,race,Haas F1 Team,BEA,OCO,67.0,60.0,87.9,86.392,-1.5080000000000098,HARD,3.0,3.0,25,dry,green,17.0,17.0,16.0,16.0,
matched_pair,2026,Hungarian Grand Prix,Race,race,Haas F1 Team,BEA,OCO,3.0,3.0,88.008,87.489,-0.5189999999999912,MEDIUM,1.0,1.0,3,dry,green,16.0,16.0,12.0,12.0,
matched_pair,2026,Hungarian Grand Prix,Race,race,Haas F1 Team,BEA,OCO,4.0,4.0,88.723,87.649,-1.073999999999998,MEDIUM,1.0,1.0,4,dry,green,16.0,17.0,12.0,12.0,
matched_pair,2026,Hungarian Grand Prix,Race,race,Haas F1 Team,BEA,OCO,5.0,5.0,88.462,87.493,-0.9690000000000083,MEDIUM,1.0,1.0,5,dry,green,17.0,17.0,12.0,12.0,
matched_pair,2026,Hungarian Grand Prix,Race,race,Haas F1 Team,BEA,OCO,6.0,6.0,88.112,87.68,-0.43199999999998795,MEDIUM,1.0,1.0,6,dry,green,17.0,17.0,12.0,12.0,
matched_pair,2026,Hungarian Grand Prix,Race,race,Haas F1 Team,BEA,OCO,7.0,7.0,88.182,87.684,-0.49800000000000466,MEDIUM,1.0,1.0,7,dry,green,17.0,17.0,12.0,12.0,
matched_pair,2026,Hungarian Grand Prix,Race,race,Haas F1 Team,BEA,OCO,8.0,8.0,88.033,87.924,-0.10899999999999466,MEDIUM,1.0,1.0,8,dry,green,17.0,17.0,12.0,12.0,
matched_pair,2026,Hungarian Grand Prix,Race,race,Haas F1 Team,BEA,OCO,9.0,9.0,88.085,88.719,0.6340000000000003,MEDIUM,1.0,1.0,9,dry,green,17.0,17.0,12.0,13.0,
matched_pair,2026,Hungarian Grand Prix,Race,race,Haas F1 Team,BEA,OCO,10.0,10.0,88.232,87.806,-0.42600000000000193,MEDIUM,1.0,1.0,10,dry,green,17.0,17.0,13.0,13.0,
matched_pair,2026,Hungarian Grand Prix,Race,race,Haas F1 Team,BEA,OCO,11.0,11.0,88.129,88.194,0.06499999999999773,MEDIUM,1.0,1.0,11,dry,green,17.0,17.0,13.0,13.0,
matched_pair,2026,Hungarian Grand Prix,Race,race,Haas F1 Team,BEA,OCO,12.0,12.0,88.359,88.685,0.3260000000000076,MEDIUM,1.0,1.0,12,dry,green,17.0,17.0,13.0,13.0,
matched_pair,2026,Hungarian Grand Prix,Race,race,Haas F1 Team,BEA,OCO,13.0,13.0,88.612,88.311,-0.3009999999999877,MEDIUM,1.0,1.0,13,dry,green,17.0,17.0,13.0,13.0,
matched_pair,2026,Hungarian Grand Prix,Race,race,Haas F1 Team,BEA,OCO,15.0,15.0,88.489,88.193,-0.2960000000000065,MEDIUM,1.0,1.0,15,dry,green,17.0,17.0,14.0,14.0,
matched_pair,2026,Hungarian Grand Prix,Race,race,Haas F1 Team,BEA,OCO,16.0,16.0,88.383,88.293,-0.0899999999999892,MEDIUM,1.0,1.0,16,dry,green,17.0,16.0,14.0,14.0,
matched_pair,2026,Hungarian Grand Prix,Race,race,McLaren,NOR,PIA,19.0,35.0,85.351,83.896,-1.4549999999999983,HARD,2.0,3.0,2,dry,green,4.0,3.0,5.0,5.0,
matched_pair,2026,Hungarian Grand Prix,Race,race,McLaren,NOR,PIA,20.0,19.0,84.374,84.843,0.4690000000000083,HARD,2.0,2.0,3,dry,green,3.0,3.0,3.0,2.0,
matched_pair,2026,Hungarian Grand Prix,Race,race,McLaren,NOR,PIA,42.0,36.0,83.051,84.135,1.0840000000000032,HARD,3.0,3.0,3,dry,green,3.0,2.0,5.0,5.0,
matched_pair,2026,Hungarian Grand Prix,Race,race,McLaren,NOR,PIA,21.0,20.0,84.349,84.507,0.15800000000000125,HARD,2.0,2.0,4,dry,green,3.0,3.0,2.0,2.0,
matched_pair,2026,Hungarian Grand Prix,Race,race,McLaren,NOR,PIA,22.0,21.0,84.689,84.446,-0.242999999999995,HARD,2.0,2.0,5,dry,green,3.0,3.0,2.0,2.0,
matched_pair,2026,Hungarian Grand Prix,Race,race,McLaren,NOR,PIA,23.0,22.0,84.405,84.282,-0.12300000000000466,HARD,2.0,2.0,6,dry,green,3.0,2.0,2.0,2.0,
matched_pair,2026,Hungarian Grand Prix,Race,race,McLaren,NOR,PIA,24.0,23.0,84.496,84.478,-0.018000000000000682,HARD,2.0,2.0,7,dry,green,2.0,2.0,2.0,1.0,
matched_pair,2026,Hungarian Grand Prix,Race,race,McLaren,NOR,PIA,46.0,40.0,83.423,84.873,1.4500000000000028,HARD,3.0,3.0,7,dry,green,2.0,1.0,4.0,4.0,
matched_pair,2026,Hungarian Grand Prix,Race,race,McLaren,NOR,PIA,25.0,24.0,84.973,84.792,-0.18099999999999739,HARD,2.0,2.0,8,dry,green,2.0,2.0,1.0,1.0,
matched_pair,2026,Hungarian Grand Prix,Race,race,McLaren,NOR,PIA,47.0,41.0,83.369,84.385,1.0160000000000053,HARD,3.0,3.0,8,dry,green,1.0,1.0,4.0,4.0,
matched_pair,2026,Hungarian Grand Prix,Race,race,McLaren,NOR,PIA,26.0,25.0,85.464,84.957,-0.507000000000005,HARD,2.0,2.0,9,dry,green,2.0,2.0,1.0,1.0,
matched_pair,2026,Hungarian Grand Prix,Race,race,McLaren,NOR,PIA,48.0,42.0,84.421,84.272,-0.1490000000000009,HARD,3.0,3.0,9,dry,green,1.0,1.0,4.0,3.0,
matched_pair,2026,Hungarian Grand Prix,Race,race,McLaren,NOR,PIA,27.0,26.0,85.532,85.405,-0.12699999999999534,HARD,2.0,2.0,10,dry,green,2.0,2.0,1.0,1.0,
matched_pair,2026,Hungarian Grand Prix,Race,race,McLaren,NOR,PIA,49.0,43.0,83.977,84.082,0.10499999999998977,HARD,3.0,3.0,10,dry,green,1.0,1.0,3.0,3.0,
matched_pair,2026,Hungarian Grand Prix,Race,race,McLaren,NOR,PIA,28.0,27.0,85.071,85.465,0.39400000000000546,HARD,2.0,2.0,11,dry,green,2.0,2.0,1.0,1.0,
matched_pair,2026,Hungarian Grand Prix,Race,race,McLaren,NOR,PIA,51.0,28.0,83.78,85.122,1.3419999999999987,HARD,3.0,2.0,12,dry,green,1.0,1.0,1.0,1.0,
matched_pair,2026,Hungarian Grand Prix,Race,race,McLaren,NOR,PIA,30.0,29.0,85.241,85.832,0.590999999999994,HARD,2.0,2.0,13,dry,green,2.0,2.0,1.0,1.0,
matched_pair,2026,Hungarian Grand Prix,Race,race,McLaren,NOR,PIA,52.0,46.0,84.12,84.297,0.1769999999999925,HARD,3.0,3.0,13,dry,green,1.0,1.0,3.0,3.0,
matched_pair,2026,Hungarian Grand Prix,Race,race,McLaren,NOR,PIA,31.0,30.0,85.577,85.735,0.15800000000000125,HARD,2.0,2.0,14,dry,green,2.0,2.0,1.0,1.0,
matched_pair,2026,Hungarian Grand Prix,Race,race,McLaren,NOR,PIA,53.0,47.0,83.943,84.249,0.3059999999999974,HARD,3.0,3.0,14,dry,green,1.0,1.0,3.0,3.0,
matched_pair,2026,Hungarian Grand Prix,Race,race,McLaren,NOR,PIA,54.0,31.0,84.437,85.843,1.406000000000006,HARD,3.0,2.0,15,dry,green,1.0,1.0,1.0,1.0,
matched_pair,2026,Hungarian Grand Prix,Race,race,McLaren,NOR,PIA,33.0,32.0,85.414,85.831,0.4170000000000016,HARD,2.0,2.0,16,dry,green,2.0,1.0,1.0,1.0,
matched_pair,2026,Hungarian Grand Prix,Race,race,McLaren,NOR,PIA,55.0,49.0,84.147,85.076,0.9289999999999878,HARD,3.0,3.0,16,dry,green,1.0,1.0,3.0,3.0,
matched_pair,2026,Hungarian Grand Prix,Race,race,McLaren,NOR,PIA,35.0,51.0,84.668,84.714,0.04599999999999227,HARD,2.0,3.0,18,dry,green,1.0,1.0,3.0,3.0,
matched_pair,2026,Hungarian Grand Prix,Race,race,McLaren,NOR,PIA,36.0,52.0,84.736,84.373,-0.36299999999999955,HARD,2.0,3.0,19,dry,green,1.0,1.0,3.0,3.0,
matched_pair,2026,Hungarian Grand Prix,Race,race,McLaren,NOR,PIA,37.0,53.0,84.461,84.552,0.09100000000000819,HARD,2.0,3.0,20,dry,green,1.0,1.0,3.0,3.0,
matched_pair,2026,Hungarian Grand Prix,Race,race,McLaren,NOR,PIA,38.0,54.0,84.507,84.6,0.09299999999998931,HARD,2.0,3.0,21,dry,green,1.0,1.0,3.0,2.0,
matched_pair,2026,Hungarian Grand Prix,Race,race,McLaren,NOR,PIA,3.0,3.0,85.307,85.272,-0.03499999999999659,MEDIUM,1.0,1.0,3,dry,green,2.0,2.0,1.0,1.0,
matched_pair,2026,Hungarian Grand Prix,Race,race,McLaren,NOR,PIA,4.0,4.0,85.184,85.154,-0.030000000000001137,MEDIUM,1.0,1.0,4,dry,green,2.0,2.0,1.0,1.0,
matched_pair,2026,Hungarian Grand Prix,Race,race,McLaren,NOR,PIA,5.0,5.0,85.223,85.095,-0.1280000000000001,MEDIUM,1.0,1.0,5,dry,green,2.0,2.0,1.0,1.0,
matched_pair,2026,Hungarian Grand Prix,Race,race,McLaren,NOR,PIA,6.0,6.0,85.091,85.03,-0.06099999999999284,MEDIUM,1.0,1.0,6,dry,green,2.0,2.0,1.0,1.0,
matched_pair,2026,Hungarian Grand Prix,Race,race,McLaren,NOR,PIA,7.0,7.0,85.36,84.84,-0.519999999999996,MEDIUM,1.0,1.0,7,dry,green,2.0,2.0,1.0,1.0,
matched_pair,2026,Hungarian Grand Prix,Race,race,McLaren,NOR,PIA,8.0,8.0,85.53,85.339,-0.1910000000000025,MEDIUM,1.0,1.0,8,dry,green,2.0,2.0,1.0,1.0,
matched_pair,2026,Hungarian Grand Prix,Race,race,McLaren,NOR,PIA,9.0,9.0,85.194,85.389,0.19499999999999318,MEDIUM,1.0,1.0,9,dry,green,2.0,2.0,1.0,1.0,
matched_pair,2026,Hungarian Grand Prix,Race,race,McLaren,NOR,PIA,10.0,10.0,85.269,85.666,0.39699999999999136,MEDIUM,1.0,1.0,10,dry,green,2.0,2.0,1.0,1.0,
matched_pair,2026,Hungarian Grand Prix,Race,race,McLaren,NOR,PIA,11.0,11.0,85.335,85.418,0.08300000000001262,MEDIUM,1.0,1.0,11,dry,green,2.0,2.0,1.0,1.0,
matched_pair,2026,Hungarian Grand Prix,Race,race,McLaren,NOR,PIA,12.0,12.0,85.719,85.798,0.07900000000000773,MEDIUM,1.0,1.0,12,dry,green,2.0,2.0,1.0,1.0,
matched_pair,2026,Hungarian Grand Prix,Race,race,McLaren,NOR,PIA,14.0,14.0,85.579,85.681,0.10200000000000387,MEDIUM,1.0,1.0,14,dry,green,2.0,2.0,1.0,1.0,
matched_pair,2026,Hungarian Grand Prix,Race,race,McLaren,NOR,PIA,15.0,15.0,85.613,85.643,0.030000000000001137,MEDIUM,1.0,1.0,15,dry,green,2.0,2.0,1.0,1.0,
matched_pair,2026,Hungarian Grand Prix,Race,race,Mercedes,ANT,RUS,24.0,29.0,84.119,84.279,0.1599999999999966,HARD,2.0,2.0,2,dry,green,6.0,6.0,9.0,8.0,
matched_pair,2026,Hungarian Grand Prix,Race,race,Mercedes,ANT,RUS,25.0,30.0,84.444,84.013,-0.4309999999999974,HARD,2.0,2.0,3,dry,green,6.0,6.0,8.0,8.0,
matched_pair,2026,Hungarian Grand Prix,Race,race,Mercedes,ANT,RUS,26.0,31.0,84.498,84.132,-0.36599999999999966,HARD,2.0,2.0,4,dry,green,6.0,6.0,8.0,8.0,
matched_pair,2026,Hungarian Grand Prix,Race,race,Mercedes,ANT,RUS,27.0,32.0,85.295,84.103,-1.1920000000000073,HARD,2.0,2.0,5,dry,green,6.0,6.0,8.0,8.0,
matched_pair,2026,Hungarian Grand Prix,Race,race,Mercedes,ANT,RUS,58.0,59.0,82.415,82.71,0.2949999999999875,HARD,3.0,3.0,5,dry,green,4.0,3.0,7.0,7.0,
matched_pair,2026,Hungarian Grand Prix,Race,race,Mercedes,ANT,RUS,28.0,33.0,84.85,84.382,-0.4679999999999893,HARD,2.0,2.0,6,dry,green,6.0,6.0,8.0,8.0,
matched_pair,2026,Hungarian Grand Prix,Race,race,Mercedes,ANT,RUS,59.0,60.0,82.427,82.743,0.3159999999999883,HARD,3.0,3.0,6,dry,green,3.0,3.0,7.0,7.0,
matched_pair,2026,Hungarian Grand Prix,Race,race,Mercedes,ANT,RUS,29.0,34.0,85.213,85.073,-0.14000000000000057,HARD,2.0,2.0,7,dry,green,6.0,6.0,8.0,8.0,
matched_pair,2026,Hungarian Grand Prix,Race,race,Mercedes,ANT,RUS,30.0,35.0,85.261,84.659,-0.6019999999999897,HARD,2.0,2.0,8,dry,green,6.0,5.0,8.0,8.0,
matched_pair,2026,Hungarian Grand Prix,Race,race,Mercedes,ANT,RUS,61.0,62.0,82.764,83.537,0.7730000000000103,HARD,3.0,3.0,8,dry,green,3.0,3.0,7.0,7.0,
matched_pair,2026,Hungarian Grand Prix,Race,race,Mercedes,ANT,RUS,31.0,36.0,85.139,84.584,-0.5549999999999926,HARD,2.0,2.0,9,dry,green,5.0,5.0,8.0,8.0,
matched_pair,2026,Hungarian Grand Prix,Race,race,Mercedes,ANT,RUS,32.0,37.0,85.207,84.67,-0.5369999999999919,HARD,2.0,2.0,10,dry,green,5.0,5.0,8.0,8.0,
matched_pair,2026,Hungarian Grand Prix,Race,race,Mercedes,ANT,RUS,33.0,38.0,85.548,85.217,-0.33100000000000307,HARD,2.0,2.0,11,dry,green,5.0,5.0,8.0,8.0,
matched_pair,2026,Hungarian Grand Prix,Race,race,Mercedes,ANT,RUS,64.0,65.0,83.913,83.218,-0.6949999999999932,HARD,3.0,3.0,11,dry,green,3.0,3.0,7.0,7.0,
matched_pair,2026,Hungarian Grand Prix,Race,race,Mercedes,ANT,RUS,65.0,66.0,82.967,82.943,-0.02400000000000091,HARD,3.0,3.0,12,dry,green,3.0,3.0,7.0,7.0,
matched_pair,2026,Hungarian Grand Prix,Race,race,Mercedes,ANT,RUS,66.0,67.0,83.062,83.255,0.19299999999999784,HARD,3.0,3.0,13,dry,green,3.0,3.0,7.0,7.0,
matched_pair,2026,Hungarian Grand Prix,Race,race,Mercedes,ANT,RUS,67.0,68.0,82.941,83.648,0.7069999999999936,HARD,3.0,3.0,14,dry,green,3.0,3.0,7.0,7.0,
matched_pair,2026,Hungarian Grand Prix,Race,race,Mercedes,ANT,RUS,37.0,42.0,84.732,85.34,0.6080000000000041,HARD,2.0,2.0,15,dry,green,3.0,3.0,8.0,8.0,
matched_pair,2026,Hungarian Grand Prix,Race,race,Mercedes,ANT,RUS,68.0,69.0,83.05,83.566,0.5160000000000053,HARD,3.0,3.0,15,dry,green,3.0,3.0,7.0,7.0,
matched_pair,2026,Hungarian Grand Prix,Race,race,Mercedes,ANT,RUS,38.0,43.0,84.954,85.008,0.054000000000002046,HARD,2.0,2.0,16,dry,green,3.0,3.0,8.0,7.0,
matched_pair,2026,Hungarian Grand Prix,Race,race,Mercedes,ANT,RUS,40.0,45.0,84.792,84.545,-0.2469999999999999,HARD,2.0,2.0,18,dry,green,3.0,2.0,7.0,7.0,
matched_pair,2026,Hungarian Grand Prix,Race,race,Mercedes,ANT,RUS,41.0,46.0,84.709,84.762,0.05299999999999727,HARD,2.0,2.0,19,dry,green,2.0,1.0,7.0,7.0,
matched_pair,2026,Hungarian Grand Prix,Race,race,Mercedes,ANT,RUS,42.0,47.0,84.752,84.784,0.03200000000001069,HARD,2.0,2.0,20,dry,green,1.0,1.0,7.0,7.0,
matched_pair,2026,Hungarian Grand Prix,Race,race,Mercedes,ANT,RUS,43.0,48.0,84.815,85.15,0.33500000000000796,HARD,2.0,2.0,21,dry,green,1.0,1.0,7.0,7.0,
matched_pair,2026,Hungarian Grand Prix,Race,race,Mercedes,ANT,RUS,44.0,49.0,84.639,85.264,0.625,HARD,2.0,2.0,22,dry,green,1.0,1.0,7.0,7.0,
matched_pair,2026,Hungarian Grand Prix,Race,race,Mercedes,ANT,RUS,47.0,52.0,84.835,85.346,0.5110000000000099,HARD,2.0,2.0,25,dry,green,2.0,2.0,7.0,7.0,
matched_pair,2026,Hungarian Grand Prix,Race,race,Mercedes,ANT,RUS,48.0,53.0,84.673,85.086,0.4129999999999967,HARD,2.0,2.0,26,dry,green,2.0,2.0,7.0,7.0,
matched_pair,2026,Hungarian Grand Prix,Race,race,Mercedes,ANT,RUS,3.0,3.0,85.93,87.407,1.4769999999999897,MEDIUM,1.0,1.0,3,dry,green,6.0,6.0,18.0,17.0,
matched_pair,2026,Hungarian Grand Prix,Race,race,Mercedes,ANT,RUS,4.0,4.0,85.64,87.264,1.6239999999999952,MEDIUM,1.0,1.0,4,dry,green,6.0,6.0,17.0,16.0,
matched_pair,2026,Hungarian Grand Prix,Race,race,Mercedes,ANT,RUS,5.0,5.0,85.817,87.339,1.5220000000000056,MEDIUM,1.0,1.0,5,dry,green,6.0,6.0,16.0,15.0,
matched_pair,2026,Hungarian Grand Prix,Race,race,Mercedes,ANT,RUS,6.0,6.0,85.636,86.556,0.9200000000000017,MEDIUM,1.0,1.0,6,dry,green,6.0,6.0,15.0,14.0,
matched_pair,2026,Hungarian Grand Prix,Race,race,Mercedes,ANT,RUS,7.0,7.0,85.751,87.165,1.4140000000000015,MEDIUM,1.0,1.0,7,dry,green,6.0,6.0,14.0,14.0,
matched_pair,2026,Hungarian Grand Prix,Race,race,Mercedes,ANT,RUS,8.0,8.0,85.733,87.348,1.6149999999999949,MEDIUM,1.0,1.0,8,dry,green,6.0,6.0,14.0,13.0,
matched_pair,2026,Hungarian Grand Prix,Race,race,Mercedes,ANT,RUS,9.0,9.0,85.491,86.075,0.5840000000000032,MEDIUM,1.0,1.0,9,dry,green,6.0,6.0,13.0,12.0,
matched_pair,2026,Hungarian Grand Prix,Race,race,Mercedes,ANT,RUS,10.0,10.0,85.502,86.683,1.1810000000000116,MEDIUM,1.0,1.0,10,dry,green,6.0,6.0,12.0,12.0,
matched_pair,2026,Hungarian Grand Prix,Race,race,Mercedes,ANT,RUS,12.0,12.0,86.066,86.685,0.6189999999999998,MEDIUM,1.0,1.0,12,dry,green,6.0,6.0,12.0,11.0,
matched_pair,2026,Hungarian Grand Prix,Race,race,Mercedes,ANT,RUS,15.0,15.0,86.052,86.714,0.6619999999999919,MEDIUM,1.0,1.0,15,dry,green,5.0,4.0,11.0,11.0,
matched_pair,2026,Hungarian Grand Prix,Race,race,Mercedes,ANT,RUS,16.0,16.0,85.974,87.232,1.2579999999999956,MEDIUM,1.0,1.0,16,dry,green,4.0,3.0,11.0,11.0,
matched_pair,2026,Hungarian Grand Prix,Race,race,Mercedes,ANT,RUS,17.0,17.0,85.77,86.514,0.7439999999999998,MEDIUM,1.0,1.0,17,dry,green,3.0,2.0,11.0,10.0,
matched_pair,2026,Hungarian Grand Prix,Race,race,Mercedes,ANT,RUS,18.0,18.0,85.554,86.082,0.5279999999999916,MEDIUM,1.0,1.0,18,dry,green,2.0,1.0,10.0,9.0,
matched_pair,2026,Hungarian Grand Prix,Race,race,Mercedes,ANT,RUS,19.0,19.0,85.632,86.246,0.6139999999999901,MEDIUM,1.0,1.0,19,dry,green,1.0,1.0,9.0,9.0,
matched_pair,2026,Hungarian Grand Prix,Race,race,Mercedes,ANT,RUS,20.0,20.0,85.51,86.703,1.1929999999999978,MEDIUM,1.0,1.0,20,dry,green,1.0,1.0,9.0,8.0,
matched_pair,2026,Hungarian Grand Prix,Race,race,Mercedes,ANT,RUS,21.0,21.0,85.702,85.954,0.25199999999999534,MEDIUM,1.0,1.0,21,dry,green,1.0,1.0,8.0,7.0,
matched_pair,2026,Hungarian Grand Prix,Race,race,Racing Bulls,LAW,LIN,23.0,22.0,86.344,86.841,0.4969999999999999,HARD,2.0,2.0,2,dry,green,11.0,11.0,12.0,12.0,
matched_pair,2026,Hungarian Grand Prix,Race,race,Racing Bulls,LAW,LIN,24.0,23.0,85.714,86.402,0.6880000000000024,HARD,2.0,2.0,3,dry,green,11.0,10.0,12.0,12.0,
matched_pair,2026,Hungarian Grand Prix,Race,race,Racing Bulls,LAW,LIN,25.0,24.0,86.149,87.463,1.313999999999993,HARD,2.0,2.0,4,dry,green,10.0,10.0,12.0,12.0,
matched_pair,2026,Hungarian Grand Prix,Race,race,Racing Bulls,LAW,LIN,26.0,25.0,85.847,86.696,0.8490000000000038,HARD,2.0,2.0,5,dry,green,10.0,10.0,12.0,11.0,
matched_pair,2026,Hungarian Grand Prix,Race,race,Racing Bulls,LAW,LIN,27.0,26.0,86.09,86.37,0.28000000000000114,HARD,2.0,2.0,6,dry,green,10.0,10.0,11.0,11.0,
matched_pair,2026,Hungarian Grand Prix,Race,race,Racing Bulls,LAW,LIN,29.0,28.0,86.521,86.406,-0.11499999999999488,HARD,2.0,2.0,8,dry,green,10.0,9.0,11.0,11.0,
matched_pair,2026,Hungarian Grand Prix,Race,race,Racing Bulls,LAW,LIN,30.0,29.0,86.374,86.715,0.3410000000000082,HARD,2.0,2.0,9,dry,green,9.0,9.0,11.0,11.0,
matched_pair,2026,Hungarian Grand Prix,Race,race,Racing Bulls,LAW,LIN,31.0,30.0,86.09,86.615,0.5249999999999915,HARD,2.0,2.0,10,dry,green,9.0,9.0,11.0,10.0,
matched_pair,2026,Hungarian Grand Prix,Race,race,Racing Bulls,LAW,LIN,32.0,31.0,86.1,86.425,0.32500000000000284,HARD,2.0,2.0,11,dry,green,9.0,9.0,10.0,10.0,
matched_pair,2026,Hungarian Grand Prix,Race,race,Racing Bulls,LAW,LIN,33.0,32.0,86.267,86.246,-0.021000000000000796,HARD,2.0,2.0,12,dry,green,9.0,9.0,10.0,10.0,
matched_pair,2026,Hungarian Grand Prix,Race,race,Racing Bulls,LAW,LIN,34.0,33.0,86.113,86.333,0.21999999999999886,HARD,2.0,2.0,13,dry,green,9.0,9.0,10.0,10.0,
matched_pair,2026,Hungarian Grand Prix,Race,race,Racing Bulls,LAW,LIN,35.0,34.0,86.273,86.262,-0.01099999999999568,HARD,2.0,2.0,14,dry,green,9.0,9.0,10.0,10.0,
matched_pair,2026,Hungarian Grand Prix,Race,race,Racing Bulls,LAW,LIN,36.0,35.0,86.206,86.244,0.0379999999999967,HARD,2.0,2.0,15,dry,green,9.0,9.0,10.0,10.0,
matched_pair,2026,Hungarian Grand Prix,Race,race,Racing Bulls,LAW,LIN,37.0,36.0,85.966,86.253,0.28700000000000614,HARD,2.0,2.0,16,dry,green,9.0,9.0,10.0,10.0,
matched_pair,2026,Hungarian Grand Prix,Race,race,Racing Bulls,LAW,LIN,40.0,39.0,86.674,86.386,-0.2880000000000109,HARD,2.0,2.0,19,dry,green,9.0,9.0,10.0,10.0,
matched_pair,2026,Hungarian Grand Prix,Race,race,Racing Bulls,LAW,LIN,41.0,40.0,86.529,86.642,0.11299999999999955,HARD,2.0,2.0,20,dry,green,9.0,9.0,10.0,10.0,
matched_pair,2026,Hungarian Grand Prix,Race,race,Racing Bulls,LAW,LIN,3.0,3.0,86.38,87.001,0.6210000000000093,MEDIUM,1.0,1.0,3,dry,green,8.0,8.0,9.0,9.0,
matched_pair,2026,Hungarian Grand Prix,Race,race,Racing Bulls,LAW,LIN,4.0,4.0,86.605,87.24,0.6349999999999909,MEDIUM,1.0,1.0,4,dry,green,8.0,8.0,9.0,9.0,
matched_pair,2026,Hungarian Grand Prix,Race,race,Racing Bulls,LAW,LIN,5.0,5.0,86.739,86.822,0.08299999999999841,MEDIUM,1.0,1.0,5,dry,green,8.0,8.0,9.0,9.0,
matched_pair,2026,Hungarian Grand Prix,Race,race,Racing Bulls,LAW,LIN,6.0,6.0,86.82,86.83,0.010000000000005116,MEDIUM,1.0,1.0,6,dry,green,8.0,8.0,9.0,9.0,
matched_pair,2026,Hungarian Grand Prix,Race,race,Racing Bulls,LAW,LIN,7.0,7.0,86.841,86.902,0.06100000000000705,MEDIUM,1.0,1.0,7,dry,green,8.0,8.0,9.0,9.0,
matched_pair,2026,Hungarian Grand Prix,Race,race,Racing Bulls,LAW,LIN,8.0,8.0,86.608,86.748,0.14000000000000057,MEDIUM,1.0,1.0,8,dry,green,8.0,8.0,9.0,9.0,
matched_pair,2026,Hungarian Grand Prix,Race,race,Racing Bulls,LAW,LIN,9.0,9.0,86.612,87.044,0.43200000000000216,MEDIUM,1.0,1.0,9,dry,green,8.0,8.0,9.0,9.0,
matched_pair,2026,Hungarian Grand Prix,Race,race,Racing Bulls,LAW,LIN,10.0,10.0,86.939,87.091,0.15200000000000102,MEDIUM,1.0,1.0,10,dry,green,8.0,8.0,9.0,9.0,
matched_pair,2026,Hungarian Grand Prix,Race,race,Racing Bulls,LAW,LIN,11.0,11.0,86.861,87.056,0.19499999999999318,MEDIUM,1.0,1.0,11,dry,green,8.0,8.0,9.0,9.0,
matched_pair,2026,Hungarian Grand Prix,Race,race,Racing Bulls,LAW,LIN,12.0,12.0,87.095,87.425,0.3299999999999983,MEDIUM,1.0,1.0,12,dry,green,8.0,8.0,9.0,9.0,
matched_pair,2026,Hungarian Grand Prix,Race,race,Racing Bulls,LAW,LIN,13.0,13.0,86.918,87.268,0.3499999999999943,MEDIUM,1.0,1.0,13,dry,green,8.0,8.0,9.0,9.0,
matched_pair,2026,Hungarian Grand Prix,Race,race,Racing Bulls,LAW,LIN,15.0,15.0,87.54,87.494,-0.04600000000000648,MEDIUM,1.0,1.0,15,dry,green,7.0,7.0,9.0,9.0,
matched_pair,2026,Hungarian Grand Prix,Race,race,Racing Bulls,LAW,LIN,19.0,19.0,87.559,87.365,-0.19400000000000261,MEDIUM,1.0,1.0,19,dry,green,8.0,8.0,10.0,10.0,
matched_pair,2026,Hungarian Grand Prix,Race,race,Red Bull Racing,HAD,VER,21.0,16.0,84.643,84.985,0.34199999999999875,HARD,2.0,2.0,2,dry,green,10.0,9.0,8.0,6.0,
matched_pair,2026,Hungarian Grand Prix,Race,race,Red Bull Racing,HAD,VER,22.0,17.0,84.783,84.969,0.18599999999999284,HARD,2.0,2.0,3,dry,green,9.0,8.0,6.0,5.0,
matched_pair,2026,Hungarian Grand Prix,Race,race,Red Bull Racing,HAD,VER,24.0,19.0,84.942,85.648,0.7060000000000031,HARD,2.0,2.0,5,dry,green,8.0,8.0,5.0,4.0,
matched_pair,2026,Hungarian Grand Prix,Race,race,Red Bull Racing,HAD,VER,25.0,20.0,85.133,84.965,-0.16799999999999216,HARD,2.0,2.0,6,dry,green,8.0,8.0,4.0,4.0,
matched_pair,2026,Hungarian Grand Prix,Race,race,Red Bull Racing,HAD,VER,26.0,21.0,85.546,85.211,-0.33500000000000796,HARD,2.0,2.0,7,dry,green,8.0,8.0,4.0,4.0,
matched_pair,2026,Hungarian Grand Prix,Race,race,Red Bull Racing,HAD,VER,27.0,22.0,85.748,85.317,-0.4310000000000116,HARD,2.0,2.0,8,dry,green,8.0,8.0,4.0,4.0,
matched_pair,2026,Hungarian Grand Prix,Race,race,Red Bull Racing,HAD,VER,28.0,23.0,85.569,85.073,-0.4960000000000093,HARD,2.0,2.0,9,dry,green,8.0,7.0,4.0,3.0,
matched_pair,2026,Hungarian Grand Prix,Race,race,Red Bull Racing,HAD,VER,29.0,24.0,85.443,85.027,-0.4159999999999968,HARD,2.0,2.0,10,dry,green,7.0,7.0,3.0,3.0,
matched_pair,2026,Hungarian Grand Prix,Race,race,Red Bull Racing,HAD,VER,30.0,25.0,85.566,85.172,-0.39400000000000546,HARD,2.0,2.0,11,dry,green,7.0,7.0,3.0,3.0,
matched_pair,2026,Hungarian Grand Prix,Race,race,Red Bull Racing,HAD,VER,31.0,26.0,85.838,85.446,-0.3919999999999959,HARD,2.0,2.0,12,dry,green,7.0,6.0,3.0,3.0,
matched_pair,2026,Hungarian Grand Prix,Race,race,Red Bull Racing,HAD,VER,32.0,27.0,86.388,85.47,-0.9180000000000064,HARD,2.0,2.0,13,dry,green,6.0,7.0,3.0,3.0,
matched_pair,2026,Hungarian Grand Prix,Race,race,Red Bull Racing,HAD,VER,33.0,28.0,85.487,85.114,-0.37299999999999045,HARD,2.0,2.0,14,dry,green,7.0,7.0,3.0,3.0,
matched_pair,2026,Hungarian Grand Prix,Race,race,Red Bull Racing,HAD,VER,34.0,29.0,85.493,85.496,0.0030000000000001137,HARD,2.0,2.0,15,dry,green,7.0,7.0,3.0,3.0,
matched_pair,2026,Hungarian Grand Prix,Race,race,Red Bull Racing,HAD,VER,35.0,30.0,85.495,85.064,-0.4310000000000116,HARD,2.0,2.0,16,dry,green,7.0,7.0,3.0,3.0,
matched_pair,2026,Hungarian Grand Prix,Race,race,Red Bull Racing,HAD,VER,36.0,31.0,85.648,85.398,-0.25,HARD,2.0,2.0,17,dry,green,7.0,7.0,3.0,3.0,
matched_pair,2026,Hungarian Grand Prix,Race,race,Red Bull Racing,HAD,VER,60.0,32.0,83.886,85.494,1.608000000000004,HARD,3.0,2.0,18,dry,green,6.0,6.0,3.0,3.0,
matched_pair,2026,Hungarian Grand Prix,Race,race,Red Bull Racing,HAD,VER,61.0,33.0,84.214,85.772,1.558000000000007,HARD,3.0,2.0,19,dry,green,6.0,6.0,3.0,3.0,
matched_pair,2026,Hungarian Grand Prix,Race,race,Red Bull Racing,HAD,VER,62.0,34.0,84.35,85.394,1.0440000000000111,HARD,3.0,2.0,20,dry,green,6.0,6.0,3.0,2.0,
matched_pair,2026,Hungarian Grand Prix,Race,race,Red Bull Racing,HAD,VER,63.0,35.0,84.704,85.763,1.0590000000000117,HARD,3.0,2.0,21,dry,green,6.0,6.0,2.0,2.0,
matched_pair,2026,Hungarian Grand Prix,Race,race,Red Bull Racing,HAD,VER,41.0,36.0,86.07,85.424,-0.6459999999999866,HARD,2.0,2.0,22,dry,green,7.0,7.0,2.0,2.0,
matched_pair,2026,Hungarian Grand Prix,Race,race,Red Bull Racing,HAD,VER,66.0,38.0,84.524,85.724,1.2000000000000028,HARD,3.0,2.0,24,dry,green,6.0,6.0,2.0,2.0,
matched_pair,2026,Hungarian Grand Prix,Race,race,Red Bull Racing,HAD,VER,68.0,40.0,84.123,85.63,1.5069999999999908,HARD,3.0,2.0,26,dry,green,6.0,6.0,2.0,1.0,
matched_pair,2026,Hungarian Grand Prix,Race,race,Red Bull Racing,HAD,VER,3.0,3.0,85.893,85.597,-0.2960000000000065,MEDIUM,1.0,1.0,3,dry,green,7.0,7.0,3.0,3.0,
matched_pair,2026,Hungarian Grand Prix,Race,race,Red Bull Racing,HAD,VER,4.0,4.0,85.808,85.359,-0.4490000000000123,MEDIUM,1.0,1.0,4,dry,green,7.0,7.0,3.0,3.0,
matched_pair,2026,Hungarian Grand Prix,Race,race,Red Bull Racing,HAD,VER,5.0,5.0,86.077,85.743,-0.3340000000000032,MEDIUM,1.0,1.0,5,dry,green,7.0,7.0,3.0,3.0,
matched_pair,2026,Hungarian Grand Prix,Race,race,Red Bull Racing,HAD,VER,6.0,6.0,86.567,85.396,-1.1709999999999923,MEDIUM,1.0,1.0,6,dry,green,7.0,7.0,3.0,3.0,
matched_pair,2026,Hungarian Grand Prix,Race,race,Red Bull Racing,HAD,VER,7.0,7.0,86.478,85.388,-1.0899999999999892,MEDIUM,1.0,1.0,7,dry,green,7.0,7.0,3.0,3.0,
matched_pair,2026,Hungarian Grand Prix,Race,race,Red Bull Racing,HAD,VER,8.0,8.0,86.73,85.474,-1.2560000000000002,MEDIUM,1.0,1.0,8,dry,green,7.0,7.0,3.0,3.0,
matched_pair,2026,Hungarian Grand Prix,Race,race,Red Bull Racing,HAD,VER,9.0,9.0,86.256,85.635,-0.6209999999999951,MEDIUM,1.0,1.0,9,dry,green,7.0,7.0,3.0,3.0,
matched_pair,2026,Hungarian Grand Prix,Race,race,Red Bull Racing,HAD,VER,10.0,10.0,86.39,85.622,-0.7680000000000007,MEDIUM,1.0,1.0,10,dry,green,7.0,7.0,3.0,3.0,
matched_pair,2026,Hungarian Grand Prix,Race,race,Red Bull Racing,HAD,VER,11.0,11.0,86.781,85.627,-1.1540000000000106,MEDIUM,1.0,1.0,11,dry,green,7.0,7.0,3.0,3.0,
matched_pair,2026,Hungarian Grand Prix,Race,race,Red Bull Racing,HAD,VER,12.0,12.0,86.788,85.733,-1.0549999999999926,MEDIUM,1.0,1.0,12,dry,green,7.0,7.0,3.0,3.0,
matched_pair,2026,Hungarian Grand Prix,Race,race,Williams,ALB,SAI,3.0,21.0,88.63,86.948,-1.6820000000000022,MEDIUM,1.0,2.0,3,dry,green,19.0,19.0,20.0,20.0,
matched_pair,2026,Hungarian Grand Prix,Race,race,Williams,ALB,SAI,4.0,22.0,88.479,87.248,-1.2309999999999945,MEDIUM,1.0,2.0,4,dry,green,19.0,19.0,20.0,20.0,
matched_pair,2026,Hungarian Grand Prix,Race,race,Williams,ALB,SAI,5.0,23.0,89.269,87.563,-1.706000000000003,MEDIUM,1.0,2.0,5,dry,green,19.0,20.0,20.0,19.0,
matched_pair,2026,Hungarian Grand Prix,Race,race,Williams,ALB,SAI,6.0,24.0,88.665,87.042,-1.6230000000000047,MEDIUM,1.0,2.0,6,dry,green,20.0,20.0,19.0,19.0,
matched_pair,2026,Hungarian Grand Prix,Race,race,Williams,ALB,SAI,7.0,25.0,88.616,87.484,-1.132000000000005,MEDIUM,1.0,2.0,7,dry,green,20.0,20.0,19.0,19.0,
matched_pair,2026,Hungarian Grand Prix,Race,race,Williams,ALB,SAI,8.0,26.0,88.46,88.007,-0.45299999999998875,MEDIUM,1.0,2.0,8,dry,green,20.0,19.0,19.0,18.0,
matched_pair,2026,Hungarian Grand Prix,Race,race,Williams,ALB,SAI,9.0,27.0,87.831,87.684,-0.14700000000000557,MEDIUM,1.0,2.0,9,dry,green,19.0,19.0,18.0,18.0,
matched_pair,2026,Hungarian Grand Prix,Race,race,Williams,ALB,SAI,10.0,28.0,88.497,87.874,-0.6230000000000047,MEDIUM,1.0,2.0,10,dry,green,19.0,19.0,18.0,18.0,
matched_pair,2026,Hungarian Grand Prix,Race,race,Williams,ALB,SAI,11.0,29.0,88.411,87.271,-1.1400000000000006,MEDIUM,1.0,2.0,11,dry,green,19.0,19.0,18.0,18.0,
matched_pair,2026,Hungarian Grand Prix,Race,race,Williams,ALB,SAI,14.0,32.0,88.248,88.98,0.7319999999999993,MEDIUM,1.0,2.0,14,dry,green,19.0,19.0,18.0,18.0,
matched_pair,2026,Hungarian Grand Prix,Race,race,Williams,ALB,SAI,15.0,33.0,88.5,87.529,-0.9710000000000036,MEDIUM,1.0,2.0,15,dry,green,19.0,19.0,18.0,18.0,
matched_pair,2026,Hungarian Grand Prix,Race,race,Williams,ALB,SAI,17.0,35.0,87.976,88.412,0.43600000000000705,MEDIUM,1.0,2.0,17,dry,green,18.0,17.0,18.0,17.0,
matched_pair,2026,Hungarian Grand Prix,Race,race,Williams,ALB,SAI,18.0,36.0,88.214,87.676,-0.5379999999999967,MEDIUM,1.0,2.0,18,dry,green,17.0,16.0,17.0,16.0,
matched_pair,2026,Hungarian Grand Prix,Race,race,Williams,ALB,SAI,21.0,39.0,88.38,88.473,0.09300000000000352,MEDIUM,1.0,2.0,21,dry,green,16.0,16.0,15.0,16.0,
matched_pair,2026,Hungarian Grand Prix,Race,race,Williams,ALB,SAI,22.0,40.0,88.341,88.286,-0.05499999999999261,MEDIUM,1.0,2.0,22,dry,green,16.0,16.0,16.0,16.0,
matched_pair,2026,Hungarian Grand Prix,Race,race,Williams,ALB,SAI,23.0,41.0,88.522,88.622,0.09999999999999432,MEDIUM,1.0,2.0,23,dry,green,16.0,15.0,16.0,17.0,
matched_pair,2026,Hungarian Grand Prix,Race,race,Williams,ALB,SAI,24.0,42.0,88.227,87.53,-0.6970000000000027,MEDIUM,1.0,2.0,24,dry,green,15.0,15.0,17.0,17.0,
matched_pair,2026,Hungarian Grand Prix,Race,race,Williams,ALB,SAI,56.0,45.0,86.109,86.384,0.2750000000000057,SOFT,3.0,3.0,2,dry,green,19.0,18.0,19.0,19.0,
matched_pair,2026,Hungarian Grand Prix,Race,race,Williams,ALB,SAI,57.0,46.0,85.403,85.932,0.5289999999999964,SOFT,3.0,3.0,3,dry,green,18.0,18.0,19.0,19.0,
matched_pair,2026,Hungarian Grand Prix,Race,race,Williams,ALB,SAI,58.0,4.0,86.21,88.343,2.1330000000000098,SOFT,3.0,1.0,4,dry,green,18.0,18.0,18.0,18.0,
matched_pair,2026,Hungarian Grand Prix,Race,race,Williams,ALB,SAI,59.0,5.0,87.302,88.488,1.1859999999999928,SOFT,3.0,1.0,5,dry,green,18.0,18.0,18.0,18.0,
matched_pair,2026,Hungarian Grand Prix,Race,race,Williams,ALB,SAI,60.0,6.0,86.88,88.472,1.5919999999999987,SOFT,3.0,1.0,6,dry,green,18.0,18.0,18.0,18.0,
matched_pair,2026,Hungarian Grand Prix,Race,race,Williams,ALB,SAI,62.0,8.0,87.195,88.354,1.159000000000006,SOFT,3.0,1.0,8,dry,green,18.0,18.0,18.0,18.0,
matched_pair,2026,Hungarian Grand Prix,Race,race,Williams,ALB,SAI,63.0,9.0,87.27,88.193,0.9230000000000018,SOFT,3.0,1.0,9,dry,green,18.0,18.0,18.0,18.0,
matched_pair,2026,Hungarian Grand Prix,Race,race,Williams,ALB,SAI,64.0,10.0,87.094,88.12,1.0260000000000105,SOFT,3.0,1.0,10,dry,green,18.0,18.0,18.0,18.0,
matched_pair,2026,Hungarian Grand Prix,Race,race,Williams,ALB,SAI,65.0,11.0,87.159,87.946,0.7869999999999919,SOFT,3.0,1.0,11,dry,green,18.0,18.0,18.0,18.0,
matched_pair,2026,Hungarian Grand Prix,Race,race,Williams,ALB,SAI,66.0,12.0,87.7,88.121,0.42099999999999227,SOFT,3.0,1.0,12,dry,green,18.0,18.0,18.0,18.0,
matched_pair,2026,Hungarian Grand Prix,Race,race,Williams,ALB,SAI,67.0,13.0,87.881,88.374,0.492999999999995,SOFT,3.0,1.0,13,dry,green,18.0,18.0,18.0,18.0,
matched_pair,2026,Hungarian Grand Prix,Qualifying,qualifying,Alpine,COL,GAS,11.0,11.0,79.027,78.844,-0.18300000000000693,SOFT,4.0,4.0,2,dry,green,,,,,
matched_pair,2026,Hungarian Grand Prix,Qualifying,qualifying,Alpine,COL,GAS,2.0,2.0,80.261,80.529,0.2680000000000007,SOFT,1.0,1.0,2,dry,green,,,,,
matched_pair,2026,Hungarian Grand Prix,Qualifying,qualifying,Alpine,COL,GAS,5.0,5.0,79.771,79.741,-0.030000000000001137,SOFT,2.0,2.0,2,dry,green,,,,,
skipped_pair,2026,Hungarian Grand Prix,Qualifying,qualifying,Aston Martin,ALO,STR,,,,,,,,,,,,,,,,insufficient_matched_pairs
matched_pair,2026,Hungarian Grand Prix,Qualifying,qualifying,Audi,BOR,HUL,10.0,11.0,79.105,78.639,-0.4660000000000082,SOFT,4.0,4.0,2,dry,green,,,,,
matched_pair,2026,Hungarian Grand Prix,Qualifying,qualifying,Audi,BOR,HUL,2.0,2.0,79.476,79.47,-0.006000000000000227,SOFT,1.0,1.0,2,dry,green,,,,,
matched_pair,2026,Hungarian Grand Prix,Qualifying,qualifying,Audi,BOR,HUL,5.0,5.0,79.069,78.796,-0.27299999999999613,SOFT,2.0,2.0,2,dry,green,,,,,
matched_pair,2026,Hungarian Grand Prix,Qualifying,qualifying,Cadillac,BOT,PER,3.0,2.0,81.723,81.855,0.132000000000005,SOFT,1.0,1.0,3,dry,green,,,,,
matched_pair,2026,Hungarian Grand Prix,Qualifying,qualifying,Cadillac,BOT,PER,6.0,5.0,81.304,81.667,0.36299999999999955,SOFT,2.0,2.0,2,dry,green,,,,,
matched_pair,2026,Hungarian Grand Prix,Qualifying,qualifying,Cadillac,BOT,PER,9.0,8.0,80.886,81.322,0.43600000000000705,SOFT,3.0,3.0,2,dry,green,,,,,
matched_pair,2026,Hungarian Grand Prix,Qualifying,qualifying,Ferrari,HAM,LEC,11.0,16.0,77.219,77.445,0.2259999999999991,SOFT,4.0,5.0,2,dry,green,,,,,
matched_pair,2026,Hungarian Grand Prix,Qualifying,qualifying,Ferrari,HAM,LEC,14.0,19.0,78.906,77.753,-1.1530000000000058,SOFT,5.0,6.0,2,dry,green,,,,,
matched_pair,2026,Hungarian Grand Prix,Qualifying,qualifying,Ferrari,HAM,LEC,5.0,13.0,77.931,77.626,-0.3049999999999926,SOFT,2.0,4.0,2,dry,green,,,,,
skipped_pair,2026,Hungarian Grand Prix,Qualifying,qualifying,Haas F1 Team,BEA,OCO,,,,,,,,,,,,,,,,insufficient_matched_pairs
matched_pair,2026,Hungarian Grand Prix,Qualifying,qualifying,McLaren,NOR,PIA,12.0,12.0,77.32,77.684,0.3640000000000043,SOFT,4.0,4.0,2,dry,green,,,,,
matched_pair,2026,Hungarian Grand Prix,Qualifying,qualifying,McLaren,NOR,PIA,9.0,9.0,77.456,77.928,0.4719999999999942,SOFT,3.0,3.0,2,dry,green,,,,,
matched_pair,2026,Hungarian Grand Prix,Qualifying,qualifying,McLaren,NOR,PIA,3.0,3.0,78.277,78.891,0.6140000000000043,SOFT,1.0,1.0,3,dry,green,,,,,
matched_pair,2026,Hungarian Grand Prix,Qualifying,qualifying,Mercedes,ANT,RUS,16.0,16.0,77.579,77.76,0.1810000000000116,SOFT,5.0,5.0,2,dry,green,,,,,
matched_pair,2026,Hungarian Grand Prix,Qualifying,qualifying,Mercedes,ANT,RUS,13.0,10.0,78.393,78.645,0.25199999999999534,SOFT,4.0,3.0,2,dry,green,,,,,
matched_pair,2026,Hungarian Grand Prix,Qualifying,qualifying,Mercedes,ANT,RUS,3.0,3.0,78.726,78.922,0.19599999999999795,SOFT,1.0,1.0,3,dry,green,,,,,
matched_pair,2026,Hungarian Grand Prix,Qualifying,qualifying,Mercedes,ANT,RUS,6.0,6.0,78.554,78.856,0.3019999999999925,SOFT,2.0,2.0,2,dry,green,,,,,
matched_pair,2026,Hungarian Grand Prix,Qualifying,qualifying,Racing Bulls,LAW,LIN,11.0,11.0,78.765,78.36,-0.40500000000000114,SOFT,4.0,4.0,2,dry,green,,,,,
matched_pair,2026,Hungarian Grand Prix,Qualifying,qualifying,Racing Bulls,LAW,LIN,2.0,2.0,79.174,79.393,0.2189999999999941,SOFT,1.0,1.0,2,dry,green,,,,,
matched_pair,2026,Hungarian Grand Prix,Qualifying,qualifying,Racing Bulls,LAW,LIN,5.0,5.0,79.161,79.233,0.07200000000000273,SOFT,2.0,2.0,2,dry,green,,,,,
matched_pair,2026,Hungarian Grand Prix,Qualifying,qualifying,Red Bull Racing,HAD,VER,10.0,14.0,77.856,77.725,-0.13100000000000023,SOFT,4.0,5.0,2,dry,green,,,,,
matched_pair,2026,Hungarian Grand Prix,Qualifying,qualifying,Red Bull Racing,HAD,VER,7.0,8.0,77.872,78.249,0.37699999999999534,SOFT,3.0,3.0,2,dry,green,,,,,
matched_pair,2026,Hungarian Grand Prix,Qualifying,qualifying,Red Bull Racing,HAD,VER,2.0,2.0,78.754,78.656,-0.09799999999999898,SOFT,1.0,1.0,2,dry,green,,,,,
matched_pair,2026,Hungarian Grand Prix,Qualifying,qualifying,Williams,ALB,SAI,2.0,2.0,81.596,83.576,1.9799999999999898,SOFT,1.0,1.0,2,dry,green,,,,,
matched_pair,2026,Hungarian Grand Prix,Qualifying,qualifying,Williams,ALB,SAI,5.0,5.0,80.783,81.302,0.5190000000000055,SOFT,2.0,2.0,2,dry,green,,,,,
matched_pair,2026,Hungarian Grand Prix,Qualifying,qualifying,Williams,ALB,SAI,8.0,8.0,80.658,80.621,-0.03700000000000614,SOFT,3.0,3.0,2,dry,green,,,,,
matched_pair,2026,Dutch Grand Prix,Race,race,Alpine,COL,GAS,23.0,20.0,78.246,78.285,0.03900000000000148,HARD,4.0,3.0,2,dry,green,20.0,20.0,13.0,12.0,
matched_pair,2026,Dutch Grand Prix,Race,race,Alpine,COL,GAS,24.0,21.0,77.488,78.892,1.4039999999999964,HARD,4.0,3.0,3,dry,green,20.0,20.0,12.0,12.0,
matched_pair,2026,Dutch Grand Prix,Race,race,Alpine,COL,GAS,27.0,24.0,77.769,79.392,1.6229999999999905,HARD,4.0,3.0,6,dry,green,20.0,20.0,11.0,11.0,
matched_pair,2026,Dutch Grand Prix,Race,race,Alpine,COL,GAS,30.0,27.0,77.817,79.873,2.0560000000000116,HARD,4.0,3.0,9,dry,green,19.0,18.0,12.0,12.0,
matched_pair,2026,Dutch Grand Prix,Race,race,Alpine,COL,GAS,33.0,30.0,79.946,79.848,-0.09799999999999898,HARD,4.0,3.0,12,dry,green,18.0,18.0,13.0,12.0,
matched_pair,2026,Dutch Grand Prix,Race,race,Alpine,COL,GAS,36.0,33.0,78.417,78.942,0.5249999999999915,HARD,4.0,3.0,15,dry,green,17.0,16.0,12.0,12.0,
matched_pair,2026,Dutch Grand Prix,Race,race,Alpine,COL,GAS,39.0,36.0,78.339,77.634,-0.7049999999999983,HARD,4.0,3.0,18,dry,green,14.0,15.0,10.0,10.0,
matched_pair,2026,Dutch Grand Prix,Race,race,Alpine,COL,GAS,41.0,38.0,79.248,77.645,-1.6030000000000086,HARD,4.0,3.0,20,dry,green,17.0,17.0,10.0,10.0,
matched_pair,2026,Dutch Grand Prix,Race,race,Alpine,COL,GAS,42.0,39.0,78.259,80.193,1.9339999999999975,HARD,4.0,3.0,21,dry,green,17.0,17.0,10.0,10.0,
matched_pair,2026,Dutch Grand Prix,Race,race,Alpine,COL,GAS,43.0,40.0,78.635,78.112,-0.5230000000000103,HARD,4.0,3.0,22,dry,green,17.0,17.0,10.0,10.0,
matched_pair,2026,Dutch Grand Prix,Race,race,Alpine,COL,GAS,44.0,41.0,78.659,77.617,-1.0420000000000016,HARD,4.0,3.0,23,dry,green,17.0,17.0,10.0,10.0,
matched_pair,2026,Dutch Grand Prix,Race,race,Alpine,COL,GAS,10.0,48.0,78.881,76.568,-2.3130000000000024,MEDIUM,3.0,4.0,2,dry,green,20.0,20.0,11.0,11.0,
matched_pair,2026,Dutch Grand Prix,Race,race,Alpine,COL,GAS,11.0,49.0,79.523,76.39,-3.1329999999999956,MEDIUM,3.0,4.0,3,dry,green,20.0,20.0,11.0,11.0,
matched_pair,2026,Dutch Grand Prix,Race,race,Alpine,COL,GAS,7.0,7.0,79.163,78.536,-0.6269999999999953,MEDIUM,2.0,2.0,5,dry,green,10.0,10.0,8.0,8.0,
matched_pair,2026,Dutch Grand Prix,Race,race,Alpine,COL,GAS,13.0,51.0,79.316,76.809,-2.507000000000005,MEDIUM,3.0,4.0,5,dry,green,19.0,19.0,11.0,11.0,
matched_pair,2026,Dutch Grand Prix,Race,race,Alpine,COL,GAS,14.0,8.0,79.201,78.348,-0.8529999999999944,MEDIUM,3.0,2.0,6,dry,green,19.0,19.0,8.0,8.0,
matched_pair,2026,Dutch Grand Prix,Race,race,Alpine,COL,GAS,15.0,9.0,80.25,78.725,-1.5250000000000057,MEDIUM,3.0,2.0,7,dry,green,19.0,19.0,8.0,8.0,
matched_pair,2026,Dutch Grand Prix,Race,race,Alpine,COL,GAS,16.0,10.0,80.776,78.439,-2.3370000000000033,MEDIUM,3.0,2.0,8,dry,green,19.0,19.0,8.0,8.0,
matched_pair,2026,Dutch Grand Prix,Race,race,Alpine,COL,GAS,17.0,11.0,80.719,78.953,-1.7659999999999911,MEDIUM,3.0,2.0,9,dry,green,19.0,18.0,8.0,8.0,
matched_pair,2026,Dutch Grand Prix,Race,race,Alpine,COL,GAS,20.0,14.0,80.641,78.581,-2.0600000000000023,MEDIUM,3.0,2.0,12,dry,green,18.0,18.0,8.0,8.0,
matched_pair,2026,Dutch Grand Prix,Race,race,Alpine,COL,GAS,6.0,6.0,79.224,78.678,-0.5460000000000065,MEDIUM,2.0,2.0,4,wet,green,10.0,10.0,8.0,8.0,
matched_pair,2026,Dutch Grand Prix,Race,race,Aston Martin,ALO,STR,38.0,39.0,78.01,78.401,0.39099999999999113,HARD,3.0,4.0,4,dry,green,12.0,11.0,18.0,18.0,
matched_pair,2026,Dutch Grand Prix,Race,race,Aston Martin,ALO,STR,39.0,20.0,77.488,79.923,2.4350000000000023,HARD,3.0,3.0,5,dry,green,11.0,11.0,20.0,20.0,
matched_pair,2026,Dutch Grand Prix,Race,race,Aston Martin,ALO,STR,40.0,41.0,77.326,78.418,1.092000000000013,HARD,3.0,4.0,6,dry,green,11.0,11.0,18.0,18.0,
matched_pair,2026,Dutch Grand Prix,Race,race,Aston Martin,ALO,STR,41.0,22.0,77.117,79.736,2.6189999999999998,HARD,3.0,3.0,7,dry,green,11.0,11.0,19.0,19.0,
matched_pair,2026,Dutch Grand Prix,Race,race,Aston Martin,ALO,STR,43.0,24.0,77.611,79.801,2.1899999999999977,HARD,3.0,3.0,9,dry,green,11.0,11.0,19.0,18.0,
matched_pair,2026,Dutch Grand Prix,Race,race,Aston Martin,ALO,STR,46.0,27.0,77.206,78.861,1.6550000000000011,HARD,3.0,3.0,12,dry,green,10.0,10.0,17.0,17.0,
matched_pair,2026,Dutch Grand Prix,Race,race,Aston Martin,ALO,STR,47.0,28.0,77.535,78.596,1.061000000000007,HARD,3.0,3.0,13,dry,green,10.0,9.0,17.0,17.0,
matched_pair,2026,Dutch Grand Prix,Race,race,Aston Martin,ALO,STR,49.0,30.0,77.406,78.738,1.3319999999999936,HARD,3.0,3.0,15,dry,green,9.0,9.0,17.0,17.0,
matched_pair,2026,Dutch Grand Prix,Race,race,Aston Martin,ALO,STR,52.0,33.0,77.286,79.68,2.3940000000000055,HARD,3.0,3.0,18,dry,green,9.0,9.0,16.0,16.0,
matched_pair,2026,Dutch Grand Prix,Race,race,Aston Martin,ALO,STR,7.0,7.0,79.844,79.643,-0.2009999999999934,SOFT,2.0,2.0,5,dry,green,14.0,15.0,16.0,16.0,
matched_pair,2026,Dutch Grand Prix,Race,race,Aston Martin,ALO,STR,8.0,8.0,79.134,79.188,0.054000000000002046,SOFT,2.0,2.0,6,dry,green,15.0,15.0,16.0,16.0,
matched_pair,2026,Dutch Grand Prix,Race,race,Aston Martin,ALO,STR,9.0,9.0,78.975,79.15,0.17500000000001137,SOFT,2.0,2.0,7,dry,green,15.0,14.0,16.0,15.0,
matched_pair,2026,Dutch Grand Prix,Race,race,Aston Martin,ALO,STR,10.0,10.0,79.157,79.366,0.20900000000000318,SOFT,2.0,2.0,8,dry,green,14.0,14.0,15.0,15.0,
matched_pair,2026,Dutch Grand Prix,Race,race,Aston Martin,ALO,STR,11.0,11.0,79.182,79.192,0.009999999999990905,SOFT,2.0,2.0,9,dry,green,14.0,13.0,15.0,14.0,
matched_pair,2026,Dutch Grand Prix,Race,race,Aston Martin,ALO,STR,12.0,12.0,78.725,79.102,0.37700000000000955,SOFT,2.0,2.0,10,dry,green,13.0,13.0,14.0,14.0,
matched_pair,2026,Dutch Grand Prix,Race,race,Aston Martin,ALO,STR,13.0,13.0,79.01,79.692,0.681999999999988,SOFT,2.0,2.0,11,dry,green,13.0,13.0,14.0,14.0,
matched_pair,2026,Dutch Grand Prix,Race,race,Aston Martin,ALO,STR,14.0,14.0,79.026,79.291,0.26500000000000057,SOFT,2.0,2.0,12,dry,green,13.0,13.0,14.0,14.0,
matched_pair,2026,Dutch Grand Prix,Race,race,Aston Martin,ALO,STR,6.0,6.0,80.655,80.503,-0.15200000000000102,SOFT,2.0,2.0,4,wet,green,14.0,14.0,17.0,16.0,
matched_pair,2026,Dutch Grand Prix,Race,race,Audi,BOR,HUL,44.0,58.0,78.198,76.361,-1.836999999999989,HARD,4.0,4.0,10,dry,green,13.0,13.0,8.0,8.0,
matched_pair,2026,Dutch Grand Prix,Race,race,Audi,BOR,HUL,45.0,59.0,77.705,76.412,-1.2929999999999922,HARD,4.0,4.0,11,dry,green,13.0,12.0,8.0,8.0,
matched_pair,2026,Dutch Grand Prix,Race,race,Audi,BOR,HUL,47.0,61.0,77.656,76.065,-1.5910000000000082,HARD,4.0,4.0,13,dry,green,12.0,12.0,8.0,8.0,
matched_pair,2026,Dutch Grand Prix,Race,race,Audi,BOR,HUL,48.0,62.0,77.578,76.048,-1.5300000000000011,HARD,4.0,4.0,14,dry,green,12.0,12.0,8.0,8.0,
matched_pair,2026,Dutch Grand Prix,Race,race,Audi,BOR,HUL,49.0,63.0,77.436,76.052,-1.3840000000000003,HARD,4.0,4.0,15,dry,green,12.0,12.0,8.0,8.0,
matched_pair,2026,Dutch Grand Prix,Race,race,Audi,BOR,HUL,52.0,66.0,77.395,76.601,-0.7939999999999969,HARD,4.0,4.0,18,dry,green,12.0,12.0,8.0,8.0,
matched_pair,2026,Dutch Grand Prix,Race,race,Audi,BOR,HUL,7.0,7.0,78.77,78.798,0.028000000000005798,SOFT,2.0,2.0,5,dry,green,15.0,14.0,9.0,9.0,
matched_pair,2026,Dutch Grand Prix,Race,race,Audi,BOR,HUL,8.0,8.0,79.017,78.713,-0.30400000000000205,SOFT,2.0,2.0,6,dry,green,14.0,14.0,9.0,9.0,
matched_pair,2026,Dutch Grand Prix,Race,race,Audi,BOR,HUL,9.0,9.0,78.793,78.532,-0.2610000000000099,SOFT,2.0,2.0,7,dry,green,14.0,13.0,9.0,9.0,
matched_pair,2026,Dutch Grand Prix,Race,race,Audi,BOR,HUL,10.0,10.0,79.08,78.555,-0.5249999999999915,SOFT,2.0,2.0,8,dry,green,13.0,13.0,9.0,9.0,
matched_pair,2026,Dutch Grand Prix,Race,race,Audi,BOR,HUL,62.0,11.0,76.731,78.47,1.7390000000000043,SOFT,5.0,2.0,9,dry,green,13.0,13.0,9.0,9.0,
matched_pair,2026,Dutch Grand Prix,Race,race,Audi,BOR,HUL,63.0,12.0,77.067,78.46,1.3930000000000007,SOFT,5.0,2.0,10,dry,green,13.0,13.0,9.0,9.0,
matched_pair,2026,Dutch Grand Prix,Race,race,Audi,BOR,HUL,64.0,13.0,77.883,79.314,1.4309999999999974,SOFT,5.0,2.0,11,dry,green,13.0,13.0,9.0,9.0,
matched_pair,2026,Dutch Grand Prix,Race,race,Audi,BOR,HUL,65.0,14.0,77.443,79.353,1.9099999999999966,SOFT,5.0,2.0,12,dry,green,13.0,13.0,9.0,9.0,
matched_pair,2026,Dutch Grand Prix,Race,race,Audi,BOR,HUL,66.0,15.0,77.519,78.726,1.2069999999999936,SOFT,5.0,2.0,13,dry,green,13.0,13.0,9.0,9.0,
matched_pair,2026,Dutch Grand Prix,Race,race,Audi,BOR,HUL,67.0,16.0,77.598,78.568,0.9699999999999989,SOFT,5.0,2.0,14,dry,green,13.0,13.0,9.0,9.0,
matched_pair,2026,Dutch Grand Prix,Race,race,Audi,BOR,HUL,70.0,36.0,76.884,77.667,0.7830000000000013,SOFT,5.0,3.0,17,dry,green,13.0,13.0,8.0,8.0,
matched_pair,2026,Dutch Grand Prix,Race,race,Audi,BOR,HUL,6.0,6.0,80.273,78.831,-1.441999999999993,SOFT,2.0,2.0,4,wet,green,16.0,15.0,9.0,9.0,
matched_pair,2026,Dutch Grand Prix,Race,race,Cadillac,BOT,PER,30.0,31.0,79.366,77.891,-1.4749999999999943,HARD,3.0,3.0,2,dry,green,20.0,20.0,19.0,19.0,
matched_pair,2026,Dutch Grand Prix,Race,race,Cadillac,BOT,PER,31.0,32.0,78.788,78.15,-0.637999999999991,HARD,3.0,3.0,3,dry,green,20.0,20.0,19.0,19.0,
matched_pair,2026,Dutch Grand Prix,Race,race,Cadillac,BOT,PER,32.0,33.0,78.843,78.479,-0.3640000000000043,HARD,3.0,3.0,4,dry,green,20.0,20.0,19.0,19.0,
matched_pair,2026,Dutch Grand Prix,Race,race,Cadillac,BOT,PER,7.0,7.0,80.093,80.225,0.1319999999999908,HARD,2.0,2.0,5,dry,green,17.0,17.0,18.0,18.0,
matched_pair,2026,Dutch Grand Prix,Race,race,Cadillac,BOT,PER,8.0,8.0,79.902,79.939,0.03699999999999193,HARD,2.0,2.0,6,dry,green,17.0,17.0,18.0,19.0,
matched_pair,2026,Dutch Grand Prix,Race,race,Cadillac,BOT,PER,9.0,9.0,79.744,79.876,0.132000000000005,HARD,2.0,2.0,7,dry,green,17.0,17.0,19.0,18.0,
matched_pair,2026,Dutch Grand Prix,Race,race,Cadillac,BOT,PER,35.0,36.0,79.127,78.485,-0.6419999999999959,HARD,3.0,3.0,7,dry,green,20.0,20.0,19.0,19.0,
matched_pair,2026,Dutch Grand Prix,Race,race,Cadillac,BOT,PER,10.0,10.0,79.773,80.053,0.28000000000000114,HARD,2.0,2.0,8,dry,green,17.0,17.0,18.0,18.0,
matched_pair,2026,Dutch Grand Prix,Race,race,Cadillac,BOT,PER,11.0,11.0,79.717,79.923,0.20600000000000307,HARD,2.0,2.0,9,dry,green,17.0,17.0,18.0,18.0,
matched_pair,2026,Dutch Grand Prix,Race,race,Cadillac,BOT,PER,37.0,38.0,79.149,78.557,-0.5919999999999987,HARD,3.0,3.0,9,dry,green,20.0,20.0,19.0,19.0,
matched_pair,2026,Dutch Grand Prix,Race,race,Cadillac,BOT,PER,12.0,12.0,79.702,79.744,0.04200000000000159,HARD,2.0,2.0,10,dry,green,17.0,16.0,18.0,17.0,
matched_pair,2026,Dutch Grand Prix,Race,race,Cadillac,BOT,PER,38.0,39.0,79.361,78.476,-0.8850000000000051,HARD,3.0,3.0,10,dry,green,20.0,20.0,19.0,19.0,
matched_pair,2026,Dutch Grand Prix,Race,race,Cadillac,BOT,PER,13.0,13.0,79.869,80.977,1.108000000000004,HARD,2.0,2.0,11,dry,green,16.0,16.0,17.0,18.0,
matched_pair,2026,Dutch Grand Prix,Race,race,Cadillac,BOT,PER,14.0,14.0,80.338,80.185,-0.1529999999999916,HARD,2.0,2.0,12,dry,green,16.0,16.0,18.0,18.0,
matched_pair,2026,Dutch Grand Prix,Race,race,Cadillac,BOT,PER,40.0,41.0,79.487,79.082,-0.40500000000000114,HARD,3.0,3.0,12,dry,green,20.0,20.0,19.0,19.0,
matched_pair,2026,Dutch Grand Prix,Race,race,Cadillac,BOT,PER,15.0,15.0,81.452,80.149,-1.3029999999999973,HARD,2.0,2.0,13,dry,green,16.0,17.0,18.0,18.0,
matched_pair,2026,Dutch Grand Prix,Race,race,Cadillac,BOT,PER,41.0,42.0,79.991,78.809,-1.1820000000000022,HARD,3.0,3.0,13,dry,green,20.0,20.0,19.0,19.0,
matched_pair,2026,Dutch Grand Prix,Race,race,Cadillac,BOT,PER,16.0,16.0,80.398,80.19,-0.2079999999999984,HARD,2.0,2.0,14,dry,green,17.0,16.0,18.0,17.0,
matched_pair,2026,Dutch Grand Prix,Race,race,Cadillac,BOT,PER,42.0,43.0,79.716,78.936,-0.7799999999999869,HARD,3.0,3.0,14,dry,green,20.0,20.0,19.0,19.0,
matched_pair,2026,Dutch Grand Prix,Race,race,Cadillac,BOT,PER,17.0,17.0,80.206,80.751,0.5450000000000017,HARD,2.0,2.0,15,dry,green,16.0,15.0,17.0,17.0,
matched_pair,2026,Dutch Grand Prix,Race,race,Cadillac,BOT,PER,43.0,44.0,80.126,78.849,-1.277000000000001,HARD,3.0,3.0,15,dry,green,20.0,20.0,19.0,19.0,
matched_pair,2026,Dutch Grand Prix,Race,race,Cadillac,BOT,PER,44.0,45.0,79.985,78.934,-1.051000000000002,HARD,3.0,3.0,16,dry,green,20.0,20.0,19.0,18.0,
matched_pair,2026,Dutch Grand Prix,Race,race,Cadillac,BOT,PER,45.0,46.0,80.422,79.076,-1.3460000000000036,HARD,3.0,3.0,17,dry,green,20.0,20.0,18.0,17.0,
matched_pair,2026,Dutch Grand Prix,Race,race,Cadillac,BOT,PER,20.0,20.0,80.229,80.571,0.34199999999999875,HARD,2.0,2.0,18,dry,green,16.0,16.0,17.0,17.0,
matched_pair,2026,Dutch Grand Prix,Race,race,Cadillac,BOT,PER,46.0,47.0,79.962,78.967,-0.9950000000000045,HARD,3.0,3.0,18,dry,green,20.0,19.0,17.0,17.0,
matched_pair,2026,Dutch Grand Prix,Race,race,Cadillac,BOT,PER,21.0,21.0,80.093,80.664,0.570999999999998,HARD,2.0,2.0,19,dry,green,16.0,16.0,17.0,17.0,
matched_pair,2026,Dutch Grand Prix,Race,race,Cadillac,BOT,PER,47.0,48.0,80.215,79.206,-1.0090000000000003,HARD,3.0,3.0,19,dry,green,19.0,19.0,17.0,17.0,
matched_pair,2026,Dutch Grand Prix,Race,race,Cadillac,BOT,PER,22.0,22.0,80.366,80.009,-0.3569999999999993,HARD,2.0,2.0,20,dry,green,16.0,16.0,17.0,17.0,
matched_pair,2026,Dutch Grand Prix,Race,race,Cadillac,BOT,PER,48.0,49.0,79.803,79.295,-0.5079999999999956,HARD,3.0,3.0,20,dry,green,19.0,19.0,17.0,18.0,
matched_pair,2026,Dutch Grand Prix,Race,race,Cadillac,BOT,PER,24.0,24.0,80.209,81.51,1.301000000000002,HARD,2.0,2.0,22,dry,green,16.0,16.0,17.0,19.0,
matched_pair,2026,Dutch Grand Prix,Race,race,Cadillac,BOT,PER,50.0,51.0,80.283,78.961,-1.3220000000000027,HARD,3.0,3.0,22,dry,green,19.0,19.0,18.0,18.0,
matched_pair,2026,Dutch Grand Prix,Race,race,Cadillac,BOT,PER,26.0,26.0,81.049,80.362,-0.6870000000000118,HARD,2.0,2.0,24,dry,green,17.0,18.0,19.0,19.0,
matched_pair,2026,Dutch Grand Prix,Race,race,Cadillac,BOT,PER,27.0,27.0,80.538,80.139,-0.3990000000000009,HARD,2.0,2.0,25,dry,green,18.0,18.0,19.0,19.0,
matched_pair,2026,Dutch Grand Prix,Race,race,Cadillac,BOT,PER,6.0,6.0,80.786,81.018,0.23199999999999932,HARD,2.0,2.0,4,wet,green,18.0,17.0,19.0,18.0,
matched_pair,2026,Dutch Grand Prix,Race,race,Cadillac,BOT,PER,18.0,18.0,80.864,80.645,-0.2190000000000083,HARD,2.0,2.0,16,wet,green,15.0,15.0,17.0,17.0,
matched_pair,2026,Dutch Grand Prix,Race,race,Cadillac,BOT,PER,19.0,19.0,81.149,80.684,-0.4650000000000034,HARD,2.0,2.0,17,wet,green,15.0,16.0,17.0,17.0,
matched_pair,2026,Dutch Grand Prix,Race,race,Cadillac,BOT,PER,25.0,25.0,80.8,80.579,-0.22100000000000364,HARD,2.0,2.0,23,wet,green,16.0,17.0,19.0,19.0,
matched_pair,2026,Dutch Grand Prix,Race,race,Cadillac,BOT,PER,56.0,57.0,78.811,77.149,-1.6620000000000061,SOFT,4.0,4.0,5,dry,green,18.0,18.0,17.0,17.0,
matched_pair,2026,Dutch Grand Prix,Race,race,Cadillac,BOT,PER,57.0,58.0,79.685,79.672,-0.01300000000000523,SOFT,4.0,4.0,6,dry,green,18.0,18.0,17.0,17.0,
matched_pair,2026,Dutch Grand Prix,Race,race,Cadillac,BOT,PER,59.0,60.0,78.083,77.926,-0.15699999999999648,SOFT,4.0,4.0,8,dry,green,18.0,18.0,17.0,17.0,
matched_pair,2026,Dutch Grand Prix,Race,race,Cadillac,BOT,PER,60.0,61.0,77.822,78.274,0.4519999999999982,SOFT,4.0,4.0,9,dry,green,18.0,18.0,17.0,17.0,
matched_pair,2026,Dutch Grand Prix,Race,race,Ferrari,HAM,LEC,27.0,45.0,75.982,75.396,-0.5859999999999985,HARD,3.0,4.0,2,dry,green,6.0,6.0,6.0,5.0,
matched_pair,2026,Dutch Grand Prix,Race,race,Ferrari,HAM,LEC,28.0,46.0,75.566,75.493,-0.0730000000000075,HARD,3.0,4.0,3,dry,green,6.0,6.0,5.0,5.0,
matched_pair,2026,Dutch Grand Prix,Race,race,Ferrari,HAM,LEC,30.0,48.0,76.007,75.417,-0.5900000000000034,HARD,3.0,4.0,5,dry,green,6.0,6.0,5.0,5.0,
matched_pair,2026,Dutch Grand Prix,Race,race,Ferrari,HAM,LEC,31.0,49.0,75.666,75.134,-0.5319999999999965,HARD,3.0,4.0,6,dry,green,6.0,6.0,5.0,5.0,
matched_pair,2026,Dutch Grand Prix,Race,race,Ferrari,HAM,LEC,32.0,50.0,75.572,74.877,-0.6950000000000074,HARD,3.0,4.0,7,dry,green,6.0,6.0,5.0,5.0,
matched_pair,2026,Dutch Grand Prix,Race,race,Ferrari,HAM,LEC,58.0,58.0,75.442,74.426,-1.0159999999999911,SOFT,4.0,5.0,3,dry,green,4.0,4.0,5.0,5.0,
matched_pair,2026,Dutch Grand Prix,Race,race,Ferrari,HAM,LEC,59.0,59.0,74.882,75.02,0.13799999999999102,SOFT,4.0,5.0,4,dry,green,4.0,4.0,5.0,5.0,
matched_pair,2026,Dutch Grand Prix,Race,race,Ferrari,HAM,LEC,7.0,7.0,77.796,77.401,-0.39500000000001023,SOFT,2.0,2.0,5,dry,green,6.0,6.0,5.0,5.0,
matched_pair,2026,Dutch Grand Prix,Race,race,Ferrari,HAM,LEC,60.0,60.0,75.121,74.23,-0.8909999999999911,SOFT,4.0,5.0,5,dry,green,4.0,4.0,5.0,5.0,
matched_pair,2026,Dutch Grand Prix,Race,race,Ferrari,HAM,LEC,8.0,8.0,77.328,77.292,-0.036000000000001364,SOFT,2.0,2.0,6,dry,green,6.0,6.0,5.0,5.0,
matched_pair,2026,Dutch Grand Prix,Race,race,Ferrari,HAM,LEC,61.0,61.0,74.566,74.396,-0.1700000000000017,SOFT,4.0,5.0,6,dry,green,4.0,4.0,5.0,5.0,
matched_pair,2026,Dutch Grand Prix,Race,race,Ferrari,HAM,LEC,9.0,9.0,76.968,77.006,0.0379999999999967,SOFT,2.0,2.0,7,dry,green,6.0,6.0,5.0,5.0,
matched_pair,2026,Dutch Grand Prix,Race,race,Ferrari,HAM,LEC,62.0,62.0,74.652,74.555,-0.0969999999999942,SOFT,4.0,5.0,7,dry,green,4.0,4.0,5.0,5.0,
matched_pair,2026,Dutch Grand Prix,Race,race,Ferrari,HAM,LEC,10.0,10.0,77.499,77.235,-0.2639999999999958,SOFT,2.0,2.0,8,dry,green,6.0,6.0,5.0,5.0,
matched_pair,2026,Dutch Grand Prix,Race,race,Ferrari,HAM,LEC,63.0,63.0,74.709,74.432,-0.277000000000001,SOFT,4.0,5.0,8,dry,green,4.0,4.0,5.0,5.0,
matched_pair,2026,Dutch Grand Prix,Race,race,Ferrari,HAM,LEC,11.0,11.0,77.302,77.729,0.4269999999999925,SOFT,2.0,2.0,9,dry,green,6.0,6.0,5.0,5.0,
matched_pair,2026,Dutch Grand Prix,Race,race,Ferrari,HAM,LEC,64.0,64.0,74.984,74.694,-0.28999999999999204,SOFT,4.0,5.0,9,dry,green,4.0,4.0,5.0,5.0,
matched_pair,2026,Dutch Grand Prix,Race,race,Ferrari,HAM,LEC,12.0,12.0,77.561,77.358,-0.20300000000000296,SOFT,2.0,2.0,10,dry,green,6.0,6.0,5.0,5.0,
matched_pair,2026,Dutch Grand Prix,Race,race,Ferrari,HAM,LEC,65.0,65.0,74.834,74.728,-0.10600000000000875,SOFT,4.0,5.0,10,dry,green,4.0,4.0,5.0,5.0,
matched_pair,2026,Dutch Grand Prix,Race,race,Ferrari,HAM,LEC,13.0,13.0,77.286,77.254,-0.031999999999996476,SOFT,2.0,2.0,11,dry,green,6.0,6.0,5.0,5.0,
matched_pair,2026,Dutch Grand Prix,Race,race,Ferrari,HAM,LEC,66.0,66.0,75.311,74.687,-0.6240000000000094,SOFT,4.0,5.0,11,dry,green,4.0,4.0,5.0,5.0,
matched_pair,2026,Dutch Grand Prix,Race,race,Ferrari,HAM,LEC,14.0,14.0,77.508,77.609,0.10099999999999909,SOFT,2.0,2.0,12,dry,green,6.0,6.0,5.0,5.0,
matched_pair,2026,Dutch Grand Prix,Race,race,Ferrari,HAM,LEC,15.0,15.0,77.909,77.958,0.04899999999999238,SOFT,2.0,2.0,13,dry,green,6.0,6.0,5.0,5.0,
matched_pair,2026,Dutch Grand Prix,Race,race,Ferrari,HAM,LEC,68.0,68.0,75.984,75.186,-0.7979999999999876,SOFT,4.0,5.0,13,dry,green,4.0,4.0,5.0,5.0,
matched_pair,2026,Dutch Grand Prix,Race,race,Ferrari,HAM,LEC,16.0,16.0,77.751,77.331,-0.4200000000000017,SOFT,2.0,2.0,14,dry,green,6.0,6.0,5.0,5.0,
matched_pair,2026,Dutch Grand Prix,Race,race,Ferrari,HAM,LEC,17.0,17.0,77.806,77.943,0.13700000000000045,SOFT,2.0,2.0,15,dry,green,6.0,5.0,5.0,4.0,
matched_pair,2026,Dutch Grand Prix,Race,race,Ferrari,HAM,LEC,18.0,18.0,77.49,77.25,-0.23999999999999488,SOFT,2.0,2.0,16,dry,green,5.0,5.0,4.0,3.0,
matched_pair,2026,Dutch Grand Prix,Race,race,Ferrari,HAM,LEC,71.0,71.0,75.238,74.943,-0.2950000000000017,SOFT,4.0,5.0,16,dry,green,4.0,4.0,5.0,5.0,
matched_pair,2026,Dutch Grand Prix,Race,race,Ferrari,HAM,LEC,20.0,20.0,77.721,77.435,-0.28600000000000136,SOFT,2.0,2.0,18,dry,green,4.0,4.0,3.0,3.0,
matched_pair,2026,Dutch Grand Prix,Race,race,Ferrari,HAM,LEC,19.0,19.0,77.42,77.514,0.09399999999999409,SOFT,2.0,2.0,17,wet,green,5.0,4.0,3.0,3.0,
skipped_pair,2026,Dutch Grand Prix,Race,race,Haas F1 Team,BEA,OCO,,,,,,,,,,,,,,,,teammate_dnf_no_matched_laps
matched_pair,2026,Dutch Grand Prix,Race,race,McLaren,NOR,PIA,49.0,20.0,74.321,76.21,1.8889999999999958,HARD,4.0,3.0,2,dry,green,3.0,3.0,7.0,7.0,
matched_pair,2026,Dutch Grand Prix,Race,race,McLaren,NOR,PIA,24.0,21.0,76.266,76.351,0.08499999999999375,HARD,3.0,3.0,3,dry,green,3.0,3.0,7.0,6.0,
matched_pair,2026,Dutch Grand Prix,Race,race,McLaren,NOR,PIA,25.0,22.0,76.144,76.377,0.23299999999998988,HARD,3.0,3.0,4,dry,green,3.0,3.0,6.0,5.0,
matched_pair,2026,Dutch Grand Prix,Race,race,McLaren,NOR,PIA,52.0,7.0,75.385,77.005,1.6199999999999903,HARD,4.0,2.0,5,dry,green,3.0,3.0,3.0,3.0,
matched_pair,2026,Dutch Grand Prix,Race,race,McLaren,NOR,PIA,27.0,8.0,75.811,77.03,1.218999999999994,HARD,3.0,2.0,6,dry,green,2.0,2.0,3.0,3.0,
matched_pair,2026,Dutch Grand Prix,Race,race,McLaren,NOR,PIA,28.0,9.0,75.877,77.258,1.3810000000000002,HARD,3.0,2.0,7,dry,green,2.0,2.0,3.0,3.0,
matched_pair,2026,Dutch Grand Prix,Race,race,McLaren,NOR,PIA,29.0,10.0,76.145,77.344,1.198999999999998,HARD,3.0,2.0,8,dry,green,2.0,2.0,3.0,3.0,
matched_pair,2026,Dutch Grand Prix,Race,race,McLaren,NOR,PIA,31.0,12.0,76.316,77.221,0.9050000000000011,HARD,3.0,2.0,10,dry,green,2.0,2.0,3.0,3.0,
matched_pair,2026,Dutch Grand Prix,Race,race,McLaren,NOR,PIA,32.0,13.0,76.398,77.177,0.7790000000000106,HARD,3.0,2.0,11,dry,green,2.0,2.0,3.0,3.0,
matched_pair,2026,Dutch Grand Prix,Race,race,McLaren,NOR,PIA,33.0,14.0,76.82,77.24,0.4200000000000017,HARD,3.0,2.0,12,dry,green,2.0,2.0,3.0,3.0,
matched_pair,2026,Dutch Grand Prix,Race,race,McLaren,NOR,PIA,59.0,30.0,74.745,76.727,1.9819999999999993,HARD,4.0,3.0,12,dry,green,1.0,1.0,4.0,4.0,
matched_pair,2026,Dutch Grand Prix,Race,race,McLaren,NOR,PIA,34.0,15.0,76.47,77.442,0.9719999999999942,HARD,3.0,2.0,13,dry,green,2.0,2.0,3.0,3.0,
matched_pair,2026,Dutch Grand Prix,Race,race,McLaren,NOR,PIA,60.0,31.0,74.484,76.955,2.4710000000000036,HARD,4.0,3.0,13,dry,green,1.0,1.0,4.0,4.0,
matched_pair,2026,Dutch Grand Prix,Race,race,McLaren,NOR,PIA,61.0,16.0,74.76,77.506,2.745999999999995,HARD,4.0,2.0,14,dry,green,1.0,1.0,3.0,3.0,
matched_pair,2026,Dutch Grand Prix,Race,race,McLaren,NOR,PIA,62.0,17.0,74.869,77.465,2.5960000000000036,HARD,4.0,2.0,15,dry,green,1.0,1.0,3.0,3.0,
matched_pair,2026,Dutch Grand Prix,Race,race,McLaren,NOR,PIA,40.0,37.0,76.982,77.753,0.7710000000000008,HARD,3.0,3.0,19,dry,green,2.0,1.0,6.0,6.0,
matched_pair,2026,Dutch Grand Prix,Race,race,McLaren,NOR,PIA,41.0,38.0,76.299,77.337,1.0379999999999967,HARD,3.0,3.0,20,dry,green,1.0,1.0,6.0,6.0,
matched_pair,2026,Dutch Grand Prix,Race,race,McLaren,NOR,PIA,42.0,39.0,76.595,77.113,0.5180000000000007,HARD,3.0,3.0,21,dry,green,1.0,1.0,6.0,6.0,
matched_pair,2026,Dutch Grand Prix,Race,race,McLaren,NOR,PIA,43.0,40.0,76.335,77.304,0.9690000000000083,HARD,3.0,3.0,22,dry,green,1.0,1.0,6.0,6.0,
matched_pair,2026,Dutch Grand Prix,Race,race,McLaren,NOR,PIA,45.0,42.0,76.593,77.368,0.7749999999999915,HARD,3.0,3.0,24,dry,green,1.0,1.0,5.0,5.0,
matched_pair,2026,Dutch Grand Prix,Race,race,McLaren,NOR,PIA,46.0,43.0,76.72,77.58,0.8599999999999994,HARD,3.0,3.0,25,dry,green,1.0,1.0,5.0,5.0,
matched_pair,2026,Dutch Grand Prix,Race,race,McLaren,NOR,PIA,7.0,49.0,76.893,75.953,-0.9399999999999977,SOFT,2.0,4.0,5,dry,green,2.0,2.0,6.0,6.0,
matched_pair,2026,Dutch Grand Prix,Race,race,McLaren,NOR,PIA,8.0,50.0,76.747,75.801,-0.945999999999998,SOFT,2.0,4.0,6,dry,green,2.0,2.0,6.0,6.0,
matched_pair,2026,Dutch Grand Prix,Race,race,McLaren,NOR,PIA,9.0,62.0,76.666,75.247,-1.418999999999997,SOFT,2.0,5.0,7,dry,green,2.0,2.0,6.0,6.0,
matched_pair,2026,Dutch Grand Prix,Race,race,McLaren,NOR,PIA,10.0,52.0,76.895,75.839,-1.0559999999999974,SOFT,2.0,4.0,8,dry,green,2.0,2.0,6.0,6.0,
matched_pair,2026,Dutch Grand Prix,Race,race,McLaren,NOR,PIA,11.0,53.0,77.045,75.59,-1.4549999999999983,SOFT,2.0,4.0,9,dry,green,2.0,2.0,6.0,6.0,
matched_pair,2026,Dutch Grand Prix,Race,race,McLaren,NOR,PIA,12.0,65.0,77.07,75.435,-1.634999999999991,SOFT,2.0,5.0,10,dry,green,2.0,2.0,6.0,6.0,
matched_pair,2026,Dutch Grand Prix,Race,race,McLaren,NOR,PIA,13.0,66.0,77.065,74.889,-2.176000000000002,SOFT,2.0,5.0,11,dry,green,2.0,2.0,6.0,6.0,
matched_pair,2026,Dutch Grand Prix,Race,race,McLaren,NOR,PIA,14.0,67.0,77.241,74.863,-2.378,SOFT,2.0,5.0,12,dry,green,2.0,2.0,6.0,6.0,
matched_pair,2026,Dutch Grand Prix,Race,race,McLaren,NOR,PIA,15.0,68.0,77.192,75.154,-2.0379999999999967,SOFT,2.0,5.0,13,dry,green,2.0,2.0,6.0,6.0,
matched_pair,2026,Dutch Grand Prix,Race,race,McLaren,NOR,PIA,18.0,71.0,77.442,74.878,-2.563999999999993,SOFT,2.0,5.0,16,dry,green,2.0,2.0,6.0,6.0,
matched_pair,2026,Dutch Grand Prix,Race,race,Mercedes,ANT,RUS,42.0,42.0,75.7,75.824,0.12399999999999523,HARD,4.0,4.0,2,dry,green,4.0,4.0,6.0,6.0,
matched_pair,2026,Dutch Grand Prix,Race,race,Mercedes,ANT,RUS,24.0,20.0,76.145,76.569,0.4240000000000066,HARD,3.0,3.0,3,dry,green,2.0,2.0,6.0,6.0,
matched_pair,2026,Dutch Grand Prix,Race,race,Mercedes,ANT,RUS,43.0,43.0,75.887,75.415,-0.4719999999999942,HARD,4.0,4.0,3,dry,green,4.0,4.0,6.0,6.0,
matched_pair,2026,Dutch Grand Prix,Race,race,Mercedes,ANT,RUS,25.0,21.0,76.265,76.545,0.28000000000000114,HARD,3.0,3.0,4,dry,green,2.0,1.0,6.0,5.0,
matched_pair,2026,Dutch Grand Prix,Race,race,Mercedes,ANT,RUS,45.0,22.0,76.105,76.417,0.3119999999999976,HARD,4.0,3.0,5,dry,green,3.0,3.0,5.0,4.0,
matched_pair,2026,Dutch Grand Prix,Race,race,Mercedes,ANT,RUS,27.0,46.0,76.124,75.393,-0.7309999999999945,HARD,3.0,4.0,6,dry,green,1.0,1.0,4.0,4.0,
matched_pair,2026,Dutch Grand Prix,Race,race,Mercedes,ANT,RUS,28.0,24.0,76.195,76.615,0.4200000000000017,HARD,3.0,3.0,7,dry,green,1.0,1.0,4.0,4.0,
matched_pair,2026,Dutch Grand Prix,Race,race,Mercedes,ANT,RUS,47.0,47.0,75.959,75.583,-0.3760000000000048,HARD,4.0,4.0,7,dry,green,3.0,3.0,4.0,4.0,
matched_pair,2026,Dutch Grand Prix,Race,race,Mercedes,ANT,RUS,29.0,25.0,76.173,76.663,0.4899999999999949,HARD,3.0,3.0,8,dry,green,1.0,1.0,4.0,4.0,
matched_pair,2026,Dutch Grand Prix,Race,race,Mercedes,ANT,RUS,48.0,48.0,75.974,75.825,-0.1490000000000009,HARD,4.0,4.0,8,dry,green,3.0,2.0,4.0,4.0,
matched_pair,2026,Dutch Grand Prix,Race,race,Mercedes,ANT,RUS,49.0,49.0,75.85,75.533,-0.31699999999999307,HARD,4.0,4.0,9,dry,green,2.0,2.0,4.0,4.0,
matched_pair,2026,Dutch Grand Prix,Race,race,Mercedes,ANT,RUS,31.0,27.0,76.081,76.517,0.43599999999999284,HARD,3.0,3.0,10,dry,green,1.0,1.0,3.0,3.0,
matched_pair,2026,Dutch Grand Prix,Race,race,Mercedes,ANT,RUS,50.0,50.0,75.942,75.571,-0.3709999999999951,HARD,4.0,4.0,10,dry,green,2.0,2.0,4.0,4.0,
matched_pair,2026,Dutch Grand Prix,Race,race,Mercedes,ANT,RUS,32.0,28.0,76.444,76.703,0.25900000000000034,HARD,3.0,3.0,11,dry,green,1.0,1.0,3.0,3.0,
matched_pair,2026,Dutch Grand Prix,Race,race,Mercedes,ANT,RUS,33.0,52.0,76.604,75.662,-0.9419999999999931,HARD,3.0,4.0,12,dry,green,1.0,1.0,4.0,4.0,
matched_pair,2026,Dutch Grand Prix,Race,race,Mercedes,ANT,RUS,34.0,30.0,76.404,76.595,0.1910000000000025,HARD,3.0,3.0,13,dry,green,1.0,1.0,3.0,3.0,
matched_pair,2026,Dutch Grand Prix,Race,race,Mercedes,ANT,RUS,53.0,53.0,76.34,75.546,-0.7939999999999969,HARD,4.0,4.0,13,dry,green,2.0,2.0,4.0,4.0,
matched_pair,2026,Dutch Grand Prix,Race,race,Mercedes,ANT,RUS,38.0,34.0,76.406,76.857,0.4509999999999934,HARD,3.0,3.0,17,dry,green,1.0,1.0,3.0,3.0,
matched_pair,2026,Dutch Grand Prix,Race,race,Mercedes,ANT,RUS,39.0,58.0,76.714,75.581,-1.1329999999999956,HARD,3.0,4.0,18,dry,green,1.0,1.0,2.0,2.0,
matched_pair,2026,Dutch Grand Prix,Race,race,Mercedes,ANT,RUS,23.0,19.0,75.804,76.182,0.3780000000000001,HARD,3.0,3.0,2,wet,green,2.0,2.0,7.0,6.0,
matched_pair,2026,Dutch Grand Prix,Race,race,Mercedes,ANT,RUS,51.0,51.0,75.765,75.623,-0.1419999999999959,HARD,4.0,4.0,11,wet,green,2.0,2.0,4.0,4.0,
matched_pair,2026,Dutch Grand Prix,Race,race,Mercedes,ANT,RUS,7.0,7.0,76.681,77.544,0.8629999999999995,MEDIUM,2.0,2.0,5,dry,green,1.0,1.0,4.0,4.0,
matched_pair,2026,Dutch Grand Prix,Race,race,Mercedes,ANT,RUS,8.0,8.0,76.803,77.314,0.5109999999999957,MEDIUM,2.0,2.0,6,dry,green,1.0,1.0,4.0,4.0,
matched_pair,2026,Dutch Grand Prix,Race,race,Mercedes,ANT,RUS,9.0,9.0,76.552,76.981,0.42899999999998784,MEDIUM,2.0,2.0,7,dry,green,1.0,1.0,4.0,4.0,
matched_pair,2026,Dutch Grand Prix,Race,race,Mercedes,ANT,RUS,10.0,10.0,76.719,77.349,0.6300000000000097,MEDIUM,2.0,2.0,8,dry,green,1.0,1.0,4.0,4.0,
matched_pair,2026,Dutch Grand Prix,Race,race,Mercedes,ANT,RUS,11.0,11.0,76.708,77.534,0.8260000000000076,MEDIUM,2.0,2.0,9,dry,green,1.0,1.0,4.0,4.0,
matched_pair,2026,Dutch Grand Prix,Race,race,Mercedes,ANT,RUS,12.0,12.0,76.869,77.289,0.4200000000000017,MEDIUM,2.0,2.0,10,dry,green,1.0,1.0,4.0,4.0,
matched_pair,2026,Dutch Grand Prix,Race,race,Mercedes,ANT,RUS,13.0,13.0,77.058,77.422,0.3639999999999901,MEDIUM,2.0,2.0,11,dry,green,1.0,1.0,4.0,4.0,
matched_pair,2026,Dutch Grand Prix,Race,race,Mercedes,ANT,RUS,14.0,14.0,76.981,77.621,0.6400000000000006,MEDIUM,2.0,2.0,12,dry,green,1.0,1.0,4.0,4.0,
matched_pair,2026,Dutch Grand Prix,Race,race,Mercedes,ANT,RUS,15.0,15.0,77.223,77.792,0.5690000000000026,MEDIUM,2.0,2.0,13,dry,green,1.0,1.0,4.0,4.0,
matched_pair,2026,Dutch Grand Prix,Race,race,Mercedes,ANT,RUS,16.0,16.0,77.366,77.656,0.29000000000000625,MEDIUM,2.0,2.0,14,dry,green,1.0,1.0,4.0,4.0,
matched_pair,2026,Dutch Grand Prix,Race,race,Racing Bulls,LIN,TSU,39.0,21.0,78.312,78.163,-0.1490000000000009,HARD,4.0,3.0,3,dry,green,16.0,16.0,14.0,14.0,
matched_pair,2026,Dutch Grand Prix,Race,race,Racing Bulls,LIN,TSU,42.0,24.0,78.374,79.004,0.6300000000000097,HARD,4.0,3.0,6,dry,green,14.0,14.0,14.0,14.0,
matched_pair,2026,Dutch Grand Prix,Race,race,Racing Bulls,LIN,TSU,44.0,26.0,77.66,79.855,2.1950000000000074,HARD,4.0,3.0,8,dry,green,14.0,14.0,14.0,14.0,
matched_pair,2026,Dutch Grand Prix,Race,race,Racing Bulls,LIN,TSU,45.0,27.0,77.489,80.094,2.6049999999999898,HARD,4.0,3.0,9,dry,green,14.0,14.0,14.0,13.0,
matched_pair,2026,Dutch Grand Prix,Race,race,Racing Bulls,LIN,TSU,46.0,28.0,77.298,79.729,2.4309999999999974,HARD,4.0,3.0,10,dry,green,14.0,14.0,13.0,12.0,
matched_pair,2026,Dutch Grand Prix,Race,race,Racing Bulls,LIN,TSU,49.0,31.0,77.374,78.295,0.9210000000000065,HARD,4.0,3.0,13,dry,green,14.0,13.0,10.0,10.0,
matched_pair,2026,Dutch Grand Prix,Race,race,Racing Bulls,LIN,TSU,51.0,33.0,77.655,77.851,0.19599999999999795,HARD,4.0,3.0,15,dry,green,13.0,13.0,10.0,10.0,
matched_pair,2026,Dutch Grand Prix,Race,race,Racing Bulls,LIN,TSU,57.0,39.0,77.224,77.723,0.4989999999999952,HARD,4.0,3.0,21,dry,green,12.0,12.0,9.0,9.0,
matched_pair,2026,Dutch Grand Prix,Race,race,Racing Bulls,LIN,TSU,58.0,40.0,77.182,77.807,0.625,HARD,4.0,3.0,22,dry,green,12.0,12.0,9.0,9.0,
matched_pair,2026,Dutch Grand Prix,Race,race,Racing Bulls,LIN,TSU,59.0,41.0,76.986,77.909,0.9230000000000018,HARD,4.0,3.0,23,dry,green,12.0,12.0,9.0,9.0,
matched_pair,2026,Dutch Grand Prix,Race,race,Racing Bulls,LIN,TSU,60.0,42.0,76.653,77.871,1.2179999999999893,HARD,4.0,3.0,24,dry,green,12.0,12.0,9.0,9.0,
skipped_pair,2026,Dutch Grand Prix,Race,race,Red Bull Racing,LAW,VER,,,,,,,,,,,,,,,,missing_lap_time_data
matched_pair,2026,Dutch Grand Prix,Race,race,Williams,ALB,SAI,28.0,32.0,78.302,79.609,1.306999999999988,HARD,3.0,3.0,2,dry,green,15.0,15.0,17.0,17.0,
matched_pair,2026,Dutch Grand Prix,Race,race,Williams,ALB,SAI,8.0,36.0,79.109,78.4,-0.708999999999989,HARD,2.0,3.0,6,dry,green,12.0,11.0,18.0,17.0,
matched_pair,2026,Dutch Grand Prix,Race,race,Williams,ALB,SAI,9.0,37.0,78.739,78.346,-0.3930000000000007,HARD,2.0,3.0,7,dry,green,11.0,11.0,17.0,16.0,
matched_pair,2026,Dutch Grand Prix,Race,race,Williams,ALB,SAI,10.0,38.0,79.029,78.484,-0.5450000000000017,HARD,2.0,3.0,8,dry,green,11.0,11.0,16.0,15.0,
matched_pair,2026,Dutch Grand Prix,Race,race,Williams,ALB,SAI,11.0,39.0,79.062,78.097,-0.9650000000000034,HARD,2.0,3.0,9,dry,green,11.0,11.0,15.0,14.0,
matched_pair,2026,Dutch Grand Prix,Race,race,Williams,ALB,SAI,12.0,40.0,79.277,78.231,-1.0460000000000065,HARD,2.0,3.0,10,dry,green,11.0,11.0,14.0,14.0,
matched_pair,2026,Dutch Grand Prix,Race,race,Williams,ALB,SAI,13.0,41.0,79.215,79.361,0.1460000000000008,HARD,2.0,3.0,11,dry,green,11.0,11.0,14.0,15.0,
matched_pair,2026,Dutch Grand Prix,Race,race,Williams,ALB,SAI,14.0,42.0,79.316,78.421,-0.894999999999996,HARD,2.0,3.0,12,dry,green,11.0,11.0,15.0,15.0,
matched_pair,2026,Dutch Grand Prix,Race,race,Williams,ALB,SAI,15.0,43.0,79.374,79.612,0.23799999999999955,HARD,2.0,3.0,13,dry,green,11.0,11.0,15.0,16.0,
matched_pair,2026,Dutch Grand Prix,Race,race,Williams,ALB,SAI,16.0,44.0,79.158,79.758,0.5999999999999943,HARD,2.0,3.0,14,dry,green,11.0,11.0,16.0,16.0,
matched_pair,2026,Dutch Grand Prix,Race,race,Williams,ALB,SAI,17.0,45.0,79.066,78.403,-0.6629999999999967,HARD,2.0,3.0,15,dry,green,11.0,11.0,16.0,16.0,
matched_pair,2026,Dutch Grand Prix,Race,race,Williams,ALB,SAI,42.0,46.0,80.114,78.884,-1.230000000000004,HARD,3.0,3.0,16,dry,green,12.0,12.0,16.0,16.0,
matched_pair,2026,Dutch Grand Prix,Race,race,Williams,ALB,SAI,20.0,48.0,79.127,78.945,-0.18200000000000216,HARD,2.0,3.0,18,dry,green,9.0,8.0,16.0,16.0,
matched_pair,2026,Dutch Grand Prix,Race,race,Williams,ALB,SAI,21.0,49.0,79.001,78.32,-0.6810000000000116,HARD,2.0,3.0,19,dry,green,8.0,8.0,16.0,16.0,
matched_pair,2026,Dutch Grand Prix,Race,race,Williams,ALB,SAI,47.0,51.0,78.584,78.526,-0.058000000000006935,HARD,3.0,3.0,21,dry,green,13.0,13.0,15.0,15.0,
matched_pair,2026,Dutch Grand Prix,Race,race,Williams,ALB,SAI,24.0,52.0,80.071,78.318,-1.7530000000000001,HARD,2.0,3.0,22,dry,green,7.0,8.0,15.0,15.0,
matched_pair,2026,Dutch Grand Prix,Qualifying,qualifying,Alpine,COL,GAS,10.0,10.0,72.8,72.694,-0.10599999999999454,SOFT,4.0,4.0,2,dry,green,,,,,
matched_pair,2026,Dutch Grand Prix,Qualifying,qualifying,Alpine,COL,GAS,4.0,4.0,73.821,73.836,0.015000000000000568,SOFT,2.0,2.0,2,dry,green,,,,,
matched_pair,2026,Dutch Grand Prix,Qualifying,qualifying,Alpine,COL,GAS,7.0,7.0,73.322,73.115,-0.20700000000000784,SOFT,3.0,3.0,2,dry,green,,,,,
matched_pair,2026,Dutch Grand Prix,Qualifying,qualifying,Aston Martin,ALO,STR,3.0,3.0,74.635,75.131,0.4959999999999951,SOFT,1.0,1.0,3,dry,green,,,,,
matched_pair,2026,Dutch Grand Prix,Qualifying,qualifying,Aston Martin,ALO,STR,6.0,6.0,73.65,74.225,0.5749999999999886,SOFT,2.0,2.0,2,dry,green,,,,,
matched_pair,2026,Dutch Grand Prix,Qualifying,qualifying,Aston Martin,ALO,STR,9.0,9.0,73.682,73.818,0.13599999999999568,SOFT,3.0,3.0,2,dry,green,,,,,
skipped_pair,2026,Dutch Grand Prix,Qualifying,qualifying,Audi,BOR,HUL,,,,,,,,,,,,,,,,insufficient_matched_pairs
matched_pair,2026,Dutch Grand Prix,Qualifying,qualifying,Cadillac,BOT,PER,3.0,3.0,75.652,75.881,0.2289999999999992,SOFT,1.0,1.0,3,dry,green,,,,,
matched_pair,2026,Dutch Grand Prix,Qualifying,qualifying,Cadillac,BOT,PER,6.0,6.0,74.97,75.064,0.09399999999999409,SOFT,2.0,2.0,2,dry,green,,,,,
matched_pair,2026,Dutch Grand Prix,Qualifying,qualifying,Cadillac,BOT,PER,9.0,9.0,74.371,74.6,0.2289999999999992,SOFT,3.0,3.0,2,dry,green,,,,,
matched_pair,2026,Dutch Grand Prix,Qualifying,qualifying,Ferrari,HAM,LEC,20.0,18.0,72.11,71.667,-0.44299999999999784,SOFT,5.0,4.0,3,dry,green,,,,,
matched_pair,2026,Dutch Grand Prix,Qualifying,qualifying,Ferrari,HAM,LEC,24.0,22.0,71.494,71.558,0.06400000000000716,SOFT,6.0,5.0,3,dry,green,,,,,
matched_pair,2026,Dutch Grand Prix,Qualifying,qualifying,Ferrari,HAM,LEC,13.0,10.0,71.97,71.91,-0.060000000000002274,SOFT,3.0,2.0,3,dry,green,,,,,
skipped_pair,2026,Dutch Grand Prix,Qualifying,qualifying,Haas F1 Team,BEA,OCO,,,,,,,,,,,,,,,,insufficient_matched_pairs
matched_pair,2026,Dutch Grand Prix,Qualifying,qualifying,McLaren,NOR,PIA,17.0,17.0,71.344,71.577,0.2330000000000041,SOFT,5.0,5.0,2,dry,green,,,,,
matched_pair,2026,Dutch Grand Prix,Qualifying,qualifying,McLaren,NOR,PIA,20.0,20.0,71.163,71.305,0.14200000000001012,SOFT,6.0,6.0,2,dry,green,,,,,
matched_pair,2026,Dutch Grand Prix,Qualifying,qualifying,McLaren,NOR,PIA,11.0,11.0,71.86,71.834,-0.02599999999999625,SOFT,3.0,3.0,3,dry,green,,,,,
matched_pair,2026,Dutch Grand Prix,Qualifying,qualifying,McLaren,NOR,PIA,14.0,14.0,71.628,71.641,0.01300000000000523,SOFT,4.0,4.0,2,wet,green,,,,,
matched_pair,2026,Dutch Grand Prix,Qualifying,qualifying,Mercedes,ANT,RUS,17.0,16.0,71.675,71.495,-0.1799999999999926,SOFT,5.0,5.0,3,dry,green,,,,,
matched_pair,2026,Dutch Grand Prix,Qualifying,qualifying,Mercedes,ANT,RUS,20.0,19.0,71.296,71.265,-0.03100000000000591,SOFT,6.0,6.0,2,dry,green,,,,,
matched_pair,2026,Dutch Grand Prix,Qualifying,qualifying,Mercedes,ANT,RUS,9.0,9.0,72.39,71.959,-0.4309999999999974,SOFT,3.0,3.0,2,dry,green,,,,,
matched_pair,2026,Dutch Grand Prix,Qualifying,qualifying,Racing Bulls,LIN,TSU,11.0,11.0,72.525,72.706,0.18099999999999739,SOFT,4.0,4.0,2,dry,green,,,,,
matched_pair,2026,Dutch Grand Prix,Qualifying,qualifying,Racing Bulls,LIN,TSU,14.0,14.0,72.85,72.627,-0.22299999999999898,SOFT,5.0,5.0,2,dry,green,,,,,
matched_pair,2026,Dutch Grand Prix,Qualifying,qualifying,Racing Bulls,LIN,TSU,2.0,2.0,74.62,74.287,-0.3329999999999984,SOFT,1.0,1.0,2,dry,green,,,,,
matched_pair,2026,Dutch Grand Prix,Qualifying,qualifying,Racing Bulls,LIN,TSU,5.0,5.0,73.381,73.389,0.007999999999995566,SOFT,2.0,2.0,2,dry,green,,,,,
matched_pair,2026,Dutch Grand Prix,Qualifying,qualifying,Racing Bulls,LIN,TSU,8.0,8.0,73.074,73.085,0.01099999999999568,SOFT,3.0,3.0,2,dry,green,,,,,
matched_pair,2026,Dutch Grand Prix,Qualifying,qualifying,Red Bull Racing,LAW,VER,21.0,18.0,71.811,71.677,-0.13400000000000034,SOFT,5.0,4.0,3,dry,green,,,,,
matched_pair,2026,Dutch Grand Prix,Qualifying,qualifying,Red Bull Racing,LAW,VER,24.0,21.0,71.733,71.618,-0.1150000000000091,SOFT,6.0,5.0,2,dry,green,,,,,
matched_pair,2026,Dutch Grand Prix,Qualifying,qualifying,Red Bull Racing,LAW,VER,13.0,10.0,72.638,72.634,-0.0040000000000048885,SOFT,3.0,2.0,3,dry,green,,,,,
matched_pair,2026,Dutch Grand Prix,Qualifying,qualifying,Red Bull Racing,LAW,VER,17.0,14.0,72.301,71.874,-0.4270000000000067,SOFT,4.0,3.0,3,wet,green,,,,,
skipped_pair,2026,Dutch Grand Prix,Qualifying,qualifying,Williams,ALB,SAI,,,,,,,,,,,,,,,,insufficient_matched_pairs
